-(1+0.5*delta[10])*delta[0],0,0,0,0,0,0,0,0,0
0,-(1+0.5*delta[10])*delta[1],0,0,0,0,0,0,0,0
0,0,-(1+0.5*delta[10])*delta[2],0,0,0,0,0,0,0
0,0,0,-(1+0.5*delta[10])*delta[3],0,0,0,0,0,0
0,0,0,0,-(1+0.5*delta[10])*delta[4],0,0,0,0,0
0,0,0,0,0,-(1+0.5*delta[10])*delta[5],0,0,0,0
0,0,0,0,0,0,-(1+0.5*delta[10])*delta[6],0,0,0
0,0,0,0,0,0,0,-(1+0.5*delta[10])*delta[7],0,0
0,0,0,0,0,0,0,0,-(1+0.5*delta[10])*delta[8],0
0,0,0,0,0,0,0,0,0,-(1+0.5*delta[10])*delta[9]
-(1+delta[11])*delta[0],-(1+delta[11])*delta[1],-(1+delta[11])*delta[2],-(1+delta[11])*delta[3],0,0,0,0,0,0
-delta[12]*1.2,-delta[12]*1.1,-delta[12]*1.15,-delta[12]*1.3,-delta[12]*0.6,-delta[12]*1.1,-delta[12]*0.7,-delta[12]*0.9,-delta[12]*1.2,-delta[12]*0.8
-delta[13]*-0.3,-delta[13]*-0.25,-delta[13]*-0.2,-delta[13]*-0.35,-delta[13]*0.1,-delta[13]*0.15,-delta[13]*0.05,-delta[13]*0.2,-delta[13]*0.25,-delta[13]*0.1
-delta[14]*-0.4,-delta[14]*-0.3,-delta[14]*-0.35,-delta[14]*-0.5,-delta[14]*0.3,-delta[14]*0.4,-delta[14]*0.25,-delta[14]*0.5,-delta[14]*0.35,-delta[14]*0.2
