ticker,name,sector,role,beta,size,value
AAPL,Apple,Technology,Growth,1.2,-0.3,-0.4
MSFT,Microsoft,Technology,Growth,1.1,-0.25,-0.3
GOOGL,Alphabet,Technology,Growth,1.15,-0.2,-0.35
AMZN,Amazon,Consumer Discretionary,Growth,1.3,-0.35,-0.5
PG,Procter & Gamble,Consumer Staples,Defensive,0.6,0.1,0.3
JPM,JPMorgan Chase,Financials,Value,1.1,0.15,0.4
JNJ,Johnson & Johnson,Healthcare,Defensive,0.7,0.05,0.25
XOM,ExxonMobil,Energy,Value/Cyclical,0.9,0.2,0.5
CAT,Caterpillar,Industrials,Cyclical,1.2,0.25,0.35
MCD,McDonald's,Consumer Discretionary,Defensive,0.8,0.1,0.2
