0.000000000000000000e+00,0.000000000000000000e+00,0.000000000000000000e+00,0.000000000000000000e+00,0.000000000000000000e+00,1.000000000000000000e+00,1.000000000000000000e+00,0.000000000000000000e+00,-4.112119463901388272e+00,-1.018686577316898045e+00,-1.018686577316898045e+00,2.000000000000000000e+00,0.000000000000000000e+00,-2.056059731950694136e+00,-2.056059731950694136e+00,-2.037373154633796091e+00
0.000000000000000000e+00,0.000000000000000000e+00,0.000000000000000000e+00,0.000000000000000000e+00,0.000000000000000000e+00,1.000000000000000000e+00,1.000000000000000000e+00,0.000000000000000000e+00,-4.101785268712619725e+00,-1.016964211452103362e+00,-1.016964211452103362e+00,2.000000000000000000e+00,0.000000000000000000e+00,-2.050892634356309863e+00,-2.050892634356309863e+00,-2.033928422904206723e+00
0.000000000000000000e+00,0.000000000000000000e+00,0.000000000000000000e+00,0.000000000000000000e+00,0.000000000000000000e+00,1.000000000000000000e+00,1.000000000000000000e+00,0.000000000000000000e+00,-4.099266417871516133e+00,-1.016544402978586170e+00,-1.016544402978586170e+00,2.000000000000000000e+00,0.000000000000000000e+00,-2.049633208935758066e+00,-2.049633208935758066e+00,-2.033088805957172340e+00
0.000000000000000000e+00,0.000000000000000000e+00,0.000000000000000000e+00,0.000000000000000000e+00,0.000000000000000000e+00,1.000000000000000000e+00,1.000000000000000000e+00,0.000000000000000000e+00,-4.093053472563251916e+00,-1.015508912093875393e+00,-1.015508912093875393e+00,2.000000000000000000e+00,0.000000000000000000e+00,-2.046526736281625958e+00,-2.046526736281625958e+00,-2.031017824187750787e+00
0.000000000000000000e+00,0.000000000000000000e+00,0.000000000000000000e+00,0.000000000000000000e+00,0.000000000000000000e+00,1.000000000000000000e+00,1.000000000000000000e+00,0.000000000000000000e+00,-4.091382360719866718e+00,-1.015230393453311120e+00,-1.015230393453311120e+00,2.000000000000000000e+00,0.000000000000000000e+00,-2.045691180359933359e+00,-2.045691180359933359e+00,-2.030460786906622239e+00
0.000000000000000000e+00,0.000000000000000000e+00,0.000000000000000000e+00,0.000000000000000000e+00,0.000000000000000000e+00,1.000000000000000000e+00,1.000000000000000000e+00,0.000000000000000000e+00,-4.082877396977558249e+00,-1.013812899496259634e+00,-1.013812899496259634e+00,2.000000000000000000e+00,0.000000000000000000e+00,-2.041438698488779124e+00,-2.041438698488779124e+00,-2.027625798992519268e+00
0.000000000000000000e+00,0.000000000000000000e+00,0.000000000000000000e+00,0.000000000000000000e+00,0.000000000000000000e+00,1.000000000000000000e+00,1.000000000000000000e+00,0.000000000000000000e+00,-4.077805892378880692e+00,-1.012967648729813375e+00,-1.012967648729813375e+00,2.000000000000000000e+00,0.000000000000000000e+00,-2.038902946189440346e+00,-2.038902946189440346e+00,-2.025935297459626749e+00
0.000000000000000000e+00,0.000000000000000000e+00,0.000000000000000000e+00,0.000000000000000000e+00,0.000000000000000000e+00,1.000000000000000000e+00,1.000000000000000000e+00,0.000000000000000000e+00,-4.070825213281538346e+00,-1.011804202213589798e+00,-1.011804202213589798e+00,2.000000000000000000e+00,0.000000000000000000e+00,-2.035412606640769173e+00,-2.035412606640769173e+00,-2.023608404427179597e+00
0.000000000000000000e+00,0.000000000000000000e+00,0.000000000000000000e+00,0.000000000000000000e+00,0.000000000000000000e+00,1.000000000000000000e+00,1.000000000000000000e+00,0.000000000000000000e+00,-4.066600794579191103e+00,-1.011100132429865184e+00,-1.011100132429865184e+00,2.000000000000000000e+00,0.000000000000000000e+00,-2.033300397289595551e+00,-2.033300397289595551e+00,-2.022200264859730368e+00
0.000000000000000000e+00,0.000000000000000000e+00,0.000000000000000000e+00,0.000000000000000000e+00,0.000000000000000000e+00,1.000000000000000000e+00,1.000000000000000000e+00,0.000000000000000000e+00,-4.065406924413758283e+00,-1.010901154068959640e+00,-1.010901154068959640e+00,2.000000000000000000e+00,0.000000000000000000e+00,-2.032703462206879141e+00,-2.032703462206879141e+00,-2.021802308137919280e+00
0.000000000000000000e+00,0.000000000000000000e+00,0.000000000000000000e+00,0.000000000000000000e+00,0.000000000000000000e+00,1.000000000000000000e+00,1.000000000000000000e+00,0.000000000000000000e+00,-4.060168364526724361e+00,-1.010028060754454060e+00,-1.010028060754454060e+00,2.000000000000000000e+00,0.000000000000000000e+00,-2.030084182263362180e+00,-2.030084182263362180e+00,-2.020056121508908120e+00
0.000000000000000000e+00,0.000000000000000000e+00,0.000000000000000000e+00,0.000000000000000000e+00,0.000000000000000000e+00,1.000000000000000000e+00,1.000000000000000000e+00,0.000000000000000000e+00,-4.059936635518561765e+00,-1.009989439253093702e+00,-1.009989439253093702e+00,2.000000000000000000e+00,0.000000000000000000e+00,-2.029968317759280882e+00,-2.029968317759280882e+00,-2.019978878506187403e+00
0.000000000000000000e+00,0.000000000000000000e+00,0.000000000000000000e+00,0.000000000000000000e+00,0.000000000000000000e+00,1.000000000000000000e+00,1.000000000000000000e+00,0.000000000000000000e+00,-4.044691298553543923e+00,-1.007448549758924061e+00,-1.007448549758924061e+00,2.000000000000000000e+00,0.000000000000000000e+00,-2.022345649276771962e+00,-2.022345649276771962e+00,-2.014897099517848122e+00
0.000000000000000000e+00,0.000000000000000000e+00,0.000000000000000000e+00,0.000000000000000000e+00,0.000000000000000000e+00,1.000000000000000000e+00,1.000000000000000000e+00,0.000000000000000000e+00,-4.038227421969654785e+00,-1.006371236994942464e+00,-1.006371236994942464e+00,2.000000000000000000e+00,0.000000000000000000e+00,-2.019113710984827392e+00,-2.019113710984827392e+00,-2.012742473989884928e+00
0.000000000000000000e+00,0.000000000000000000e+00,0.000000000000000000e+00,0.000000000000000000e+00,0.000000000000000000e+00,1.000000000000000000e+00,1.000000000000000000e+00,0.000000000000000000e+00,-4.028796208339347373e+00,-1.004799368056557896e+00,-1.004799368056557896e+00,2.000000000000000000e+00,0.000000000000000000e+00,-2.014398104169673687e+00,-2.014398104169673687e+00,-2.009598736113115791e+00
0.000000000000000000e+00,0.000000000000000000e+00,0.000000000000000000e+00,0.000000000000000000e+00,0.000000000000000000e+00,1.000000000000000000e+00,1.000000000000000000e+00,0.000000000000000000e+00,-4.021557424694345073e+00,-1.003592904115724105e+00,-1.003592904115724105e+00,2.000000000000000000e+00,0.000000000000000000e+00,-2.010778712347172537e+00,-2.010778712347172537e+00,-2.007185808231448210e+00
0.000000000000000000e+00,0.000000000000000000e+00,0.000000000000000000e+00,0.000000000000000000e+00,0.000000000000000000e+00,1.000000000000000000e+00,1.000000000000000000e+00,0.000000000000000000e+00,-4.016981874661724738e+00,-1.002830312443620864e+00,-1.002830312443620864e+00,2.000000000000000000e+00,0.000000000000000000e+00,-2.008490937330862369e+00,-2.008490937330862369e+00,-2.005660624887241728e+00
0.000000000000000000e+00,0.000000000000000000e+00,0.000000000000000000e+00,0.000000000000000000e+00,0.000000000000000000e+00,1.000000000000000000e+00,1.000000000000000000e+00,0.000000000000000000e+00,-4.009784483346217954e+00,-1.001630747224369733e+00,-1.001630747224369733e+00,2.000000000000000000e+00,0.000000000000000000e+00,-2.004892241673108977e+00,-2.004892241673108977e+00,-2.003261494448739466e+00
0.000000000000000000e+00,0.000000000000000000e+00,0.000000000000000000e+00,0.000000000000000000e+00,0.000000000000000000e+00,1.000000000000000000e+00,1.000000000000000000e+00,0.000000000000000000e+00,-4.001643885532265799e+00,-1.000273980922044448e+00,-1.000273980922044448e+00,2.000000000000000000e+00,0.000000000000000000e+00,-2.000821942766132899e+00,-2.000821942766132899e+00,-2.000547961844088896e+00
0.000000000000000000e+00,0.000000000000000000e+00,0.000000000000000000e+00,0.000000000000000000e+00,0.000000000000000000e+00,1.000000000000000000e+00,1.000000000000000000e+00,0.000000000000000000e+00,-4.000301897762891024e+00,-1.000050316293815245e+00,-1.000050316293815245e+00,2.000000000000000000e+00,0.000000000000000000e+00,-2.000150948881445512e+00,-2.000150948881445512e+00,-2.000100632587630489e+00
0.000000000000000000e+00,0.000000000000000000e+00,0.000000000000000000e+00,0.000000000000000000e+00,0.000000000000000000e+00,1.000000000000000000e+00,1.000000000000000000e+00,0.000000000000000000e+00,-3.999696176606913234e+00,-9.999493627678188723e-01,-9.999493627678188723e-01,2.000000000000000000e+00,0.000000000000000000e+00,-1.999848088303456617e+00,-1.999848088303456617e+00,-1.999898725535637745e+00
0.000000000000000000e+00,0.000000000000000000e+00,0.000000000000000000e+00,0.000000000000000000e+00,0.000000000000000000e+00,1.000000000000000000e+00,1.000000000000000000e+00,0.000000000000000000e+00,-3.990284873555570933e+00,-9.983808122592618961e-01,-9.983808122592618961e-01,2.000000000000000000e+00,0.000000000000000000e+00,-1.995142436777785466e+00,-1.995142436777785466e+00,-1.996761624518523792e+00
0.000000000000000000e+00,0.000000000000000000e+00,0.000000000000000000e+00,0.000000000000000000e+00,0.000000000000000000e+00,1.000000000000000000e+00,1.000000000000000000e+00,0.000000000000000000e+00,-3.988665699950435073e+00,-9.981109499917392158e-01,-9.981109499917392158e-01,2.000000000000000000e+00,0.000000000000000000e+00,-1.994332849975217536e+00,-1.994332849975217536e+00,-1.996221899983478432e+00
0.000000000000000000e+00,0.000000000000000000e+00,0.000000000000000000e+00,0.000000000000000000e+00,0.000000000000000000e+00,1.000000000000000000e+00,1.000000000000000000e+00,0.000000000000000000e+00,-3.981284718068835549e+00,-9.968807863448059248e-01,-9.968807863448059248e-01,2.000000000000000000e+00,0.000000000000000000e+00,-1.990642359034417774e+00,-1.990642359034417774e+00,-1.993761572689611850e+00
0.000000000000000000e+00,0.000000000000000000e+00,0.000000000000000000e+00,0.000000000000000000e+00,0.000000000000000000e+00,1.000000000000000000e+00,1.000000000000000000e+00,0.000000000000000000e+00,-3.959597372777234003e+00,-9.932662287962057412e-01,-9.932662287962057412e-01,2.000000000000000000e+00,0.000000000000000000e+00,-1.979798686388617002e+00,-1.979798686388617002e+00,-1.986532457592411482e+00
0.000000000000000000e+00,0.000000000000000000e+00,0.000000000000000000e+00,0.000000000000000000e+00,0.000000000000000000e+00,1.000000000000000000e+00,1.000000000000000000e+00,0.000000000000000000e+00,-3.957530291616739859e+00,-9.929217152694566062e-01,-9.929217152694566062e-01,2.000000000000000000e+00,0.000000000000000000e+00,-1.978765145808369930e+00,-1.978765145808369930e+00,-1.985843430538913212e+00
0.000000000000000000e+00,0.000000000000000000e+00,0.000000000000000000e+00,0.000000000000000000e+00,0.000000000000000000e+00,1.000000000000000000e+00,1.000000000000000000e+00,0.000000000000000000e+00,-3.947227841127700643e+00,-9.912046401879500701e-01,-9.912046401879500701e-01,2.000000000000000000e+00,0.000000000000000000e+00,-1.973613920563850321e+00,-1.973613920563850321e+00,-1.982409280375900140e+00
0.000000000000000000e+00,0.000000000000000000e+00,0.000000000000000000e+00,0.000000000000000000e+00,0.000000000000000000e+00,1.000000000000000000e+00,1.000000000000000000e+00,0.000000000000000000e+00,-3.946295188037403534e+00,-9.910491980062339223e-01,-9.910491980062339223e-01,2.000000000000000000e+00,0.000000000000000000e+00,-1.973147594018701767e+00,-1.973147594018701767e+00,-1.982098396012467845e+00
0.000000000000000000e+00,0.000000000000000000e+00,0.000000000000000000e+00,0.000000000000000000e+00,0.000000000000000000e+00,1.000000000000000000e+00,1.000000000000000000e+00,0.000000000000000000e+00,-3.942238504692537227e+00,-9.903730841154227971e-01,-9.903730841154227971e-01,2.000000000000000000e+00,0.000000000000000000e+00,-1.971119252346268613e+00,-1.971119252346268613e+00,-1.980746168230845594e+00
0.000000000000000000e+00,0.000000000000000000e+00,0.000000000000000000e+00,0.000000000000000000e+00,0.000000000000000000e+00,1.000000000000000000e+00,1.000000000000000000e+00,0.000000000000000000e+00,-3.941438450081389266e+00,-9.902397416802315444e-01,-9.902397416802315444e-01,2.000000000000000000e+00,0.000000000000000000e+00,-1.970719225040694633e+00,-1.970719225040694633e+00,-1.980479483360463089e+00
0.000000000000000000e+00,0.000000000000000000e+00,0.000000000000000000e+00,0.000000000000000000e+00,0.000000000000000000e+00,1.000000000000000000e+00,1.000000000000000000e+00,0.000000000000000000e+00,-3.937748798774406200e+00,-9.896247997957343667e-01,-9.896247997957343667e-01,2.000000000000000000e+00,0.000000000000000000e+00,-1.968874399387203100e+00,-1.968874399387203100e+00,-1.979249599591468733e+00
0.000000000000000000e+00,0.000000000000000000e+00,0.000000000000000000e+00,0.000000000000000000e+00,0.000000000000000000e+00,1.000000000000000000e+00,1.000000000000000000e+00,0.000000000000000000e+00,-3.934987861979514445e+00,-9.891646436632524075e-01,-9.891646436632524075e-01,2.000000000000000000e+00,0.000000000000000000e+00,-1.967493930989757223e+00,-1.967493930989757223e+00,-1.978329287326504815e+00
0.000000000000000000e+00,0.000000000000000000e+00,0.000000000000000000e+00,0.000000000000000000e+00,0.000000000000000000e+00,1.000000000000000000e+00,1.000000000000000000e+00,0.000000000000000000e+00,-3.932403097319645546e+00,-9.887338495532742577e-01,-9.887338495532742577e-01,2.000000000000000000e+00,0.000000000000000000e+00,-1.966201548659822773e+00,-1.966201548659822773e+00,-1.977467699106548515e+00
0.000000000000000000e+00,0.000000000000000000e+00,0.000000000000000000e+00,0.000000000000000000e+00,0.000000000000000000e+00,1.000000000000000000e+00,1.000000000000000000e+00,0.000000000000000000e+00,-3.920677188953607395e+00,-9.867795314922679362e-01,-9.867795314922679362e-01,2.000000000000000000e+00,0.000000000000000000e+00,-1.960338594476803697e+00,-1.960338594476803697e+00,-1.973559062984535872e+00
0.000000000000000000e+00,0.000000000000000000e+00,0.000000000000000000e+00,0.000000000000000000e+00,0.000000000000000000e+00,1.000000000000000000e+00,1.000000000000000000e+00,0.000000000000000000e+00,-3.918386043444387568e+00,-9.863976739073979649e-01,-9.863976739073979649e-01,2.000000000000000000e+00,0.000000000000000000e+00,-1.959193021722193784e+00,-1.959193021722193784e+00,-1.972795347814795930e+00
0.000000000000000000e+00,0.000000000000000000e+00,0.000000000000000000e+00,0.000000000000000000e+00,0.000000000000000000e+00,1.000000000000000000e+00,1.000000000000000000e+00,0.000000000000000000e+00,-3.911122289839947364e+00,-9.851870483066578199e-01,-9.851870483066578199e-01,2.000000000000000000e+00,0.000000000000000000e+00,-1.955561144919973682e+00,-1.955561144919973682e+00,-1.970374096613315640e+00
0.000000000000000000e+00,0.000000000000000000e+00,0.000000000000000000e+00,0.000000000000000000e+00,0.000000000000000000e+00,1.000000000000000000e+00,1.000000000000000000e+00,0.000000000000000000e+00,-3.882451814953700175e+00,-9.804086358256167699e-01,-9.804086358256167699e-01,2.000000000000000000e+00,0.000000000000000000e+00,-1.941225907476850088e+00,-1.941225907476850088e+00,-1.960817271651233540e+00
0.000000000000000000e+00,0.000000000000000000e+00,0.000000000000000000e+00,0.000000000000000000e+00,0.000000000000000000e+00,1.000000000000000000e+00,1.000000000000000000e+00,0.000000000000000000e+00,-3.882235534418983391e+00,-9.803725890698306022e-01,-9.803725890698306022e-01,2.000000000000000000e+00,0.000000000000000000e+00,-1.941117767209491696e+00,-1.941117767209491696e+00,-1.960745178139661204e+00
0.000000000000000000e+00,0.000000000000000000e+00,0.000000000000000000e+00,0.000000000000000000e+00,0.000000000000000000e+00,1.000000000000000000e+00,1.000000000000000000e+00,0.000000000000000000e+00,-3.880728579646800291e+00,-9.801214299411333819e-01,-9.801214299411333819e-01,2.000000000000000000e+00,0.000000000000000000e+00,-1.940364289823400146e+00,-1.940364289823400146e+00,-1.960242859882266764e+00
0.000000000000000000e+00,0.000000000000000000e+00,0.000000000000000000e+00,0.000000000000000000e+00,0.000000000000000000e+00,1.000000000000000000e+00,1.000000000000000000e+00,0.000000000000000000e+00,-3.880334135125258488e+00,-9.800556891875430443e-01,-9.800556891875430443e-01,2.000000000000000000e+00,0.000000000000000000e+00,-1.940167067562629244e+00,-1.940167067562629244e+00,-1.960111378375086089e+00
0.000000000000000000e+00,0.000000000000000000e+00,0.000000000000000000e+00,0.000000000000000000e+00,0.000000000000000000e+00,1.000000000000000000e+00,1.000000000000000000e+00,0.000000000000000000e+00,-3.869351375544245020e+00,-9.782252292573740959e-01,-9.782252292573740959e-01,2.000000000000000000e+00,0.000000000000000000e+00,-1.934675687772122510e+00,-1.934675687772122510e+00,-1.956450458514748192e+00
0.000000000000000000e+00,0.000000000000000000e+00,0.000000000000000000e+00,0.000000000000000000e+00,0.000000000000000000e+00,1.000000000000000000e+00,1.000000000000000000e+00,0.000000000000000000e+00,-3.864078892605931514e+00,-9.773464821009885117e-01,-9.773464821009885117e-01,2.000000000000000000e+00,0.000000000000000000e+00,-1.932039446302965757e+00,-1.932039446302965757e+00,-1.954692964201977023e+00
0.000000000000000000e+00,0.000000000000000000e+00,0.000000000000000000e+00,0.000000000000000000e+00,0.000000000000000000e+00,1.000000000000000000e+00,1.000000000000000000e+00,0.000000000000000000e+00,-3.860577962523235929e+00,-9.767629937538726548e-01,-9.767629937538726548e-01,2.000000000000000000e+00,0.000000000000000000e+00,-1.930288981261617964e+00,-1.930288981261617964e+00,-1.953525987507745310e+00
0.000000000000000000e+00,0.000000000000000000e+00,0.000000000000000000e+00,0.000000000000000000e+00,0.000000000000000000e+00,1.000000000000000000e+00,1.000000000000000000e+00,0.000000000000000000e+00,-3.857147345116424209e+00,-9.761912241860707384e-01,-9.761912241860707384e-01,2.000000000000000000e+00,0.000000000000000000e+00,-1.928573672558212104e+00,-1.928573672558212104e+00,-1.952382448372141477e+00
0.000000000000000000e+00,0.000000000000000000e+00,0.000000000000000000e+00,0.000000000000000000e+00,0.000000000000000000e+00,1.000000000000000000e+00,1.000000000000000000e+00,0.000000000000000000e+00,-3.845989690128260197e+00,-9.743316150213767735e-01,-9.743316150213767735e-01,2.000000000000000000e+00,0.000000000000000000e+00,-1.922994845064130098e+00,-1.922994845064130098e+00,-1.948663230042753547e+00
0.000000000000000000e+00,0.000000000000000000e+00,0.000000000000000000e+00,0.000000000000000000e+00,0.000000000000000000e+00,1.000000000000000000e+00,1.000000000000000000e+00,0.000000000000000000e+00,-3.839572139990564459e+00,-9.732620233317607061e-01,-9.732620233317607061e-01,2.000000000000000000e+00,0.000000000000000000e+00,-1.919786069995282229e+00,-1.919786069995282229e+00,-1.946524046663521412e+00
0.000000000000000000e+00,0.000000000000000000e+00,0.000000000000000000e+00,0.000000000000000000e+00,0.000000000000000000e+00,1.000000000000000000e+00,1.000000000000000000e+00,0.000000000000000000e+00,-3.835355881347024987e+00,-9.725593135578375348e-01,-9.725593135578375348e-01,2.000000000000000000e+00,0.000000000000000000e+00,-1.917677940673512493e+00,-1.917677940673512493e+00,-1.945118627115675070e+00
0.000000000000000000e+00,0.000000000000000000e+00,0.000000000000000000e+00,0.000000000000000000e+00,0.000000000000000000e+00,1.000000000000000000e+00,1.000000000000000000e+00,0.000000000000000000e+00,-3.830284674414752732e+00,-9.717141124024587517e-01,-9.717141124024587517e-01,2.000000000000000000e+00,0.000000000000000000e+00,-1.915142337207376366e+00,-1.915142337207376366e+00,-1.943428224804917503e+00
0.000000000000000000e+00,0.000000000000000000e+00,0.000000000000000000e+00,0.000000000000000000e+00,0.000000000000000000e+00,1.000000000000000000e+00,1.000000000000000000e+00,0.000000000000000000e+00,-3.819036109862361528e+00,-9.698393516437269213e-01,-9.698393516437269213e-01,2.000000000000000000e+00,0.000000000000000000e+00,-1.909518054931180764e+00,-1.909518054931180764e+00,-1.939678703287453843e+00
0.000000000000000000e+00,0.000000000000000000e+00,0.000000000000000000e+00,0.000000000000000000e+00,0.000000000000000000e+00,1.000000000000000000e+00,1.000000000000000000e+00,0.000000000000000000e+00,-3.815919392219989437e+00,-9.693198987033315728e-01,-9.693198987033315728e-01,2.000000000000000000e+00,0.000000000000000000e+00,-1.907959696109994718e+00,-1.907959696109994718e+00,-1.938639797406663146e+00
0.000000000000000000e+00,0.000000000000000000e+00,0.000000000000000000e+00,0.000000000000000000e+00,0.000000000000000000e+00,1.000000000000000000e+00,1.000000000000000000e+00,0.000000000000000000e+00,-3.814404611277317780e+00,-9.690674352128862967e-01,-9.690674352128862967e-01,2.000000000000000000e+00,0.000000000000000000e+00,-1.907202305638658890e+00,-1.907202305638658890e+00,-1.938134870425772593e+00
0.000000000000000000e+00,0.000000000000000000e+00,0.000000000000000000e+00,0.000000000000000000e+00,0.000000000000000000e+00,1.000000000000000000e+00,1.000000000000000000e+00,0.000000000000000000e+00,-3.812278326683153473e+00,-9.687130544471922455e-01,-9.687130544471922455e-01,2.000000000000000000e+00,0.000000000000000000e+00,-1.906139163341576737e+00,-1.906139163341576737e+00,-1.937426108894384491e+00
0.000000000000000000e+00,0.000000000000000000e+00,0.000000000000000000e+00,0.000000000000000000e+00,0.000000000000000000e+00,1.000000000000000000e+00,1.000000000000000000e+00,0.000000000000000000e+00,-3.802728301223997409e+00,-9.671213835373329015e-01,-9.671213835373329015e-01,2.000000000000000000e+00,0.000000000000000000e+00,-1.901364150611998705e+00,-1.901364150611998705e+00,-1.934242767074665803e+00
0.000000000000000000e+00,0.000000000000000000e+00,0.000000000000000000e+00,0.000000000000000000e+00,0.000000000000000000e+00,1.000000000000000000e+00,1.000000000000000000e+00,0.000000000000000000e+00,-3.801470313725866745e+00,-9.669117189543110502e-01,-9.669117189543110502e-01,2.000000000000000000e+00,0.000000000000000000e+00,-1.900735156862933373e+00,-1.900735156862933373e+00,-1.933823437908622100e+00
0.000000000000000000e+00,0.000000000000000000e+00,0.000000000000000000e+00,0.000000000000000000e+00,0.000000000000000000e+00,1.000000000000000000e+00,1.000000000000000000e+00,0.000000000000000000e+00,-3.795039876687112734e+00,-9.658399794478520484e-01,-9.658399794478520484e-01,2.000000000000000000e+00,0.000000000000000000e+00,-1.897519938343556367e+00,-1.897519938343556367e+00,-1.931679958895704097e+00
0.000000000000000000e+00,0.000000000000000000e+00,0.000000000000000000e+00,0.000000000000000000e+00,0.000000000000000000e+00,1.000000000000000000e+00,1.000000000000000000e+00,0.000000000000000000e+00,-3.792746698677678108e+00,-9.654577831129463883e-01,-9.654577831129463883e-01,2.000000000000000000e+00,0.000000000000000000e+00,-1.896373349338839054e+00,-1.896373349338839054e+00,-1.930915566225892777e+00
0.000000000000000000e+00,0.000000000000000000e+00,0.000000000000000000e+00,0.000000000000000000e+00,0.000000000000000000e+00,1.000000000000000000e+00,1.000000000000000000e+00,0.000000000000000000e+00,-3.792409306119812751e+00,-9.654015510199687178e-01,-9.654015510199687178e-01,2.000000000000000000e+00,0.000000000000000000e+00,-1.896204653059906375e+00,-1.896204653059906375e+00,-1.930803102039937436e+00
0.000000000000000000e+00,0.000000000000000000e+00,0.000000000000000000e+00,0.000000000000000000e+00,0.000000000000000000e+00,1.000000000000000000e+00,1.000000000000000000e+00,0.000000000000000000e+00,-3.791711274005299170e+00,-9.652852123342164914e-01,-9.652852123342164914e-01,2.000000000000000000e+00,0.000000000000000000e+00,-1.895855637002649585e+00,-1.895855637002649585e+00,-1.930570424668432983e+00
0.000000000000000000e+00,0.000000000000000000e+00,0.000000000000000000e+00,0.000000000000000000e+00,0.000000000000000000e+00,1.000000000000000000e+00,1.000000000000000000e+00,0.000000000000000000e+00,-3.782796656829930715e+00,-9.637994428049884155e-01,-9.637994428049884155e-01,2.000000000000000000e+00,0.000000000000000000e+00,-1.891398328414965357e+00,-1.891398328414965357e+00,-1.927598885609976831e+00
0.000000000000000000e+00,0.000000000000000000e+00,0.000000000000000000e+00,0.000000000000000000e+00,0.000000000000000000e+00,1.000000000000000000e+00,1.000000000000000000e+00,0.000000000000000000e+00,-3.752262165531660809e+00,-9.587103609219435052e-01,-9.587103609219435052e-01,2.000000000000000000e+00,0.000000000000000000e+00,-1.876131082765830405e+00,-1.876131082765830405e+00,-1.917420721843887010e+00
0.000000000000000000e+00,0.000000000000000000e+00,0.000000000000000000e+00,0.000000000000000000e+00,0.000000000000000000e+00,1.000000000000000000e+00,1.000000000000000000e+00,0.000000000000000000e+00,-3.743087247934401063e+00,-9.571812079890668068e-01,-9.571812079890668068e-01,2.000000000000000000e+00,0.000000000000000000e+00,-1.871543623967200531e+00,-1.871543623967200531e+00,-1.914362415978133614e+00
0.000000000000000000e+00,0.000000000000000000e+00,0.000000000000000000e+00,0.000000000000000000e+00,0.000000000000000000e+00,1.000000000000000000e+00,1.000000000000000000e+00,0.000000000000000000e+00,-3.741616496238377998e+00,-9.569360827063964070e-01,-9.569360827063964070e-01,2.000000000000000000e+00,0.000000000000000000e+00,-1.870808248119188999e+00,-1.870808248119188999e+00,-1.913872165412792814e+00
0.000000000000000000e+00,0.000000000000000000e+00,0.000000000000000000e+00,0.000000000000000000e+00,0.000000000000000000e+00,1.000000000000000000e+00,1.000000000000000000e+00,0.000000000000000000e+00,-3.725315841746747569e+00,-9.542193069577912246e-01,-9.542193069577912246e-01,2.000000000000000000e+00,0.000000000000000000e+00,-1.862657920873373785e+00,-1.862657920873373785e+00,-1.908438613915582449e+00
0.000000000000000000e+00,0.000000000000000000e+00,0.000000000000000000e+00,0.000000000000000000e+00,0.000000000000000000e+00,1.000000000000000000e+00,1.000000000000000000e+00,0.000000000000000000e+00,-3.724722574509128137e+00,-9.541204290848547265e-01,-9.541204290848547265e-01,2.000000000000000000e+00,0.000000000000000000e+00,-1.862361287254564068e+00,-1.862361287254564068e+00,-1.908240858169709453e+00
0.000000000000000000e+00,0.000000000000000000e+00,0.000000000000000000e+00,0.000000000000000000e+00,0.000000000000000000e+00,1.000000000000000000e+00,1.000000000000000000e+00,0.000000000000000000e+00,-3.722102470834789845e+00,-9.536837451391316778e-01,-9.536837451391316778e-01,2.000000000000000000e+00,0.000000000000000000e+00,-1.861051235417394922e+00,-1.861051235417394922e+00,-1.907367490278263356e+00
0.000000000000000000e+00,0.000000000000000000e+00,0.000000000000000000e+00,0.000000000000000000e+00,0.000000000000000000e+00,1.000000000000000000e+00,1.000000000000000000e+00,0.000000000000000000e+00,-3.700023368117618450e+00,-9.500038946862697786e-01,-9.500038946862697786e-01,2.000000000000000000e+00,0.000000000000000000e+00,-1.850011684058809225e+00,-1.850011684058809225e+00,-1.900007789372539557e+00
0.000000000000000000e+00,0.000000000000000000e+00,0.000000000000000000e+00,0.000000000000000000e+00,0.000000000000000000e+00,1.000000000000000000e+00,1.000000000000000000e+00,0.000000000000000000e+00,-3.695088112288900106e+00,-9.491813520481500177e-01,-9.491813520481500177e-01,2.000000000000000000e+00,0.000000000000000000e+00,-1.847544056144450053e+00,-1.847544056144450053e+00,-1.898362704096300035e+00
0.000000000000000000e+00,0.000000000000000000e+00,0.000000000000000000e+00,0.000000000000000000e+00,0.000000000000000000e+00,1.000000000000000000e+00,1.000000000000000000e+00,0.000000000000000000e+00,-3.693244430561250624e+00,-9.488740717602084374e-01,-9.488740717602084374e-01,2.000000000000000000e+00,0.000000000000000000e+00,-1.846622215280625312e+00,-1.846622215280625312e+00,-1.897748143520416875e+00
0.000000000000000000e+00,0.000000000000000000e+00,0.000000000000000000e+00,0.000000000000000000e+00,0.000000000000000000e+00,1.000000000000000000e+00,1.000000000000000000e+00,0.000000000000000000e+00,-3.657962662677138432e+00,-9.429937771128563684e-01,-9.429937771128563684e-01,2.000000000000000000e+00,0.000000000000000000e+00,-1.828981331338569216e+00,-1.828981331338569216e+00,-1.885987554225712737e+00
0.000000000000000000e+00,0.000000000000000000e+00,0.000000000000000000e+00,0.000000000000000000e+00,0.000000000000000000e+00,1.000000000000000000e+00,1.000000000000000000e+00,0.000000000000000000e+00,-3.654007641064829226e+00,-9.423346068441381673e-01,-9.423346068441381673e-01,2.000000000000000000e+00,0.000000000000000000e+00,-1.827003820532414613e+00,-1.827003820532414613e+00,-1.884669213688276335e+00
0.000000000000000000e+00,0.000000000000000000e+00,0.000000000000000000e+00,0.000000000000000000e+00,0.000000000000000000e+00,1.000000000000000000e+00,1.000000000000000000e+00,0.000000000000000000e+00,-3.635756223692909295e+00,-9.392927039488181418e-01,-9.392927039488181418e-01,2.000000000000000000e+00,0.000000000000000000e+00,-1.817878111846454647e+00,-1.817878111846454647e+00,-1.878585407897636284e+00
0.000000000000000000e+00,0.000000000000000000e+00,0.000000000000000000e+00,0.000000000000000000e+00,0.000000000000000000e+00,1.000000000000000000e+00,1.000000000000000000e+00,0.000000000000000000e+00,-3.631425403061260937e+00,-9.385709005102101932e-01,-9.385709005102101932e-01,2.000000000000000000e+00,0.000000000000000000e+00,-1.815712701530630468e+00,-1.815712701530630468e+00,-1.877141801020420386e+00
0.000000000000000000e+00,0.000000000000000000e+00,0.000000000000000000e+00,0.000000000000000000e+00,0.000000000000000000e+00,1.000000000000000000e+00,1.000000000000000000e+00,0.000000000000000000e+00,-3.614141268838645171e+00,-9.356902114731074915e-01,-9.356902114731074915e-01,2.000000000000000000e+00,0.000000000000000000e+00,-1.807070634419322586e+00,-1.807070634419322586e+00,-1.871380422946214983e+00
0.000000000000000000e+00,0.000000000000000000e+00,0.000000000000000000e+00,0.000000000000000000e+00,0.000000000000000000e+00,1.000000000000000000e+00,1.000000000000000000e+00,0.000000000000000000e+00,-3.604331661160563804e+00,-9.340552768600939304e-01,-9.340552768600939304e-01,2.000000000000000000e+00,0.000000000000000000e+00,-1.802165830580281902e+00,-1.802165830580281902e+00,-1.868110553720187861e+00
0.000000000000000000e+00,0.000000000000000000e+00,0.000000000000000000e+00,0.000000000000000000e+00,0.000000000000000000e+00,1.000000000000000000e+00,1.000000000000000000e+00,0.000000000000000000e+00,-3.599802385648055658e+00,-9.333003976080092023e-01,-9.333003976080092023e-01,2.000000000000000000e+00,0.000000000000000000e+00,-1.799901192824027829e+00,-1.799901192824027829e+00,-1.866600795216018405e+00
0.000000000000000000e+00,0.000000000000000000e+00,0.000000000000000000e+00,0.000000000000000000e+00,0.000000000000000000e+00,1.000000000000000000e+00,1.000000000000000000e+00,0.000000000000000000e+00,-3.592526933402571565e+00,-9.320878222337619645e-01,-9.320878222337619645e-01,2.000000000000000000e+00,0.000000000000000000e+00,-1.796263466701285783e+00,-1.796263466701285783e+00,-1.864175644467523929e+00
0.000000000000000000e+00,0.000000000000000000e+00,0.000000000000000000e+00,0.000000000000000000e+00,0.000000000000000000e+00,1.000000000000000000e+00,1.000000000000000000e+00,0.000000000000000000e+00,-3.585246223407735577e+00,-9.308743705679559666e-01,-9.308743705679559666e-01,2.000000000000000000e+00,0.000000000000000000e+00,-1.792623111703867789e+00,-1.792623111703867789e+00,-1.861748741135911933e+00
0.000000000000000000e+00,0.000000000000000000e+00,0.000000000000000000e+00,0.000000000000000000e+00,0.000000000000000000e+00,1.000000000000000000e+00,1.000000000000000000e+00,0.000000000000000000e+00,-3.574639666690437423e+00,-9.291066111150729778e-01,-9.291066111150729778e-01,2.000000000000000000e+00,0.000000000000000000e+00,-1.787319833345218711e+00,-1.787319833345218711e+00,-1.858213222230145956e+00
0.000000000000000000e+00,0.000000000000000000e+00,0.000000000000000000e+00,0.000000000000000000e+00,0.000000000000000000e+00,1.000000000000000000e+00,1.000000000000000000e+00,0.000000000000000000e+00,-3.571562283697898188e+00,-9.285937139496497350e-01,-9.285937139496497350e-01,2.000000000000000000e+00,0.000000000000000000e+00,-1.785781141848949094e+00,-1.785781141848949094e+00,-1.857187427899299470e+00
0.000000000000000000e+00,0.000000000000000000e+00,0.000000000000000000e+00,0.000000000000000000e+00,0.000000000000000000e+00,1.000000000000000000e+00,1.000000000000000000e+00,0.000000000000000000e+00,-3.563377270533726993e+00,-9.272295450889544988e-01,-9.272295450889544988e-01,2.000000000000000000e+00,0.000000000000000000e+00,-1.781688635266863496e+00,-1.781688635266863496e+00,-1.854459090177908998e+00
0.000000000000000000e+00,0.000000000000000000e+00,0.000000000000000000e+00,0.000000000000000000e+00,0.000000000000000000e+00,1.000000000000000000e+00,1.000000000000000000e+00,0.000000000000000000e+00,-3.556867922180706909e+00,-9.261446536967844478e-01,-9.261446536967844478e-01,2.000000000000000000e+00,0.000000000000000000e+00,-1.778433961090353455e+00,-1.778433961090353455e+00,-1.852289307393568896e+00
0.000000000000000000e+00,0.000000000000000000e+00,0.000000000000000000e+00,0.000000000000000000e+00,0.000000000000000000e+00,1.000000000000000000e+00,1.000000000000000000e+00,0.000000000000000000e+00,-3.555056047007615572e+00,-9.258426745012693360e-01,-9.258426745012693360e-01,2.000000000000000000e+00,0.000000000000000000e+00,-1.777528023503807786e+00,-1.777528023503807786e+00,-1.851685349002538672e+00
0.000000000000000000e+00,0.000000000000000000e+00,0.000000000000000000e+00,0.000000000000000000e+00,0.000000000000000000e+00,1.000000000000000000e+00,1.000000000000000000e+00,0.000000000000000000e+00,-3.551527144481729792e+00,-9.252545240802882986e-01,-9.252545240802882986e-01,2.000000000000000000e+00,0.000000000000000000e+00,-1.775763572240864896e+00,-1.775763572240864896e+00,-1.850509048160576597e+00
0.000000000000000000e+00,0.000000000000000000e+00,0.000000000000000000e+00,0.000000000000000000e+00,0.000000000000000000e+00,1.000000000000000000e+00,1.000000000000000000e+00,0.000000000000000000e+00,-3.540907673409620759e+00,-9.234846122349368303e-01,-9.234846122349368303e-01,2.000000000000000000e+00,0.000000000000000000e+00,-1.770453836704810380e+00,-1.770453836704810380e+00,-1.846969224469873661e+00
0.000000000000000000e+00,0.000000000000000000e+00,0.000000000000000000e+00,0.000000000000000000e+00,0.000000000000000000e+00,1.000000000000000000e+00,1.000000000000000000e+00,0.000000000000000000e+00,-3.523762859051509100e+00,-9.206271431752515166e-01,-9.206271431752515166e-01,2.000000000000000000e+00,0.000000000000000000e+00,-1.761881429525754550e+00,-1.761881429525754550e+00,-1.841254286350503033e+00
0.000000000000000000e+00,0.000000000000000000e+00,0.000000000000000000e+00,0.000000000000000000e+00,0.000000000000000000e+00,1.000000000000000000e+00,1.000000000000000000e+00,0.000000000000000000e+00,-3.515674551524414770e+00,-9.192790919207357581e-01,-9.192790919207357581e-01,2.000000000000000000e+00,0.000000000000000000e+00,-1.757837275762207385e+00,-1.757837275762207385e+00,-1.838558183841471516e+00
0.000000000000000000e+00,0.000000000000000000e+00,0.000000000000000000e+00,0.000000000000000000e+00,0.000000000000000000e+00,1.000000000000000000e+00,1.000000000000000000e+00,0.000000000000000000e+00,-3.509548359518279703e+00,-9.182580599197133209e-01,-9.182580599197133209e-01,2.000000000000000000e+00,0.000000000000000000e+00,-1.754774179759139852e+00,-1.754774179759139852e+00,-1.836516119839426642e+00
0.000000000000000000e+00,0.000000000000000000e+00,0.000000000000000000e+00,0.000000000000000000e+00,0.000000000000000000e+00,1.000000000000000000e+00,1.000000000000000000e+00,0.000000000000000000e+00,-3.504072691806095818e+00,-9.173454486343493031e-01,-9.173454486343493031e-01,2.000000000000000000e+00,0.000000000000000000e+00,-1.752036345903047909e+00,-1.752036345903047909e+00,-1.834690897268698606e+00
0.000000000000000000e+00,0.000000000000000000e+00,0.000000000000000000e+00,0.000000000000000000e+00,0.000000000000000000e+00,1.000000000000000000e+00,1.000000000000000000e+00,0.000000000000000000e+00,-3.491707515567259890e+00,-9.152845859278766483e-01,-9.152845859278766483e-01,2.000000000000000000e+00,0.000000000000000000e+00,-1.745853757783629945e+00,-1.745853757783629945e+00,-1.830569171855753297e+00
0.000000000000000000e+00,0.000000000000000000e+00,0.000000000000000000e+00,0.000000000000000000e+00,0.000000000000000000e+00,1.000000000000000000e+00,1.000000000000000000e+00,0.000000000000000000e+00,-3.477807679631721882e+00,-9.129679466052869063e-01,-9.129679466052869063e-01,2.000000000000000000e+00,0.000000000000000000e+00,-1.738903839815860941e+00,-1.738903839815860941e+00,-1.825935893210573813e+00
0.000000000000000000e+00,0.000000000000000000e+00,0.000000000000000000e+00,0.000000000000000000e+00,0.000000000000000000e+00,1.000000000000000000e+00,1.000000000000000000e+00,0.000000000000000000e+00,-3.471002427707633231e+00,-9.118337379512722052e-01,-9.118337379512722052e-01,2.000000000000000000e+00,0.000000000000000000e+00,-1.735501213853816616e+00,-1.735501213853816616e+00,-1.823667475902544410e+00
0.000000000000000000e+00,0.000000000000000000e+00,0.000000000000000000e+00,0.000000000000000000e+00,0.000000000000000000e+00,1.000000000000000000e+00,1.000000000000000000e+00,0.000000000000000000e+00,-3.470065832835994790e+00,-9.116776388059990577e-01,-9.116776388059990577e-01,2.000000000000000000e+00,0.000000000000000000e+00,-1.735032916417997395e+00,-1.735032916417997395e+00,-1.823355277611998115e+00
0.000000000000000000e+00,0.000000000000000000e+00,0.000000000000000000e+00,0.000000000000000000e+00,0.000000000000000000e+00,1.000000000000000000e+00,1.000000000000000000e+00,0.000000000000000000e+00,-3.467925616591222227e+00,-9.113209360985370378e-01,-9.113209360985370378e-01,2.000000000000000000e+00,0.000000000000000000e+00,-1.733962808295611113e+00,-1.733962808295611113e+00,-1.822641872197074076e+00
0.000000000000000000e+00,0.000000000000000000e+00,0.000000000000000000e+00,0.000000000000000000e+00,0.000000000000000000e+00,1.000000000000000000e+00,1.000000000000000000e+00,0.000000000000000000e+00,-3.448421792588201917e+00,-9.080702987647003566e-01,-9.080702987647003566e-01,2.000000000000000000e+00,0.000000000000000000e+00,-1.724210896294100959e+00,-1.724210896294100959e+00,-1.816140597529400713e+00
0.000000000000000000e+00,0.000000000000000000e+00,0.000000000000000000e+00,0.000000000000000000e+00,0.000000000000000000e+00,1.000000000000000000e+00,1.000000000000000000e+00,0.000000000000000000e+00,-3.440997473465970735e+00,-9.068329122443283818e-01,-9.068329122443283818e-01,2.000000000000000000e+00,0.000000000000000000e+00,-1.720498736732985368e+00,-1.720498736732985368e+00,-1.813665824488656764e+00
0.000000000000000000e+00,0.000000000000000000e+00,0.000000000000000000e+00,0.000000000000000000e+00,0.000000000000000000e+00,1.000000000000000000e+00,1.000000000000000000e+00,0.000000000000000000e+00,-3.439173303098520762e+00,-9.065288838497533863e-01,-9.065288838497533863e-01,2.000000000000000000e+00,0.000000000000000000e+00,-1.719586651549260381e+00,-1.719586651549260381e+00,-1.813057767699506773e+00
0.000000000000000000e+00,0.000000000000000000e+00,0.000000000000000000e+00,0.000000000000000000e+00,0.000000000000000000e+00,1.000000000000000000e+00,1.000000000000000000e+00,0.000000000000000000e+00,-3.436833241632538893e+00,-9.061388736054231119e-01,-9.061388736054231119e-01,2.000000000000000000e+00,0.000000000000000000e+00,-1.718416620816269447e+00,-1.718416620816269447e+00,-1.812277747210846224e+00
0.000000000000000000e+00,0.000000000000000000e+00,0.000000000000000000e+00,0.000000000000000000e+00,0.000000000000000000e+00,1.000000000000000000e+00,1.000000000000000000e+00,0.000000000000000000e+00,-3.434185455985974578e+00,-9.056975759976624296e-01,-9.056975759976624296e-01,2.000000000000000000e+00,0.000000000000000000e+00,-1.717092727992987289e+00,-1.717092727992987289e+00,-1.811395151995324859e+00
0.000000000000000000e+00,0.000000000000000000e+00,0.000000000000000000e+00,0.000000000000000000e+00,0.000000000000000000e+00,1.000000000000000000e+00,1.000000000000000000e+00,0.000000000000000000e+00,-3.421367941493065779e+00,-9.035613235821775557e-01,-9.035613235821775557e-01,2.000000000000000000e+00,0.000000000000000000e+00,-1.710683970746532889e+00,-1.710683970746532889e+00,-1.807122647164355111e+00
0.000000000000000000e+00,0.000000000000000000e+00,0.000000000000000000e+00,0.000000000000000000e+00,0.000000000000000000e+00,1.000000000000000000e+00,1.000000000000000000e+00,0.000000000000000000e+00,-3.401255409798296103e+00,-9.002092349663826099e-01,-9.002092349663826099e-01,2.000000000000000000e+00,0.000000000000000000e+00,-1.700627704899148052e+00,-1.700627704899148052e+00,-1.800418469932765220e+00
