-3.141888184665702077e-01,1.209930162672703258e-01
-2.409958780869143613e-01,6.660394769101998236e-01
-8.676204557848654630e-01,-8.258587605454861258e-01
-3.215658637477794013e-01,-3.986581239045714486e-01
7.411679312429910738e-01,-8.144585392720953276e-01
-9.727842219033346893e-01,8.880186979500948041e-01
-2.443634663595151135e-01,5.488224563537091871e-01
-3.140334255852139655e-01,7.495275751436802913e-01
-2.590169822712058423e-01,-3.719809494944965600e-01
2.359781837183638764e-02,6.599819199306888873e-01
-4.151816169844966264e-01,-3.859960637834811692e-01
6.669100391827165186e-01,-6.214076521473987924e-01
-1.299431379253372931e-01,5.649907047190294573e-01
-8.898720605413341644e-01,-5.247716059183975545e-01
-6.169809703089801367e-02,5.485694478118752215e-01
-8.872386837928813996e-02,-9.138820294602745253e-01
-7.959142177919038552e-01,4.781606461570000466e-01
-6.923898666225154486e-01,3.469944505776954013e-01
-3.343012441762649445e-02,2.934021487628868385e-02
4.237547108252321948e-01,-9.712749176453010502e-01
-3.673715386110971703e-01,-6.827190136864103032e-02
-4.904876692680866235e-01,-3.627694172080075941e-01
1.208461917975227617e-01,6.343909667835458954e-01
8.825317563635817208e-01,7.422626711783086861e-01
-1.226118216766980407e-01,3.852364467522466640e-01
3.974865732065311352e-01,4.063680725794298620e-01
-1.347906158134088983e-01,-2.859547822182710863e-01
9.173085436314549757e-01,5.005835033522316735e-01
-6.431537147041659352e-01,-2.906733159131273947e-01
9.206521338449935588e-01,5.453354240179364432e-01
6.984408285883281220e-01,3.606586740307820005e-01
4.016047316433231096e-01,-9.356144392154481793e-01
-7.322206066810028613e-01,9.425151690665256599e-01
-3.692496849745885434e-01,8.073610886538218345e-01
4.867571120604166079e-01,2.817081867218695912e-01
2.562066320235651951e-01,7.879195963870340158e-01
-1.372654163731723553e-01,8.479691874497234938e-01
8.011357205608233834e-01,1.506130899861273242e-01
-3.043608888847197935e-01,-9.638023317862329797e-01
-8.142358215046632264e-01,7.300640178567538996e-01
9.316115852763728888e-01,6.181858023613773234e-01
4.680315924659312898e-01,-7.643660646762426847e-01
-3.916080179130931871e-01,-7.259625533491003146e-01
6.802154058706171291e-01,1.073995847633189005e-01
-1.743814012081212894e-01,-2.951243504632492520e-01
3.204294531545663904e-01,-4.962195702421288157e-01
-2.036194058760234515e-01,-6.797165259411008797e-01
6.990632973285104690e-02,1.621573160646752054e-01
6.716394764460265066e-02,6.130861955479114389e-01
-1.177349184454679065e-01,7.504517493352995672e-01
7.659179642487856654e-01,9.575491803052944562e-01
-6.425421230745251844e-01,3.252753636443221907e-01
5.563070006992776317e-01,-5.500718014072982776e-01
-2.001433449309248935e-01,-6.814816562841097269e-01
-3.722957211814947875e-01,6.709210202294282333e-01
3.163552752126734813e-01,8.820526276666018628e-01
5.451260813527611937e-01,-1.084783487907947652e-02
3.312210912155295617e-01,4.892547033893737130e-01
3.169428113117391810e-01,-8.133221658875358084e-01
1.406225302722223791e-01,8.774052213196656957e-01
-5.134647979326867340e-01,-1.554112990883182999e-01
2.163939088849278214e-01,9.709644406363933111e-01
3.785282809413215155e-02,9.264613813311650681e-01
3.204944308537067688e-01,-9.873149073698188616e-01
-7.019071376491008429e-01,5.625728501884144084e-01
9.427455569479246122e-01,9.675131596551322932e-01
7.392901910850078195e-01,5.306102273067136998e-02
9.902517836689939124e-02,-2.510865593129345541e-01
9.680187986245980536e-01,-6.094502918314987916e-01
7.795233571620847624e-01,-7.758013953716322852e-01
3.378957012450132247e-01,5.844560029339889162e-01
-2.323917909387958058e-01,-3.353214387235528005e-01
3.540376454205031997e-01,7.575284460956130950e-01
7.132422706986414340e-01,9.978163492410625501e-01
6.841307638245215372e-01,9.642241180696444758e-01
2.720671008816553105e-01,3.364982742864215393e-01
4.851581717921080728e-01,1.587938456165221002e-01
5.275120997205950957e-01,7.337189090263001034e-01
7.285694101247794929e-01,5.930216629855398214e-01
-7.257410042380469939e-01,-2.599140046057659692e-01
-9.275396666595565609e-01,-2.328706905808397565e-02
2.385038597695343654e-02,-7.195032412452899706e-01
-9.066223928108929631e-01,-5.186435717434934034e-01
-2.890400534827579637e-01,7.569294141452485025e-01
3.557855788753025994e-01,7.559850839189410365e-01
7.427409538833591451e-01,7.458506396325823573e-01
1.510493359271114500e-02,-4.969368858019911350e-01
-5.194163588453628577e-01,-8.700663627583038462e-03
-9.133820611172343007e-01,3.001253997774777638e-01
9.764668974832397819e-01,-9.221912767060602700e-01
5.275931031169853735e-01,-9.790224010139469968e-01
8.627927608394072578e-01,-5.735635319446659164e-01
-7.845946610587484216e-01,4.955658956312904984e-01
4.167409777173691765e-01,-2.650191452431478467e-01
-4.312740139010386997e-01,-4.716510714461841225e-02
-4.874837578388115933e-01,-8.801174846606873992e-02
4.837064397090007350e-01,-3.016045290750042351e-01
-6.382520103018749502e-01,1.687555145002384016e-02
2.121188526586175183e-01,-8.917307296418621743e-01
4.651949726477557778e-01,1.464206407647714592e-01
-1.856156469935099640e-01,-3.688765660172865779e-01
6.574353928544929282e-02,9.415888066219224584e-02
6.408356941818036390e-01,-1.998892014197082290e-01
9.328869749400632294e-01,3.539062058431070579e-01
3.592520769299498706e-01,5.464030917948914379e-01
-1.690363175151226027e-01,6.219193893707881671e-01
1.604476655153628251e-01,4.388769646489936171e-01
7.553089813782978279e-01,7.128547090432806321e-01
-9.118570259294656033e-02,-4.958446902709054971e-01
9.759400814729755069e-01,8.032844438159822964e-01
-2.191012418817757101e-01,-3.870162453161003491e-01
-1.035717555808530754e-01,7.563608001765835809e-01
1.705739319312165048e-01,7.026497379161316115e-01
-5.232934753995244215e-01,-7.371940894772861519e-01
-8.382767626886045154e-01,-8.000397632393330127e-01
5.897595241979085579e-01,-9.971003283792301275e-02
-7.343639354258546526e-01,-5.831396957949031012e-02
6.910663753988524061e-01,-6.811570168361114064e-01
6.533788768612016629e-01,-7.635817482490390162e-01
-9.966137655353399794e-01,5.614945755516818071e-01
1.536890416340197518e-01,7.871413923370138566e-01
6.114932735554097221e-01,-4.196341071367584163e-01
-9.594106520864895682e-01,5.602466447433871455e-01
-8.438347726087291889e-02,-4.804396179779961695e-01
-6.491974454418043550e-01,-7.224325269686209250e-01
-8.682021662111125693e-01,3.293350871689764148e-01
-6.508402527114931502e-03,-7.549319339187401390e-01
2.142115969265576680e-01,2.287034287699807322e-02
-2.833651199565052625e-01,-9.875017766015776743e-01
9.430908627144658496e-01,5.249711696619350221e-01
-7.314521418011941112e-01,2.807475134474923806e-02
6.240670379861981143e-01,-1.638534686836803367e-01
5.744765687752946270e-01,-2.926378138998486644e-01
6.119036429270652278e-01,6.962402610446605244e-02
3.473619482708834028e-01,-8.365749863588209934e-01
6.248559436529244060e-02,-8.064165184074392201e-01
-6.907022385143430920e-01,-2.433209642077365231e-01
-5.279550240430026520e-01,-7.714684896914671963e-01
6.233695095053586321e-01,-5.184046371103709916e-01
-1.980146680482481880e-01,-2.658704445544863848e-01
2.752269821715374043e-01,6.421556004235653425e-01
-5.512519381027662924e-01,-1.209280782333479465e-01
-4.300418219140771381e-01,3.469330445794263085e-01
-3.665489064034028743e-01,6.881818859385333553e-01
-5.746296009251268266e-01,-8.724169826733707556e-01
7.279204203660507577e-01,-3.604904770665628977e-01
-8.612069942655344867e-01,8.487173028513053108e-01
-7.917246202022454327e-01,-9.644995684229484834e-01
-1.760094323880461165e-01,-9.465778063821319588e-01
-9.777758633552189327e-01,-9.807958075070957182e-01
5.766076757039262368e-02,5.327971270133682324e-01
-3.809866551988263517e-01,7.291608092406676178e-02
-7.080460911083297226e-01,1.286725302984035313e-01
-7.441348004498338220e-02,1.966009542546518496e-01
-5.379809476062284990e-01,8.738560162800346198e-02
-2.640271755736323112e-01,4.553862983157164201e-01
7.715854470759864192e-01,-3.633585486764556727e-02
9.170005532250520286e-01,-1.330404526766100215e-01
4.069586005683338836e-01,-5.213215895570515457e-01
-9.509657627285423853e-01,-5.530855416897431098e-01
4.205154914273103728e-01,-5.426661230004421466e-01
1.078434521474957997e-02,6.400093499319168266e-01
5.300144365608365771e-01,-7.265931190453598365e-01
-2.237837043825241512e-01,3.501675633946397248e-01
5.704949772681182640e-01,-8.680369643804393132e-01
-8.404974527868991352e-02,9.527922234463688245e-01
-2.373998245853723432e-01,5.912893943307462319e-01
4.154749073913621693e-01,-2.950305439724842937e-01
6.386796854983651794e-01,9.161482776134617367e-01
6.485323938921072617e-02,-5.183513774217654024e-01
-3.404681735534331732e-01,7.197904744421737000e-01
-9.615619236528745173e-01,-4.251661027688045102e-01
-8.884912615466893371e-01,-5.888088192740781324e-02
7.419617995087588458e-01,-4.053971706951673415e-01
-7.343436764765647329e-01,-4.354265560345467190e-01
9.383416471862582320e-01,6.742740293768407778e-01
-6.888518468865052480e-01,3.688693626067442999e-01
-3.533507451587472037e-01,-9.322922853929886955e-01
-9.510429646832776474e-01,-1.911890913831189032e-01
-7.516291007429214410e-01,-9.470541459536900852e-01
-7.320327978791536516e-01,8.964923229121823933e-01
1.435058211756206070e-01,-9.408737937187066080e-01
1.827880828560373150e-01,-1.107611843575000421e-01
2.311579955110956153e-01,-9.490951312668760576e-01
8.174735031383679740e-01,8.195631583404101583e-01
-4.602178543375345932e-02,2.463920764398526142e-01
7.059573531244851541e-01,-3.050596453581972956e-01
-4.340610018391126701e-01,-7.256285779385074353e-01
-6.159745598777854880e-01,-5.517642015397310473e-01
-7.384380151096929801e-01,6.199801888466609512e-01
2.603076854063135492e-02,9.730789234423509182e-01
9.539624904362284941e-01,1.880313106433968429e-01
-9.189611691471051280e-01,4.049041364905208162e-01
5.454915080595377219e-01,-3.146422783032629678e-01
5.386509586356575952e-01,-6.412085945332388626e-01
-4.006409951287863702e-01,4.803161969791875929e-01
4.734090383669085078e-01,6.243292061413219241e-01
3.266288962787786687e-01,1.802064496446160735e-01
4.719710393451206354e-01,3.760493512187601528e-01
6.383068133838289970e-01,-6.797676504877327996e-01
-8.226356792978319898e-01,-2.214341263171750729e-01
5.601104393929201564e-01,9.260883472894159141e-01
-2.050903295990509356e-01,-5.749443969489598238e-01
6.702802755750345565e-01,-2.737951151912578762e-01
2.775518515129526964e-01,-8.696550989319029590e-01
-7.890613285312180203e-01,-5.471576421375434762e-02
-9.971170740666601695e-01,-9.033026233856629172e-01
2.840270648120080121e-01,3.100991699430055704e-01
-9.547613697404988553e-01,9.354770071531790521e-01
-6.598472323820114838e-02,4.708488959202703494e-01
-6.378802239031560184e-01,-7.847670611441790456e-01
6.622873301560554538e-01,-3.652360833414527441e-01
-9.782412663817769971e-01,-6.176139109997795806e-01
-1.117831502942097099e-01,-3.298269395310957641e-01
-7.153607290840129362e-01,6.866419810340844698e-01
-1.003883521612802809e-02,-9.304496317840824648e-01
-1.169252737685464449e-01,-5.290004347557921704e-01
7.049591765909373198e-01,-5.749475457625503605e-01
9.266711103301044083e-01,-7.136114095368910615e-01
-7.087856478130845073e-01,5.760362348261176546e-01
3.424298329012129827e-01,6.407521214806626286e-01
8.589976916025132692e-01,4.790273624915151185e-01
5.956393725076394308e-01,-1.587397711696802993e-02
-6.468024136247481071e-01,8.026891532875206625e-01
-1.772916399094268680e-01,-8.067595163603065167e-01
-4.366340111035171834e-01,-3.359909865625563263e-01
-7.393452075334103757e-01,8.175114129179150702e-01
9.880586281998622322e-01,6.778364788665700580e-01
2.549956736428187209e-01,5.388889938818544056e-01
-2.855500662544541157e-01,6.498034885665764371e-01
-1.090351824633222222e-01,3.881387702704648390e-01
8.025864382757574855e-01,-2.869305374559292243e-01
-4.867678408195308393e-02,2.295693894654540212e-01
-4.077371443558959196e-01,-1.770577298674473887e-01
9.979400351511773515e-01,4.151894445997490468e-01
-1.864691995338889630e-01,-3.827537375086187410e-02
-2.483900134118677272e-02,1.388968685152258686e-01
-9.225734197937853764e-01,-9.874377453116516268e-01
5.244095740577363607e-01,-7.312888034057580811e-01
7.929391853303191517e-01,5.539112151372604931e-01
1.441368986640554350e-01,-4.036129531159717843e-01
1.432305246084450978e-01,3.086465051451579011e-01
7.025231057997107786e-01,-3.988528365211059246e-01
8.729759272422141780e-01,-9.707264067395213747e-01
3.239771053481566021e-02,1.056140946053290008e-01
-6.631963254498007831e-01,-2.060313494345327179e-01
8.578238670187785520e-01,-5.686142380703842480e-01
5.398810800842612778e-01,-2.540292317176073844e-02
3.349320752449760352e-01,-3.519462737817031783e-01
9.251536132683952918e-01,-9.701405653503141213e-01
8.276177925505645572e-01,9.133809644045616238e-01
9.687333489386031893e-01,-3.652087139114741365e-01
-8.234181178642345778e-01,9.129637885188117696e-01
-6.696825900582634716e-01,8.630677021029473650e-01
-9.297365721703754193e-01,2.832653927434816143e-01
-3.422865716870420183e-01,7.692019108067049693e-01
-4.263411354198889391e-01,-7.326424874963657352e-01
8.192086886911094101e-01,-9.365358496098099561e-01
2.709783246606836116e-01,-8.612757081601922771e-01
-5.701506396750273264e-01,9.070327694616400205e-01
3.293398035210139962e-01,-6.156424135069062942e-01
4.706500586016504339e-01,2.810775796147813033e-01
-1.898230005405550092e-01,5.873704273912061513e-01
-9.746210140994264748e-01,3.828707034374696505e-01
-7.905688727900299639e-01,-2.851323863121697499e-01
5.431672276901711172e-02,6.905363977520917462e-01
-3.838887716735892575e-01,7.380742084989440066e-01
9.711044786441362930e-01,6.820507506813360266e-01
4.016753696173998023e-01,-3.751918528481930082e-01
5.672523468445345163e-01,4.078312658766902743e-02
4.030834645116958548e-01,6.558503994837778794e-01
7.760839204438036987e-01,-3.968425560358557203e-01
5.007383439409318626e-01,-3.970935897488769850e-01
3.159051602749978205e-01,4.819439628129629227e-02
-3.903143037198677501e-01,6.505554146082199729e-01
2.143800991389477328e-01,-6.105197763776524233e-01
9.510607737802123651e-02,-1.935692718581329963e-01
5.040176932875581883e-01,2.842181550508537935e-01
3.001157777494107837e-01,-2.659295446908409577e-01
-8.393294984037891204e-02,-2.424813350123267153e-01
8.994704890627394089e-01,-6.192524321377526064e-01
-7.126730838527042255e-01,-2.599601618968023775e-01
3.745674623219885646e-01,-7.099299204776905459e-01
6.769553910114201045e-02,-3.041342273158593734e-01
4.386461823454768094e-02,-8.191304275534705415e-01
3.489688319995090104e-01,-7.206266401151537604e-01
-2.490650552400388573e-01,-2.977702659064096480e-02
7.189497988959581143e-01,4.818517713711494288e-01
-1.577963302916678412e-01,3.343510485633456319e-01
6.483089399980102030e-02,3.492679897303092584e-01
-2.554100824943756898e-01,7.954901817060417990e-01
-4.139846395099349152e-01,-2.076221748903517295e-01
6.306991986944867623e-01,-3.389485362871518248e-01
-5.782421436351137256e-01,2.115760202297356507e-01
1.065724403376555607e-02,5.581718170196583451e-01
2.621825135319790778e-01,9.460933629482679574e-01
7.921688098392327682e-01,7.848100641380997278e-01
-1.398868601551184199e-01,7.369218801440993172e-01
-8.307338448773966544e-01,4.956314134333672516e-01
-4.233371036025845857e-01,-4.009756588919912712e-01
8.978737729234997911e-01,-3.004395689936469882e-01
8.918624983778800086e-02,-8.121895975316140159e-02
-1.272659589330509267e-01,9.676564830248259863e-01
-4.843225160867863366e-01,-9.704350088519124728e-01
-1.585658883822311793e-01,3.295281647533656599e-01
6.955114080324347192e-01,-3.601563179529532199e-02
9.911978816760569355e-01,8.313395291690439670e-01
6.318045514555612474e-01,-1.520735838636710913e-01
7.811928502007283726e-01,-8.378950671141389694e-01
-7.149403269204004374e-01,9.386661780646754494e-02
2.456156662742778884e-01,6.268002301660211550e-01
8.450696811837594691e-01,-2.397671622873285280e-01
-8.027107059212850171e-01,-9.945772168367346122e-01
-3.479327485644674312e-01,5.453570667038629693e-01
-6.590825677326372922e-01,-4.877227574479592320e-02
-9.272792708453005961e-01,-6.706122111110790485e-01
7.808720992350479673e-01,-7.178887187306193240e-03
-5.759975793743825623e-01,9.588799957685194553e-01
7.261323040342275714e-01,6.416042532593200232e-01
2.279415189612377102e-01,-6.698691961301421749e-01
-3.180153334298159162e-01,-9.383672293699811817e-01
-2.638972391847953514e-01,-1.773061938638131885e-02
-5.215592191324225357e-01,-8.797658802164878278e-01
-9.369115126997233922e-01,4.010082005806592242e-02
-5.042419020175461508e-01,4.152605677915548466e-01
-2.123171218593664644e-01,-6.916350408140108375e-01
-9.956036923471471844e-01,-9.571942310192462777e-01
-7.513348483963879776e-01,8.227587287087081425e-01
3.087563030127671304e-02,-6.327549223611133034e-01
2.560019700454680969e-01,-9.140824111670420304e-01
1.523469203013603224e-01,7.022576262655373380e-01
4.978885150965683959e-01,-9.434315605469461019e-01
-3.507850072778968542e-01,-2.053494687590684542e-02
-2.709841105307142506e-01,9.415321660754392141e-01
2.800875104230082790e-02,5.884112070502212077e-04
-7.261331228619587463e-01,-5.494194596407719899e-02
7.204979634864909777e-01,-8.219143105116355486e-01
8.657803480775487781e-01,-1.572497257984002417e-01
6.188337293125614202e-01,8.124105931237928235e-01
5.503153399930045264e-01,-2.030023740697468604e-01
9.711454031171309342e-01,4.988701950212097724e-01
3.106092731377116944e-01,-1.413714712594433820e-01
-5.143697764734351807e-01,7.871672881667974853e-01
-6.229441138128650746e-01,4.581501593396701821e-01
1.571527325800923247e-01,6.261467716783069015e-01
7.894616559755092133e-01,3.979064070481341808e-01
-6.408440925737424188e-01,-2.471461040461071512e-01
3.713075846439695127e-02,7.693571165141050994e-01
2.759400571180916639e-01,6.657538749896354524e-01
7.873709888430024950e-01,-4.628750333606141965e-01
8.445938411486915154e-01,-6.172582868515732457e-01
4.354807810957095349e-01,-8.857475654410733590e-01
-1.649307725873703223e-01,-7.330719393772231474e-01
-4.870218638072931761e-02,7.358082864630888231e-01
-7.761325845131865631e-01,-8.418474863489515680e-01
6.821498979675340024e-01,9.685664052869937812e-01
-8.293192086037666222e-01,-1.289912603243981160e-01
-2.561892654390602875e-01,9.487291015645942238e-01
-7.248281581400546347e-01,-6.104263678760539769e-01
-2.602784867406982006e-01,1.273452614954706519e-03
3.437274036781945430e-01,-1.724559845932334134e-01
3.134502394960543281e-01,5.694293442945184136e-01
8.123968658633211604e-01,-9.749806516271821710e-01
7.484446309869583480e-01,3.410846360785690923e-01
-8.741868898758338169e-01,4.084555182726765654e-01
1.046250483896884464e-01,-6.563885705913323765e-01
-4.067312581443667252e-01,1.808401422216074916e-01
-9.975487377114000687e-01,-9.938018251022162630e-02
-7.042226836966087866e-01,2.271033826571169367e-01
-6.986661483357798907e-01,-3.493061003519335461e-01
7.355411800815903067e-01,2.969650628412356941e-01
6.795725370321981096e-02,-3.049410225022655130e-01
2.572652153844063871e-01,5.486043017851758297e-01
1.294294913703037953e-01,-2.217786562360071212e-01
3.960967257630065852e-01,-6.497050511802182626e-02
-7.203864231327650192e-01,1.890836087543779076e-01
-3.724632589944907313e-01,-7.386728862695224329e-02
-6.850892236716215056e-01,3.471942105625722697e-01
-3.816894537948214428e-01,-7.000617309755694517e-01
-4.464633522515044639e-01,-7.919176349838039641e-01
-8.085416607158308899e-01,-2.922099999022202965e-01
5.323158150917928211e-02,2.971034853431162581e-01
8.421196853376249347e-01,-2.744720556642186171e-01
4.416486266563033336e-01,3.873354569606184405e-01
-5.115790000786344383e-01,-7.877455214934954153e-01
2.196882836691824714e-01,7.168327734599442280e-01
-4.425847657930954693e-01,5.534681113863584301e-01
7.515026495776637727e-01,4.158414874499525293e-01
-4.537626074101388518e-01,-8.406222022380156478e-01
-3.096754169385036448e-01,3.652445146027052392e-01
-6.950839208865204899e-01,8.955983065546651023e-01
-1.538410365391449375e-01,7.031219947965285932e-01
-3.264454884668768209e-01,-6.050548912490143483e-01
-3.831391538291839538e-02,-4.350990058413330974e-01
3.729536799007464598e-01,5.052345443071721842e-01
-2.744457863428282351e-01,-3.263961490565872037e-01
8.645275818450384175e-01,-2.334055392775813420e-01
1.453082118657929023e-01,-6.894154726342383022e-01
6.072677507019172971e-01,3.573795339992802411e-04
-7.011507026754266736e-01,-9.021385121097911242e-01
2.395876936573348992e-01,-4.767030291741569670e-01
-1.402397493116003258e-01,-4.284877071772188462e-01
-3.261333217935609152e-01,-4.150149840518817523e-01
-4.981727249576031191e-01,4.360815095102974492e-01
9.382518356032547580e-01,-1.183553971961828211e-01
5.306867083049631173e-01,-8.202366093820256943e-01
2.199958426630042041e-01,3.060521861751182016e-01
5.516274872041861954e-01,7.590833069513669429e-02
3.622317768554970119e-01,1.459270116192998845e-01
-3.688676370770505031e-01,8.865818898852322327e-01
-2.402676343651743984e-01,4.429141781732213179e-01
2.688464627977615873e-01,-8.029297758296605192e-01
-4.959313018457962574e-01,5.059290760275267917e-01
6.818517955933531827e-01,3.049058363147763018e-01
8.128377377303301898e-01,2.924140133351647020e-01
3.566005034409482910e-01,-3.643252144277973059e-01
4.277194442811478314e-01,-5.660162685238583347e-01
7.055394103165297803e-01,3.011192032514840022e-01
-7.984071165640955758e-01,-6.025687267530364100e-01
-4.786570906941398640e-01,-8.075112508749329177e-01
3.828403869854113406e-01,8.113423464045854683e-01
-2.454870164847196001e-01,-1.698580787088559418e-01
-3.099477920278994603e-01,-6.145970385618400034e-01
-7.678687280650775548e-01,7.106096071534147018e-01
-4.192614990554903720e-01,-9.737587675729941772e-01
1.444913042321569474e-01,-6.366500349716386342e-01
3.516268461439655546e-01,-9.722883680830438635e-01
-4.635351538827743312e-01,-1.014360683867607804e-01
-2.623884667081672895e-01,8.409588825697296155e-01
-3.563409986055141587e-01,4.765948895776797034e-01
7.776502449245521476e-01,-6.540685653553537371e-01
-4.533544547476946462e-01,4.666491103497114601e-01
5.238111925746995468e-01,9.072444971834205951e-01
7.993895544872622327e-01,-4.821293890902793589e-01
-4.060886966950787436e-01,6.506516040315395433e-01
-8.805584273887516744e-01,6.322628615462446700e-01
5.427712021587745017e-01,6.865349715871646996e-01
-5.708743678054377657e-01,3.799657023803115763e-02
-4.271395989237791735e-01,9.575492803282639187e-01
-6.188703636859795854e-01,-9.816926161762533631e-01
-1.189336932689706305e-01,3.007697456137246039e-01
-3.667833981212023087e-01,-2.109850303027902552e-01
9.235916925260112542e-01,1.595425951017630517e-01
7.047553860433273254e-01,-1.444829738791173490e-01
9.496824869959108462e-02,-7.623412637843702822e-01
-3.334688465957413861e-01,-6.167498289458048788e-01
8.450475029135751104e-01,1.272553046378357422e-01
-5.667932459239206633e-01,-1.334875622225348835e-01
-6.693128382729862658e-02,1.397047563068736231e-01
-9.548149380380457352e-01,-5.426668147847251156e-01
-9.619661919641508963e-01,8.023244889603473595e-01
-5.941031672341554604e-01,-1.523110990706468826e-01
-4.003729757532026312e-01,-4.282917164370834140e-01
7.800617275979671028e-02,6.666454473865490726e-02
-2.611481932703629827e-01,-3.785804332298194907e-01
8.009782478876381617e-01,6.465219436557565480e-01
-5.601134625398864753e-01,-2.677620578922701444e-01
1.063840712679526845e-01,2.483964922570525147e-04
-7.900350641975319999e-01,2.100796474900281652e-01
-6.627692199596653122e-01,-9.576793991625096591e-01
-2.132577807363897904e-01,-2.300690476170985654e-01
5.661534708434539098e-01,-4.115000290946608796e-01
-8.800754997587343365e-01,6.265971106663050794e-01
2.066713823647317039e-01,4.531992982130748082e-01
-5.083225460629128278e-01,4.480839125322355621e-02
-8.053651843711773228e-01,-4.114575153642552330e-02
8.007920405631299143e-01,5.556249844170224605e-01
-4.934576958447220996e-01,-2.071992300442224710e-01
-8.574060451134841720e-01,5.971540248094853176e-01
-8.236736085363689508e-01,-4.253212297249395757e-01
5.482576931479137272e-01,4.978788249393628629e-01
-8.393465839912208626e-01,9.911388913704313186e-01
6.810933539682522131e-01,1.257612015910285486e-01
4.640422692767482982e-01,-6.552669609557040253e-01
-2.729013977803962376e-02,2.975704670119447837e-01
-2.133085499187286072e-01,-2.766343730627347508e-01
-4.460306550738188935e-01,4.662903848162007758e-01
7.625291110513106041e-01,9.472163638510113781e-01
8.832365106101589536e-01,-1.846752738521839632e-01
2.011155840570511000e-01,7.361356176342492841e-01
9.290380987079576158e-01,6.911996702938596471e-01
-3.953133076723065464e-01,3.770862341195391210e-02
-4.857797220796178372e-01,-7.498407036193768249e-01
1.607911887775308468e-01,4.494209764442158583e-01
5.366222992439275696e-01,9.118842074498814121e-01
-2.389426093130688766e-01,-9.534530807195575886e-01
-7.161374938469691198e-01,4.777257637245244659e-01
2.674156571687436035e-02,-9.376776908482529205e-01
-7.607886586530689943e-01,-7.956217053672465234e-02
1.693639496767151975e-02,5.330114024950649565e-01
6.600604365205382518e-01,8.212757612216861069e-01
-7.071266500858988113e-01,-8.750893947908879866e-01
8.530023103970649778e-01,5.951446513054625687e-01
7.285041743094926581e-01,9.179510977506470937e-01
9.332366965699816497e-01,9.499956269018228205e-02
-5.622326229770111539e-01,3.841308174960837984e-01
2.095879815827219605e-01,-7.115129847972798682e-01
-7.426239363848903263e-01,-3.109909881917254371e-01
-2.575174057144402617e-01,5.762692958951485256e-01
4.173062107626088757e-01,3.711486457876120859e-01
-1.771376529700436908e-01,9.959643150285892865e-01
4.773783855015019117e-01,-5.627842017417341580e-01
9.643305104193793387e-01,-7.919875275617149768e-01
5.518709080646999610e-03,-6.212301657144074785e-01
2.082483434493915819e-01,-4.837773864786096834e-01
8.182618047932592731e-01,5.022163085537942884e-01
2.840805119801501633e-01,6.348674839453938290e-01
-6.984868202627918521e-01,1.521796437525002599e-01
-7.588900607627298012e-01,-4.554192190401606943e-01
2.772839986055328776e-01,-5.073807602017639251e-01
8.842694015859471346e-01,8.716285552668698866e-01
5.746013108727410224e-01,-4.633648133945924563e-01
5.985000052948523663e-01,1.320257448471626738e-01
-6.855862106327252903e-01,-3.318092336461320180e-01
-4.647996986824958210e-01,6.789286522179966976e-01
5.548217252642406727e-01,1.420011427468765852e-01
4.586429434341792177e-01,-1.123358758608050678e-01
5.574742430069714594e-01,-7.505055068694461706e-01
-2.466656130159219362e-01,-8.861964079975048758e-01
3.650904508392818215e-01,-8.197457357352286866e-01
8.406899099072620007e-01,-5.518883858720522451e-01
7.128909518483066421e-01,-2.708312488080124592e-01
7.985153843761012560e-01,8.663663198234323737e-01
-7.175072993623516915e-01,2.348137683189039926e-01
-7.458491924058794353e-01,6.869746201366084826e-01
9.481977442498423780e-01,-1.361509038125254811e-01
-7.467676797351585627e-01,-9.060660026010232126e-01
-3.488176873270167899e-01,-8.338145889890999918e-01
1.114859084201378359e-01,3.256599404317688240e-01
-5.747757026919142476e-02,-1.170090249416733119e-01
-1.719054652125913130e-01,-5.972494434477315650e-01
-5.888120787322901339e-01,-8.440170617018969423e-01
-6.801853600792135968e-01,2.677867278787684491e-01
5.945648234457341363e-01,-4.752145450013500749e-01
2.119955677720926079e-01,6.179431785398648014e-01
-5.521084114176808555e-01,1.454037432725518997e-02
7.888769892852645071e-01,2.532013502384742321e-01
-1.984821300975421199e-01,-1.673370548415138437e-01
9.953818036152677351e-01,3.838279792103453936e-01
-7.050351900281042195e-01,-3.378200471803900484e-01
6.398725814562131742e-01,1.178004810660644441e-01
-8.518557360450678129e-01,2.849555204041109846e-02
-9.974922955990077611e-01,2.719938660517706719e-01
7.898481082929718067e-01,-2.675751912314212611e-01
-7.700539761066393929e-02,3.244698132057730611e-01
-1.605509846149257847e-01,-5.774422262448557497e-01
7.145559845876106042e-01,-2.458778420944327525e-01
-4.376440998327342236e-01,-5.162194623292357676e-01
-3.883138799535292840e-01,-6.948756366714223809e-01
-1.564891133511265853e-01,1.965338524679145493e-01
9.637530317085989395e-01,-1.196137967638599697e-01
-7.938398434621067867e-01,-6.195341119631425642e-02
-5.662022776557666948e-01,-9.862179969314628369e-01
9.982466166014372089e-01,1.890385930782485513e-01
-5.911492036637107095e-01,-7.446347620927973310e-01
-3.981042077213723385e-01,-4.453662403712739248e-01
2.922449851415460653e-01,8.994148079619341818e-01
3.453214431344808766e-02,6.049552205903472313e-01
-5.727488725394913605e-01,-6.759171596082023115e-01
-1.898935769474405788e-01,-6.021998648079294192e-01
-3.844977547404559992e-02,3.021571013031665309e-01
-3.519113921904430953e-01,-9.028546665917003278e-01
-7.898909910598284068e-01,9.386018428416946779e-01
-1.346049162382461084e-01,-5.465298348022824548e-01
-4.354112876899998152e-01,-7.780335483963356502e-01
-7.044397988976560665e-01,4.580019098217888995e-01
-9.914501572388889628e-01,-3.833968649700341125e-01
-3.653635558232595226e-01,-6.520805820463264624e-01
1.726941325708111208e-01,-9.857028511704013507e-01
7.890446385120819528e-03,-6.254555361133040670e-01
-8.456556193023379020e-01,-9.392018819753529257e-01
-2.683334449784564590e-01,-4.825843388323480809e-01
5.893579690890375922e-01,1.770756465683640535e-01
3.915839498748954206e-01,-2.997341983017030032e-01
7.263355236592119457e-01,-5.650364325945484989e-01
-8.262046459809211374e-01,7.533942240970821214e-01
7.344541451538744159e-01,3.176296678701462373e-01
3.706831272407786759e-01,1.497817656097955030e-02
-5.404450590587155379e-01,-7.918337792773981754e-01
8.921421406792537923e-01,9.010077922554597940e-01
-2.023095301107147304e-01,-9.416662140705480688e-01
-9.738637076392351322e-01,-7.759841536828548936e-01
9.219370315875083932e-01,-5.080836640512307323e-01
9.031688175158725240e-01,6.423876067823042213e-01
-1.868436101046317965e-01,-8.329059953822885998e-01
2.488255324031363180e-01,6.194200230674518082e-03
2.795198344587543904e-01,5.625456173745158051e-01
4.309287076437406938e-01,9.089063537807062776e-01
7.504105182433966625e-01,2.002412591687601218e-01
-5.809230370415470190e-01,-3.406055910382805862e-01
1.184438368406692810e-02,5.586699395373893040e-01
-8.789555129963857460e-01,-8.774126147541780885e-01
5.591533506711889867e-01,3.207256966946336885e-01
-1.668219809126478825e-01,8.389866488291872759e-01
-1.580532670840972820e-02,-5.369131611666082549e-01
-9.845582081148558373e-01,5.830421224235813327e-01
-9.004981901471587058e-01,-7.997876493585311941e-01
-5.154594178804314808e-01,-2.041837306753384595e-01
9.440583160946596220e-01,6.936507768807134156e-01
8.819244261055481093e-01,7.538432214119232810e-01
8.803376421734425694e-01,-3.038120910141701714e-01
-1.819867251276132691e-01,2.169989072500613236e-01
-5.532511859230204720e-02,5.317792088777961723e-01
-1.387687115351934342e-01,-4.745349828554532579e-01
2.461503003932774547e-01,-2.094240412328813861e-01
9.374756495870575357e-01,8.291057507957930728e-01
1.990424131085677395e-02,3.408559470725189833e-01
4.771999223138201351e-02,3.817447106063251994e-01
3.693198212425661264e-01,8.155276147880829996e-01
8.235564534995734043e-01,2.829933741987933349e-01
-1.359475922379822510e-01,-3.837724891453551113e-01
8.196926519380538512e-01,-7.926899441699757354e-01
1.694352289140899082e-01,-9.267080040348494308e-01
-7.044848700067016800e-01,4.931291390998417956e-01
-1.974425029353856775e-01,-7.254426027792422182e-01
7.603061361125353912e-01,7.506796866653311362e-01
-6.447806411348147027e-01,-2.358010588373598004e-01
1.945020109701198763e-01,-7.458725960291958668e-01
7.278678783382690476e-01,5.122467021605388027e-01
1.872506086696068550e-01,9.198545110852305307e-01
1.084451689045495826e-01,6.453615195687700812e-01
9.139750103172823437e-01,-1.020913727072803034e-01
-5.039852036967042981e-01,-4.297008446386796354e-01
-9.480931918135464542e-01,9.012945739034372572e-01
8.847310525465377218e-01,9.174350207217916164e-01
1.030813291741963234e-01,-7.733639553876185957e-01
-7.619862169971789445e-01,-8.595892455207989613e-01
5.440617470357713703e-01,2.268031004661577033e-01
7.541557494386186278e-01,-2.850487251522570986e-02
-6.250916150688001771e-02,-4.876957393213710024e-01
-1.596979590428302398e-01,-8.773874172841904517e-01
9.772751366647658422e-02,-8.983210000781296500e-01
-6.063625506485335048e-01,6.753682863867900288e-01
-2.546613566116802119e-01,-2.285383151954945014e-01
-1.063952975096913445e-01,4.274813370007293223e-01
7.467694418397281542e-01,7.175079629087099953e-02
-7.869965249743746671e-01,-5.234358739791935555e-01
-4.587577558504845054e-01,-5.841544322304625947e-01
4.498263068797032638e-01,7.576113788905798341e-01
-7.533664181005148563e-01,-8.602421090920298052e-01
-7.921768390703332052e-01,2.332715137470713351e-01
-5.463327929217154377e-01,2.190483654829664673e-01
5.630642973778490212e-01,3.382309301579677907e-01
6.112308087063218487e-01,1.376196402490237336e-01
4.911837907381653157e-01,-8.382784179985696138e-01
3.408325951052340042e-01,-4.621690755477112500e-01
-3.495177789724268624e-01,4.395176645168883400e-01
-6.089141553504062720e-01,9.794237177493263502e-01
5.373215158658657398e-01,4.267055766524512350e-01
-2.376365011708088115e-01,4.918948279553698733e-01
-9.661799597238940329e-01,1.102335367536402266e-01
4.296470215252083946e-01,7.485232674950117460e-01
5.215566159992068851e-01,6.619020173456124922e-01
1.109200054307992733e-01,-5.230752179817166336e-02
1.533766384448949083e-01,-3.133462181400326063e-01
-9.339313633753241195e-01,-6.188137000563920243e-01
4.052427230331043795e-01,7.959462838021482689e-01
-7.122249754140199673e-01,-8.024684064588294419e-02
4.118665581462410685e-02,5.158212327670963493e-01
-9.731765852606830691e-01,-4.265413019703701014e-01
2.328716094735876485e-01,6.133329122264878919e-01
-2.013925837680936581e-01,7.147582708648538841e-01
2.349729373007112265e-01,9.928444585433473524e-01
3.678551791778488234e-01,-1.643428431150928404e-02
-4.330605456741778436e-01,-4.823097801632327819e-01
-6.831911060754594089e-01,-7.027059719677097860e-02
8.366130521660113395e-01,-5.762812689477694317e-01
-2.634089390073597325e-01,-7.249956937500074972e-01
-8.064176462716019511e-01,6.837638950625637424e-01
3.745887430094603232e-01,7.770299155626163579e-01
2.336243274711387041e-01,3.901013997355442520e-01
1.973746387578523276e-02,-6.156323638060743342e-01
-6.853450382987202882e-01,-6.924172093360603242e-01
-8.144794249984095291e-01,-6.223585904352086917e-01
-4.799410533713306393e-01,4.626972234339077339e-01
6.171183060403242493e-01,3.443485157799053287e-01
3.269651923354000012e-01,1.425233139878008259e-01
2.402836502996146262e-01,5.168062239223849552e-01
-1.117225210611116903e-01,4.815824014966212374e-01
1.717478090637871713e-01,6.796751442968851364e-01
6.151742381515672431e-01,2.080358635756593966e-01
-9.570872002837793602e-03,8.807598173684327847e-01
3.198289910727256657e-01,-1.250740651008490634e-01
7.477199820885216397e-01,-1.234897003042352281e-01
-6.013074735467638376e-02,5.729876798634681023e-04
-6.364569805862496654e-01,-3.663656175407155047e-01
-8.424512618840160894e-01,-1.726910538140957740e-02
-3.527288412660716244e-01,7.363540568787163565e-02
-8.660466254588214952e-01,5.112997095012317139e-01
-8.032057478665037831e-01,8.073752052678313529e-01
-4.459621128160315973e-01,-1.856821995218678190e-01
-7.435287255148890218e-01,-9.483383361976138737e-01
-7.277912837390985157e-01,-7.584456386366991154e-01
-6.458593066489632939e-01,4.672171976339674071e-01
-6.782086362020505188e-01,7.778931202297705294e-01
-6.061651716226654774e-01,-5.828889987402523509e-01
7.851544991140160246e-01,-2.956072726340384094e-01
4.533313897057960062e-01,1.380538705606348948e-01
2.447665497542952373e-01,-6.131121154797753992e-01
3.310528925476499129e-01,-3.799343848142155977e-01
-6.326662887286031989e-01,-9.553863309206034327e-01
1.890342082584717254e-01,-8.552153812035090397e-02
-2.702485564669909746e-01,9.932894402601051276e-01
-9.143488807716013689e-01,6.051588959515208366e-02
-3.924066875576612823e-01,2.197565470111977337e-01
-1.495510500883705518e-01,-7.148514494475393111e-01
7.214205855460078531e-01,-6.308045051094470779e-01
1.693188191139987087e-01,2.687954901287989973e-01
-7.159099769477950126e-01,6.011104935069926380e-01
4.426009396151964204e-02,-9.251385249076933270e-01
5.631507286902899256e-01,-2.150739502113094836e-01
-9.088118260790902792e-01,-6.422459495605608026e-01
3.852568899349806397e-01,9.357796309246690925e-02
-6.019045026321903080e-01,-2.407327042505342796e-01
-4.963622228882449416e-01,-2.729370085172528881e-01
-1.415220139412687317e-02,-4.910926459450648540e-01
-2.173879006553929294e-01,-7.199573315896554693e-01
-4.052168059620597784e-01,2.557807450892584100e-01
-1.637238161693632676e-01,1.602481767423933334e-01
-2.427749577911608725e-02,-7.056333192451818004e-01
9.166773433752246625e-01,-7.854535562586650865e-01
-3.844652976766731456e-01,-3.469011302263624863e-02
-3.671296625131916791e-01,3.128933591840910022e-01
8.544953601907612217e-01,3.425156353728997516e-01
1.801021551274086807e-01,4.002906715909808621e-01
1.854193924809866001e-01,2.155030134052340340e-01
2.486077207996486571e-01,-1.651807736124744075e-02
-9.382043593705502449e-01,-1.041404095930991147e-01
4.822365311203509197e-01,-3.407875862793097177e-02
-1.216023669246897310e-01,-8.191576460710159324e-02
-2.689954016177078522e-01,6.624743685627390022e-01
-8.822342779986369621e-02,-3.163282961607833954e-01
9.849673984201987587e-01,-4.512907454041501509e-01
6.268930965816996714e-01,2.106064310875921386e-02
-5.967348351268959572e-01,-4.625948563932740232e-01
5.921490783399352420e-01,7.895642889278733367e-01
-4.137295253217900814e-01,2.604234281516133453e-01
-3.797503209501777999e-01,1.991370734251560748e-01
3.352101502361293228e-01,-9.602260766319368201e-01
8.686654969081875066e-01,6.057716962789561066e-02
-4.487434590640271281e-02,6.710241141874433435e-01
-4.469640635782403670e-01,8.736079643023666463e-01
2.620876368615729923e-01,1.507165931101299705e-01
-3.880886510211374318e-01,5.424209445678782604e-01
2.167639421202209871e-01,-5.672404376151172212e-01
3.181087616207975977e-01,1.588922995246855319e-01
-6.970308313809110423e-01,8.256851720380118387e-01
-9.786482798760065549e-02,4.221378806237241488e-01
-9.681758738810091192e-01,3.672886520031968249e-01
6.424285890338130578e-01,1.644557871002718663e-01
-9.839538001507053266e-03,-5.468939215307244694e-02
-1.119289715126203788e-03,4.748393324692796735e-01
1.347179238468754203e-01,-4.491001022998912795e-01
4.953652999632158771e-01,5.185184024194535723e-01
2.952008394629384025e-01,-8.465410776249056024e-01
5.544910323817939801e-01,4.919609868817058640e-01
-1.516639593040303158e-01,9.928890551763818184e-01
-1.529709166952093469e-01,-6.589209202256594011e-01
8.886161274758292983e-01,5.306161929673929301e-01
9.723907119306862690e-01,8.038992149326016357e-01
3.005394014094076027e-01,8.028282273173492634e-01
-4.967167342051459489e-01,9.352638389215535142e-01
9.600454812520045067e-01,1.278642642796661288e-01
-3.073810427915681931e-01,-8.461073998479753389e-01
-6.009259698221658397e-01,-4.164340434413227321e-02
1.872246968493638253e-01,-9.638594171826710966e-01
-2.247426581146145796e-01,-5.694290977084228711e-01
-6.923108815769143387e-01,4.708500603667520323e-01
-3.941191527517691195e-01,9.499524747445138306e-01
7.433979087057429602e-02,-6.846499093733700025e-01
-4.837747129615761477e-01,8.329910539594089780e-01
7.040731545799032709e-01,-3.336689628928661833e-01
-8.113896639782893772e-01,-7.132837114431536119e-01
7.410785522224299093e-01,-6.025714774093493542e-01
2.161269911741565686e-01,7.707462860306253383e-01
1.086384253496754937e-01,-7.619649419790743838e-01
6.711293215997502504e-01,2.168456428632059563e-01
-2.428930047773985024e-01,9.535334030067428301e-01
-4.819268233810916069e-01,7.785413983743838529e-01
2.097082367773792644e-01,-8.849831734769157965e-01
-5.919397709432245858e-01,5.475142781122985802e-01
4.824916669433321204e-02,4.760924061584654865e-01
-4.471131431961643532e-01,-4.123456511106169398e-01
-4.232698336025149111e-01,-8.652935050626180402e-01
9.604005440465166465e-01,3.069503063697835987e-01
-1.268716750977589847e-01,-7.725606502560848909e-01
9.691656364515044420e-01,-6.116038602305047256e-01
-7.574819291181915659e-01,6.104639396807813867e-01
5.583901718359007837e-02,3.655109444723740886e-01
-7.394511400774017584e-01,8.515755687995147927e-01
2.900418553333221627e-01,1.270505810939526192e-02
5.336662326386956146e-01,4.058865050569302468e-01
-1.882334956370432799e-01,-5.190645319371713917e-01
-6.317053346669638803e-01,3.413713601026424627e-01
3.544354085543359734e-01,-1.746167736149217831e-01
9.497059820952760134e-01,-3.788156134224183180e-01
7.370240119747588636e-01,7.487195397633168437e-01
-2.833616868922201881e-01,2.598404192393246603e-01
-4.563633660332298003e-01,-2.105126044487874992e-01
1.650880312549258822e-01,3.101853561049427999e-01
2.810859389870934422e-02,8.499127081300756892e-01
6.012546921110313303e-01,5.352754460038200435e-01
4.708973267367984050e-01,-2.784106724319626025e-01
8.997812584312729900e-01,-9.593812824298855180e-01
8.617050711123064310e-01,-7.545256675767759713e-01
5.796211248064797594e-02,-5.164611929901545828e-01
-7.239109995800068198e-01,4.880012327874116984e-02
1.589701386590089971e-01,-6.153464257031491247e-01
5.691715664587249091e-01,-5.180576631645701369e-01
-5.717051469355216575e-02,7.940266617084901224e-01
-4.323059804476157009e-01,4.621917700769702098e-01
-2.967198827712964615e-01,-5.392873403050877368e-01
8.859416451220929467e-01,4.643500139355927203e-02
6.452909773371164892e-01,-3.564745014254913080e-01
-3.443422002827001283e-01,-5.912066335801502426e-01
-4.891935015883317472e-01,9.711284689105486034e-01
-1.894492212531659892e-01,6.081641264950397030e-01
1.467468186524707452e-01,-3.069791522270084450e-01
-5.171595265534447705e-01,8.783647328965771273e-02
-9.949274336755589143e-01,9.139745773119267724e-01
-8.063956352798424820e-01,7.428790450551476798e-01
3.656976730762482308e-01,-3.562271768758729085e-01
-6.354107687647869707e-01,6.438160504478451784e-01
-4.124193946411636169e-02,-7.851036480203206214e-01
-9.484453604296552154e-01,-4.963028432110889732e-01
-2.884537275892919972e-01,-5.956375891720895321e-01
-4.230962869363605883e-01,-3.436735822445715627e-01
7.383820565701904037e-02,5.406481196403618572e-01
-8.762336442097160560e-01,5.178452776662989532e-01
5.553880132426560756e-01,-8.554506698711072943e-01
-2.652116101539860882e-01,5.471110165936792225e-01
-7.049765871021720365e-01,-6.162979576391869330e-02
9.217972161212013571e-01,-9.817182081582442876e-03
-1.452888589610752401e-01,-4.537817736246700928e-01
-5.329331190733554990e-02,-4.894125794701149612e-01
9.773716236918017497e-01,1.724418322834129214e-01
4.515929890388550305e-01,-6.241298918777835603e-01
-1.388222572398636334e-01,7.576215510718966595e-01
-4.435586664766122400e-01,9.986572530810495785e-01
2.698583199554811518e-01,5.330659833093853717e-01
-6.168217605131267600e-01,-3.653992681112070429e-01
-1.974221777410387624e-01,4.575625819760766877e-01
-5.925231209847492408e-02,-8.342529479562386108e-01
4.773264347694468057e-01,4.560296669477825748e-01
9.458857210163502671e-01,-4.591369481812628273e-01
2.762733961697321217e-01,5.914759755334724201e-01
-2.898327339212591891e-01,5.819430084780763401e-01
2.701837037259990915e-01,-5.880870901517289973e-01
1.354147371058127547e-01,6.949326788318064274e-01
5.216095200651142960e-01,2.744066479415334658e-01
3.750607518301445342e-01,9.259457575157512554e-01
-6.865396337770648394e-01,6.788124616654600540e-01
1.397345174009740898e-01,-5.100431187399667721e-03
3.445740014755311886e-01,-6.274194601769034207e-02
-5.768443703863639360e-01,-5.517066757083899375e-01
-7.010374875415124052e-01,7.912807110643969022e-01
-3.046232371142718609e-01,6.600526018174937004e-01
6.674676703815536349e-01,2.262281703648898468e-01
-1.518749377648498378e-01,9.890293282796738250e-01
2.417493416600444700e-01,-4.658447512184937800e-01
-3.264999605498455360e-01,8.652885499500271305e-01
-7.092277668017179515e-01,4.979693666522972961e-01
-3.664181912833726074e-01,2.627222632649888201e-01
-9.818291662548328524e-02,5.835276442974286493e-01
1.750701306010351566e-01,-8.686114265673883228e-01
5.380811239191065631e-01,-2.114017734119419956e-01
-8.868909327862224412e-01,1.149971566141521073e-01
1.806045343731876862e-02,6.710604517974516625e-02
-9.246285100166935500e-01,7.537707583049486626e-01
5.237886905066817533e-01,2.156394129038805563e-01
-2.591946925345227637e-01,-7.508541077446930778e-01
1.889367300087230195e-01,-8.691251876595147419e-01
8.713699754562000965e-01,-6.821659153437706902e-01
-6.144043467510258427e-01,-4.243074724547688525e-01
-1.498429376450105543e-02,-4.602638286571132387e-01
3.483209178508746007e-01,-9.925305187961115383e-01
-7.194882215148623583e-01,-4.961637304278541105e-01
9.743224473500577965e-02,6.489242604491263222e-01
-1.326998784221313787e-01,-7.956076335773907271e-01
-3.944775855215332250e-01,1.403960901540759476e-01
8.093488231759351503e-01,-3.299281865079608522e-01
4.090884372738645691e-01,-1.157681602818778632e-01
-2.814428416797223331e-01,-7.741656956316445015e-01
6.691479882515898314e-01,6.123750695335568039e-01
-7.464310291014735199e-01,7.731460956159250664e-01
5.720461548073685343e-02,-8.978875158097248121e-01
5.114990634250595747e-01,6.279776746832614887e-01
7.064877676294618603e-01,-3.079579338598497085e-01
-5.569617340320864862e-01,4.926131828554267678e-01
-8.758275647875237713e-01,8.071575174423184507e-02
-5.460521348197104885e-01,-1.155705154071140495e-01
2.521987273237702443e-01,5.825507366437578938e-01
-5.105523987050764045e-01,9.460967731122471580e-01
-7.231613445027356146e-01,9.432016233975826225e-03
-8.492952730188416677e-01,-7.798886250806864595e-01
7.700676086382305385e-01,-9.196752754056130019e-01
7.191404770167515448e-01,-1.581819803643691458e-02
8.425751581802680690e-01,-6.512323709019038898e-01
-8.502972627706704145e-01,9.722979229738857310e-01
-4.612884687246070481e-01,2.228896369835651203e-01
4.159206637125443251e-01,6.905226629305420971e-01
-9.449733605139700732e-01,-1.425335366697186856e-01
-3.915576399197688851e-01,-1.039473557952952376e-02
-3.416918570926006371e-01,-2.462046502886277022e-01
-8.196715926189535040e-02,3.622818308037496493e-01
-2.171647232525402149e-01,-3.694708506510246959e-01
-1.151184502307907032e-01,-6.862971752774866818e-01
-4.758716119146673140e-01,-5.295397371779730911e-02
8.371439939929434804e-01,7.335898222905663513e-01
-1.171043299083946998e-01,-4.224158887292064346e-01
1.041151611454640413e-01,9.547155850482100803e-01
-7.378952341381252999e-01,-4.092863890021649631e-01
5.845925493838066700e-01,-4.970350508088245967e-01
4.775745463710734384e-03,2.924938551955058585e-01
-3.055385317460634909e-01,8.205495719118678366e-01
-2.088543748709392744e-02,-4.416953952441642350e-01
-5.341471037243186171e-01,1.752440840425779633e-01
4.899630558198264652e-02,4.472529398271920531e-01
-7.343848050076307032e-01,7.136919371827867842e-01
5.018443395426148701e-01,-1.406581161386286638e-01
3.228939553131924267e-01,7.858932141303149876e-01
-6.968870120527268508e-01,5.007591096974621792e-01
9.999563107353879321e-01,-4.418364070611451311e-01
2.333302802692120981e-01,-8.305479770236592341e-01
-2.871586245651174263e-01,-4.168669893807477322e-01
-8.085320489406107036e-01,7.546534343498516595e-01
-7.223043996353872842e-02,-1.316226980079460152e-01
-7.471966771901783488e-02,2.575487651330603533e-01
-4.391168618873104723e-01,-4.469276333811260660e-01
-3.037367055946493810e-01,-9.255203821171806844e-01
3.938575813466329567e-01,-9.149538926140170503e-01
-6.865874989829046093e-02,6.554387622129429491e-01
-3.347329277717614460e-01,6.644957782357576725e-01
1.363604923651799972e-01,6.052359143974628264e-01
-2.068163464949182018e-01,-7.275841901801904932e-02
-5.822315971477582952e-01,-2.396464039887247210e-03
1.594244010664924716e-02,8.809091263055210952e-01
5.783953458492141486e-02,6.366886708124146477e-01
-6.973083796048213934e-01,-8.364855404752642443e-01
-7.084148831697543169e-01,6.467382112280319895e-01
-9.604032796815595852e-01,4.249991669314931997e-01
-1.634871373528852256e-01,9.310144536691751238e-01
4.906064328304073907e-01,-5.765191705575603009e-01
7.267553775445234621e-01,3.841416127828121141e-01
9.120523919949967695e-01,-1.888710981311181314e-01
4.385063293503763671e-01,-3.859935909938350118e-01
6.647427926238564933e-01,-2.161520078613565765e-02
6.613210824060113957e-01,7.707388759671793821e-01
8.803006351700843890e-01,-3.335228384786947942e-01
6.372780512631344152e-01,7.907361039953033632e-01
4.187942841320047016e-01,2.522560612817685843e-01
3.272140871494633174e-02,-6.771318094783460584e-01
-5.723616367178840925e-01,-7.748711990550540829e-01
1.172515757019831906e-01,9.825416085522904464e-01
-6.458453511520936274e-01,-4.295224340795875673e-01
-3.123112411283397449e-01,5.037608545397920246e-01
-6.536849388148646689e-02,-1.447336574126960596e-01
6.742979139989178083e-01,1.536139350205176779e-01
-5.920021837392848152e-01,1.595451797092419799e-01
-3.991749345457813458e-01,-7.725952566780409647e-01
-7.828232133635861789e-01,-2.123542662907473844e-01
9.736985797343784554e-01,2.230451621544058405e-01
2.085558699227834101e-01,-5.566631235732937277e-01
-8.519151080981446356e-02,-4.453620577592680707e-01
-3.291802343706726752e-01,-1.772956520024453475e-01
-7.007001432701784882e-01,8.889879579953194888e-01
2.143444273704724345e-01,6.534832419351028765e-01
-4.009769544598644764e-01,9.612205258577544154e-01
3.372504725197522646e-01,9.134109058512376311e-01
-1.879368939448022857e-01,-5.346856206602077499e-01
8.664235744783490567e-01,-6.895471090323026520e-01
-4.320413105466271997e-01,-4.012366612177775682e-01
9.514782254736562361e-01,3.633895058822997903e-01
2.541123218889662638e-03,-5.552110889356542955e-02
-1.158285636631521953e-01,6.351636279462002932e-01
-5.062191625508027926e-02,4.384982512928288223e-01
-1.092889194846446976e-01,-6.413686259501665266e-01
6.064211502256071640e-01,6.806361885210319151e-01
-3.224678241020220160e-01,5.245504151798909831e-01
-4.425481541356230952e-01,7.384023265491992394e-01
7.245192987321897871e-01,-8.330755661522704081e-01
5.722501092934373368e-01,1.878479992382755537e-01
5.897432474837849270e-02,-8.800798316348690253e-01
-5.927661872746476934e-01,-6.315436246337147175e-01
-5.646361732222995311e-01,-3.949620867821668213e-01
-7.011660623452069530e-01,-8.918975619193021398e-01
-9.811310305460860803e-01,-8.519151306742889229e-01
-7.572353386920807061e-01,9.371374785922688133e-01
2.815596315770370062e-01,6.459292440095230070e-01
-8.096502633452584696e-01,1.194367343533413450e-01
-3.605953795017491359e-03,-2.605553251980958773e-01
-1.655991240047982593e-02,7.446046122597878014e-01
1.279248704555355776e-01,-8.316150207031347552e-01
-6.957865060984547156e-01,-9.392203535657146496e-01
-9.677929037288623970e-01,-2.464875651944322676e-01
-5.622175416411570037e-01,1.137085606976848684e-01
5.302379513422095236e-01,-3.418914567566420093e-01
-4.539701350856890638e-01,9.033082602054154364e-02
1.269812997813446476e-01,-1.987544930325750858e-01
-1.125456741754173873e-01,-3.790721902078970640e-01
-6.544327385423711618e-01,-4.117978316584300913e-01
-3.029587919405782870e-01,-6.849254673334885801e-01
8.575952607041272824e-01,5.413324134535311138e-01
-9.602202055717314888e-01,5.172644922941040946e-01
1.170853384513124151e-01,6.175262145897493227e-01
-5.965477097764917414e-01,4.562120353456451394e-01
-2.775866009639180731e-01,7.160902652467266982e-01
-6.275147151476208052e-01,4.920782599063653340e-01
5.830542446257556133e-01,-6.665153437853736929e-01
9.956535009036509010e-01,1.661535899169952479e-02
5.496127320686243767e-01,9.250100301958190663e-01
9.858193465987881154e-01,-2.402216180080831709e-01
4.499671412042793861e-02,-4.395821167906901472e-01
-6.258967693707520041e-01,7.418148497594083679e-01
1.221194744564901846e-02,4.783459354348127412e-01
6.508337600529099376e-01,2.028033566709743774e-01
9.591931638128703419e-02,-5.639336101871756934e-01
-8.493571042202956445e-01,9.460239382892647875e-01
4.534238566594142039e-01,-3.077558269502034261e-01
-4.568746468089837087e-01,-4.688576868596812108e-01
-5.648075619495958044e-01,4.309509613018933649e-01
5.152860058298558421e-01,-2.384679755911460752e-01
-3.064079777675932093e-02,-5.170522517978635157e-01
7.648330403514758125e-01,-8.829806698168531920e-01
5.076035732641734910e-01,8.927764845136598737e-02
1.656255293068755741e-01,-8.929681752919556015e-01
-6.861287821165684697e-01,8.711651226709329343e-01
9.551558926520546944e-01,9.396248140898426637e-01
8.526475274115581371e-01,7.227641314264157124e-01
-4.402678820656833469e-01,-9.216947535975608119e-01
8.942893714422359697e-01,1.391780450123469848e-02
9.318920170366951083e-02,-6.531622223784190329e-01
-2.689607184769546855e-01,9.318134866059093468e-01
4.807234549741665752e-01,-9.495644955675124343e-01
-7.810067025649429784e-01,5.334408761351272510e-02
-8.312422014838873885e-01,4.227903196121873819e-03
2.707334954405899996e-01,9.676031108032423500e-01
3.534840824111493696e-01,-7.771705044369729976e-01
3.278106908901965433e-01,-3.260429901841932487e-01
3.315482155688813659e-01,1.612587918210577342e-01
-5.095690930535574648e-01,-1.467496522363020972e-02
9.899516406901516241e-01,9.189139688484140311e-01
2.579782969340185250e-01,-3.619503181317493823e-01
7.803475734968274846e-01,-2.654278746703746528e-01
7.814958982386606134e-01,4.342396878633221213e-01
4.731133352946770287e-02,4.665943822957927534e-01
-1.868259496010569176e-01,9.889735962301473560e-01
9.908704537365764509e-02,-1.814772685977223965e-01
-6.494240548787451051e-01,5.472326411157337755e-01
-1.328608167879188340e-01,-1.719898131680055453e-01
-9.199480661843593143e-01,-6.366311147645111745e-01
9.598144904112406728e-01,9.089094281774736661e-01
9.002612813686117210e-01,-2.316909911066344918e-02
-6.555919327206958247e-01,8.050290201226113496e-01
3.386683990099788044e-01,3.729724125362854359e-01
-2.207259655099822471e-01,-6.266708771821316581e-01
-3.633671331517702718e-01,-8.290473281533650152e-04
9.983684634355689536e-01,-3.215096917308797320e-01
-6.347222092259066084e-01,1.724828490205427833e-01
5.668174226908897495e-01,5.416844785664969297e-01
-3.185843852230083595e-01,6.453504513993137959e-01
5.820052778913480385e-01,1.820387643725904780e-01
9.511674357984496453e-01,8.488328545314567375e-01
3.318492620631241508e-01,7.446345495598389874e-01
9.209933932675875567e-01,-9.391970848962549745e-01
7.782513166916869007e-01,6.129737333455915760e-01
-3.119541128881908598e-01,-3.200835936341350774e-03
5.555129680229280442e-01,5.459486804397584159e-02
4.201677849957696775e-01,-7.714038700457250819e-01
7.038484283855939161e-02,2.081406933610805421e-01
7.191459845235153026e-01,6.921294678023142133e-01
-8.029566923101998377e-01,7.084545535920880877e-01
-9.177896348503986612e-01,-8.291289204263563306e-02
-7.237587631514807995e-02,6.337900838280663418e-01
-5.027855705209189896e-01,5.175684545234304768e-01
-6.141971935890355727e-01,8.910363802697514046e-01
-1.690704539974976495e-01,8.581100220458917072e-01
9.873345826136616932e-01,-9.385720394224736918e-01
2.910305523469092215e-02,-4.256417714326574675e-01
6.744284182946036488e-02,9.760113254542432948e-01
6.365363708074787130e-01,2.753128745307567016e-01
-1.888049487523304482e-01,-6.931281176343284667e-01
-9.522797598738210745e-01,-6.023931203102739218e-02
-6.161893525845716368e-01,-9.657428619767343125e-01
-7.029839475368726553e-01,-3.544230223302355931e-01
-8.520375804758535399e-01,4.543828313489637338e-01
3.785337123314640451e-01,1.119038449109848177e-01
-5.380269420110952439e-01,8.394410211125471477e-01
-9.236357516177220450e-01,5.120801890162256509e-01
9.307827707392064553e-01,2.832640297256294737e-02
-5.053960500506766707e-01,3.770406157515688861e-01
2.272016519195760864e-01,-5.939740480171751269e-01
-2.836195801504841629e-01,-8.929749203359156340e-01
-3.847935241233690906e-01,-4.938115589559568530e-01
-1.554458385545209875e-01,8.562114393763349263e-01
-2.626312908425272319e-01,1.440974483165529119e-01
-7.665109138978203340e-01,-6.404314074056607353e-01
3.127980488453552255e-01,-8.015176648603581366e-01
-9.133445038215477485e-01,8.917364210926750356e-01
-9.679175160391151334e-01,-8.068053345084984507e-01
-9.407878200592612039e-02,-7.246202341883516418e-01
5.085475270483887922e-01,2.370194799116471795e-01
8.798568455534956367e-01,2.829948325334163961e-01
-3.237292150349428965e-01,-3.787426523367560804e-01
4.664652257027905868e-01,-3.262920065327892249e-01
3.567857989042675371e-01,-3.603708485315171295e-02
5.461466051320076343e-01,4.147000077481233227e-02
3.945881077363060374e-01,-7.132635402507279121e-01
-3.457001564330051124e-01,8.540088090676287713e-01
8.025784408655300961e-01,-5.935666218485802226e-02
-1.372407107215547484e-01,-2.586178731904316130e-01
1.171769996937650493e-01,3.778295008138747857e-01
-3.818512294295550724e-02,-5.767417942548394016e-01
7.864334207684302580e-01,6.998033684420112976e-02
9.980590062259802053e-01,-2.909718057729118179e-01
-9.320763888032481681e-01,9.533060304937430729e-01
-2.905140273049031663e-01,2.215879309909827288e-01
7.806622947907142507e-01,-9.245956847837282222e-01
-6.414799399319410789e-01,7.874658607289486412e-01
-1.426049322958959920e-01,-7.553487608765219186e-01
2.362655062102525516e-01,-8.019002300858357746e-01
-9.168261362842637929e-01,-4.100309164265780737e-01
-2.058283732576591252e-01,3.058901260332291816e-01
-3.027806294066091031e-01,-1.912686630745190630e-01
8.368877524388234068e-01,4.388707572085752684e-01
1.961604266170613453e-01,-4.781525412522436014e-01
-2.606416453230424590e-01,8.419704527715137221e-01
7.049467226643266748e-01,7.805259577327825493e-01
7.358552594181180240e-01,-8.022918393768376788e-01
-5.787582184358790460e-01,-3.162271433907291041e-01
-6.905293527495621753e-01,-3.173439767774954845e-02
-4.201545114404325876e-01,8.861850225830474326e-01
-1.336412509140976201e-01,-3.291078935175402176e-01
-7.649828384512045165e-01,-9.037238561504545853e-01
-4.852989562716296668e-01,-9.975093118172622120e-01
9.928366423037660038e-01,-2.514927794028090080e-01
-4.286296458142544452e-01,5.434479999205661382e-01
-3.051031704322313409e-01,-2.664243180616687745e-02
-4.498128009144559680e-01,7.461940363784442809e-01
5.655153790762861288e-01,-2.194522721354545958e-01
-8.172626564812019989e-01,4.384134052032058193e-01
9.843222298498357503e-01,-7.056237582184963220e-01
6.671443474624036973e-01,-7.826264895418924006e-01
-6.105114032859320083e-01,1.025736682543103573e-01
-5.387333018919990835e-01,7.905817164322801460e-01
3.812840706153235448e-01,1.546101221144606797e-01
-6.959680483266819095e-01,2.080675829252802700e-01
-5.704312873699100006e-01,6.365025581502548047e-01
2.271414500820942983e-01,1.755934406556352023e-01
-6.759802229254827655e-01,-9.541254166586554675e-01
-7.534098988488882043e-01,-1.665936652982786814e-01
-3.803698444965331049e-02,-9.737891545355337186e-02
7.759849619765408768e-01,-8.559071981098795856e-01
-1.470672883614079218e-01,-3.843826384859034828e-01
8.470168250132683596e-01,-3.250160549774010477e-01
7.646638024691090330e-01,9.268498231797539511e-01
-4.184102561739422299e-01,2.877151642903368334e-01
8.546560245461920502e-02,-7.931031298088535575e-01
3.822409943933655629e-01,-6.933163806630950887e-01
-2.530604791351422911e-01,4.658962472072010197e-01
-5.054041555482124970e-02,7.359217652369136609e-01
3.681910604293217038e-01,-5.544659810040641901e-02
