0.00024168385,-5.405969e-06,1.1701914e-06,-6.6367656e-06,-2.2409127e-05,2.2497758e-05,-9.490376e-05,-7.075186e-05,-0.00018588634,-4.741259e-05,-1.2668924e-06,-8.253486e-06,-1.4694467e-05,1.569392e-05,2.54251e-05,-2.4966012e-05,-1.4373456e-05,-6.343145e-05,-0.0001342504,-5.8401245e-05,-0.00012949237,-0.00016248075,-0.00019621124,-0.0001293371,-4.642505e-05,-3.1673284e-05,3.8141245e-06,-1.9538453e-05,-4.6003028e-05,-0.00013858995,-7.212659e-05,-4.6612575e-05,-5.6915607e-05,-1.7378405e-05,-4.12886e-05,-8.6167565e-05,-0.00011208815,-0.0001344588,-2.3293422e-05,-0.00015597887,-0.00010874759,-1.6290496e-05,-0.00010979314,-9.554505e-05,-0.00015867299,-0.00015491976,-0.00014662174,-8.578448e-05,-3.212785e-05,1.1538074e-06
-5.405969e-06,0.000114497045,3.8970456e-06,-6.09639e-07,-9.1189617e-07,7.834957e-06,-1.2747076e-06,-9.44989e-07,-1.5010054e-06,-5.3958206e-07,-2.3186924e-07,2.5290524e-06,2.2061258e-06,-2.1799897e-07,-1.1200133e-06,2.1138328e-06,-3.4504268e-07,-5.049e-07,-8.025687e-07,-7.921084e-07,-1.499576e-06,-2.1246142e-06,-2.2810045e-06,-1.3769325e-06,-3.5404827e-07,1.5558139e-06,-2.8452894e-07,7.1973536e-06,-7.002256e-07,-1.2491748e-06,-9.606796e-07,-6.054761e-07,-9.982786e-07,-7.06828e-07,-8.3487475e-07,-1.7519712e-06,-1.418293e-06,-1.2837148e-06,-4.5239972e-07,-1.4889562e-06,-1.3194262e-06,-3.2688004e-07,-1.2555279e-06,-9.555491e-07,-1.6255624e-06,-2.0861771e-06,-2.1118012e-06,-1.1725242e-06,-7.2830187e-07,3.1915522e-07
1.1701914e-06,3.8970456e-06,0.000101654325,-6.1774176e-07,-1.1383773e-06,3.1813724e-06,-3.5223625e-06,-2.6096995e-06,-6.3196458e-06,-1.6842173e-06,-1.6153237e-07,1.4678683e-07,-4.54937e-08,1.362169e-07,4.495875e-07,-5.4946717e-08,2.4347574e-07,-1.0411081e-06,-1.9598335e-06,-2.1972737e-06,-4.69716e-06,-5.961536e-06,-6.9868274e-06,-4.52569e-06,-1.6093916e-06,-2.590698e-07,-1.7493178e-07,6.172644e-06,-1.6469264e-06,-4.7922126e-06,-2.6608784e-06,-1.7221405e-06,-2.5957945e-06,-1.2266717e-06,-1.6983793e-06,-3.397428e-06,-4.0062646e-06,-4.6904343e-06,-8.89998e-07,-5.3195668e-06,-3.725259e-06,-6.5687345e-07,-3.8713215e-06,-3.407796e-06,-5.626649e-06,-5.6208455e-06,-5.402548e-06,-3.173271e-06,-1.3481263e-06,4.2967207e-07
-6.6367656e-06,-6.09639e-07,-6.1774176e-07,0.00021830542,-4.2670313e-06,-1.796172e-06,-1.6330709e-05,-1.4769488e-05,-3.482444e-05,-9.745165e-06,6.6510234e-05,3.4928977e-05,6.2086314e-05,-2.4821215e-06,-2.9914163e-06,3.034238e-05,-5.881514e-06,-1.4459366e-05,-2.8870596e-05,2.3842531e-05,4.585367e-05,2.1934491e-05,6.0889424e-06,-9.715999e-06,-5.0181775e-06,-1.02148015e-05,-4.6709333e-06,-8.941487e-06,-9.788715e-06,-2.6194333e-05,-1.4389349e-05,-7.3709043e-06,-1.3898693e-05,-9.722906e-06,3.308281e-05,-3.0453862e-06,2.6700814e-05,1.2282146e-05,-5.089916e-06,-2.9501241e-05,-2.1782547e-05,-2.5265658e-06,-2.1789969e-05,2.849619e-05,3.6959915e-05,1.8757259e-05,-1.5606813e-05,-1.4603464e-05,1.8819468e-05,-2.200471e-06
-2.2409127e-05,-9.1189617e-07,-1.1383773e-06,-4.2670313e-06,0.00013508822,-8.73715e-06,6.261173e-05,3.625287e-05,8.376491e-06,2.1642156e-06,-3.1563438e-06,-4.2965125e-06,-2.6551866e-06,-1.143839e-06,-3.2023538e-06,4.3280028e-07,3.3021809e-06,1.170607e-05,3.1687418e-05,7.0983824e-06,1.1783959e-05,1.8595529e-05,3.682347e-05,2.3860546e-05,2.0840404e-05,5.952239e-06,-3.696378e-06,-4.7126446e-06,1.4750592e-05,4.1386465e-05,4.9411112e-05,2.1368627e-05,1.2169848e-05,2.5524196e-06,1.2988353e-05,5.7127232e-05,4.243847e-05,2.3818198e-05,6.6280268e-06,3.6995534e-05,3.4264183e-05,2.2337408e-06,4.349937e-05,1.2845993e-05,2.0006739e-05,3.7185306e-05,4.5984896e-05,2.605222e-05,9.261447e-06,-1.8064537e-06
2.2497758e-05,7.834957e-06,3.1813724e-06,-1.796172e-06,-8.73715e-06,0.00019683134,-3.0454677e-05,-2.1940607e-05,-5.6648416e-05,-1.5032196e-05,-2.4164246e-06,1.2708512e-05,6.9939547e-06,2.2444161e-05,2.4664692e-05,-6.0119687e-06,-7.019072e-07,-1.948125e-05,-4.2108615e-05,-1.7827042e-05,-4.0689876e-05,-5.2927768e-05,-6.329365e-05,-4.16249e-05,-1.5594678e-05,-1.1537286e-05,2.7548394e-05,6.185968e-06,-1.3510682e-05,-4.1315518e-05,-2.299543e-05,-1.570993e-05,1.1161555e-05,2.2513545e-06,-1.183188e-05,-3.0012745e-05,-3.607561e-05,-4.129238e-05,-6.1720925e-06,-4.6444016e-05,-3.398969e-05,-4.500952e-06,-3.420266e-05,-2.916593e-05,-4.9791463e-05,-5.0815437e-05,-4.883606e-05,-2.9339142e-05,-8.12664e-06,3.6257338e-06
-9.490376e-05,-1.2747076e-06,-3.5223625e-06,-1.6330709e-05,6.261173e-05,-3.0454677e-05,0.00039514372,8.7200366e-05,0.00010396232,1.856942e-05,-1.3334828e-05,-1.453623e-05,-7.77762e-06,-3.2782698e-06,-1.6555641e-05,-1.6733029e-06,1.9239498e-05,8.141098e-05,0.0002365466,9.590957e-05,0.00021747187,0.00016783127,0.00013903779,7.492007e-05,6.494601e-05,5.635885e-06,-1.538577e-05,-1.4670099e-05,6.6124114e-05,0.0002665767,0.00014912881,4.40124e-05,8.83603e-05,5.3065105e-06,7.4301744e-05,0.00012768789,0.00017898911,0.00027948915,4.484565e-05,0.00027312207,0.00014169223,1.7854572e-05,0.00020512285,0.00017817848,0.00028520921,0.00017917785,0.00012774128,7.412313e-05,5.6150988e-05,-6.5053882e-06
-7.075186e-05,-9.44989e-07,-2.6096995e-06,-1.4769488e-05,3.625287e-05,-2.1940607e-05,8.7200366e-05,0.00034556782,5.071348e-05,3.2123295e-05,-1.1849705e-05,-1.34224565e-05,-8.306754e-06,-5.3325384e-06,-1.8142591e-05,-7.076098e-06,6.3664143e-06,0.00011266539,0.0002095729,1.3139343e-05,3.5088182e-05,4.213539e-05,5.079954e-05,3.6041223e-05,1.899208e-05,6.3112544e-05,-8.856642e-06,8.8396234e-07,8.286803e-05,0.00016444086,0.00010870733,4.3266555e-06,8.247631e-05,5.7928504e-05,1.1913967e-05,0.00017940615,0.00010657316,6.489983e-05,1.6144975e-05,0.000190207,0.00010590613,2.6381626e-06,0.00015618805,2.9240984e-05,6.585321e-05,9.3311e-05,0.000108248525,7.0547154e-05,7.898261e-06,-4.1067733e-06
-0.00018588634,-1.5010054e-06,-6.3196458e-06,-3.482444e-05,8.376491e-06,-5.6648416e-05,0.00010396232,5.071348e-05,0.0009604075,0.00013928046,-2.951419e-05,-3.1414274e-05,-1.8198165e-05,-1.6917116e-05,-5.3018397e-05,-1.2040335e-05,-8.018269e-06,5.033011e-05,0.00016142298,5.0761075e-05,0.00018531151,0.0004428218,0.0007399196,0.00057961926,0.00017289286,5.7432626e-05,-2.941025e-05,-2.4605242e-05,2.2470886e-05,0.00018883457,7.77308e-05,2.5612746e-05,0.00015891268,2.5203197e-05,3.2497674e-06,0.00014860813,0.0002008425,0.00018975958,1.1193826e-05,0.0002395169,0.00017820808,2.5348345e-05,0.00012728918,9.4819996e-05,0.00026773033,0.0004305397,0.00051845046,0.0002817232,1.1062602e-07,-1.0846382e-05
-4.741259e-05,-5.3958206e-07,-1.6842173e-06,-9.745165e-06,2.1642156e-06,-1.5032196e-05,1.856942e-05,3.2123295e-05,0.00013928046,0.00018998604,-8.017766e-06,-8.910332e-06,-5.4995635e-06,-4.9921e-06,-1.4256863e-05,-4.7714957e-06,-1.8832728e-06,2.2117967e-05,4.7946116e-05,5.0425583e-06,1.947087e-05,4.773258e-05,0.00010418202,0.00010487271,3.7970713e-05,4.7412246e-05,-7.072438e-06,-2.1689082e-06,1.3059212e-05,3.8590697e-05,1.4103844e-05,2.3005e-06,6.0348066e-05,2.860421e-05,-2.869977e-07,7.169411e-05,4.837608e-05,2.8781524e-05,3.0081358e-06,4.6411857e-05,2.6243564e-05,2.1192407e-06,2.5145633e-05,1.1361989e-05,3.351109e-05,7.4971336e-05,0.00016679465,0.00014369079,-1.0597602e-06,-2.887398e-06
-1.2668924e-06,-2.3186924e-07,-1.6153237e-07,6.6510234e-05,-3.1563438e-06,-2.4164246e-06,-1.3334828e-05,-1.1849705e-05,-2.951419e-05,-8.017766e-06,0.00014729182,2.7351321e-05,4.5170724e-05,-2.7749647e-06,-2.5663771e-06,2.3857556e-05,-4.942318e-06,-1.1697375e-05,-2.3963647e-05,1.3998364e-05,2.9085451e-05,8.4305875e-06,-5.8266182e-06,-9.08448e-06,-3.6425836e-06,-5.255412e-06,-4.671021e-06,-6.3123834e-06,-8.109934e-06,-2.2142725e-05,-1.1334589e-05,-5.441459e-06,-1.3627666e-05,-8.830076e-06,1.9226249e-05,-4.2294373e-06,9.5949445e-06,-2.2079964e-06,-4.4465833e-06,-2.543383e-05,-1.7954999e-05,-2.0270168e-06,-1.7749233e-05,1.31899815e-05,9.686211e-06,4.0042924e-06,-1.4049332e-05,-1.1466342e-05,9.840353e-06,-1.9539314e-06
-8.253486e-06,2.5290524e-06,1.4678683e-07,3.4928977e-05,-4.2965125e-06,1.2708512e-05,-1.453623e-05,-1.34224565e-05,-3.1414274e-05,-8.910332e-06,2.7351321e-05,0.00016953016,5.2020958e-05,-2.7319588e-06,-3.2287344e-06,1.1176119e-05,-5.0855438e-06,-1.2500063e-05,-2.4855997e-05,1.7971208e-05,1.6414764e-05,-8.324465e-06,-2.817838e-05,-2.108869e-05,-7.905548e-06,-6.566963e-06,-3.120766e-06,-2.921613e-06,-8.415645e-06,-2.16806e-05,-1.1641427e-05,-5.465077e-06,-1.3896088e-05,-9.63032e-06,1.768735e-05,-1.5147452e-05,-1.3916352e-05,-1.2632344e-05,-4.301041e-06,-2.453316e-05,-1.8287094e-05,9.779965e-07,-1.801003e-05,7.863979e-06,-9.770465e-06,-2.0256306e-05,-2.5514038e-05,-1.6362535e-05,2.8759061e-05,-1.1520016e-06
-1.4694467e-05,2.2061258e-06,-4.54937e-08,6.2086314e-05,-2.6551866e-06,6.9939547e-06,-7.77762e-06,-8.306754e-06,-1.8198165e-05,-5.4995635e-06,4.5170724e-05,5.2020958e-05,0.00017780889,-2.9602932e-06,-5.1338775e-06,2.4051908e-05,-4.029619e-06,-7.753365e-06,-1.50187425e-05,3.0266496e-05,5.7184465e-05,1.5389141e-05,-9.270282e-06,-9.966868e-06,-3.811146e-06,-3.727971e-06,-4.026309e-06,-2.568107e-06,-5.2736855e-06,-1.22378515e-05,-6.7980486e-06,-1.60847e-06,-9.048793e-06,-6.810917e-06,3.3742894e-05,-7.340576e-06,-1.8178926e-06,1.9606646e-06,-2.82497e-06,-1.385192e-05,-1.0508318e-05,1.920981e-07,-1.0484286e-05,3.5879173e-05,1.5007662e-05,-3.5920455e-06,-1.3103873e-05,-9.413683e-06,1.6046459e-05,-1.3150873e-06
1.569392e-05,-2.1799897e-07,1.362169e-07,-2.4821215e-06,-1.143839e-06,2.2444161e-05,-3.2782698e-06,-5.3325384e-06,-1.6917116e-05,-4.9921e-06,-2.7749647e-06,-2.7319588e-06,-2.9602932e-06,0.00013810548,2.0427346e-05,-5.2189826e-06,2.2186876e-05,-1.2841641e-06,-7.3428428e-06,-3.1648415e-06,-9.750577e-06,-1.564528e-05,-2.0875526e-05,-1.4827023e-05,-6.2354457e-06,-7.1263876e-06,3.5753594e-05,7.803718e-07,3.506605e-06,-6.4919486e-06,-4.6065798e-06,-6.0440334e-06,2.4658137e-05,2.9986906e-05,7.135498e-06,-9.598034e-06,-9.906989e-06,-7.442093e-06,7.3693564e-06,-8.564379e-06,-7.893815e-06,-6.073425e-07,-6.6119856e-06,-4.9843234e-06,-1.1387962e-05,-1.5358364e-05,-1.656729e-05,-1.1012564e-05,6.67543e-06,9.177161e-06
2.54251e-05,-1.1200133e-06,4.495875e-07,-2.9914163e-06,-3.2023538e-06,2.4664692e-05,-1.6555641e-05,-1.8142591e-05,-5.3018397e-05,-1.4256863e-05,-2.5663771e-06,-3.2287344e-06,-5.1338775e-06,2.0427346e-05,0.00012489036,-9.645576e-06,1.6777587e-05,-1.2805534e-05,-3.1411804e-05,-1.0864517e-05,-3.0803112e-05,-4.4867214e-05,-5.833605e-05,-3.997852e-05,-1.527117e-05,-1.3371942e-05,2.33006e-05,-1.3639512e-06,-2.5064437e-06,-2.90038e-05,-1.6082911e-05,-1.4205268e-05,9.514014e-07,6.8988975e-06,6.294953e-06,-2.5201027e-05,-2.9658628e-05,-2.891734e-05,4.4884173e-06,-3.567609e-05,-2.7494807e-05,-2.7304807e-06,-2.4757888e-05,-1.8771261e-05,-3.813353e-05,-4.3748038e-05,-4.4589826e-05,-2.7707516e-05,6.471777e-06,2.4482763e-06
-2.4966012e-05,2.1138328e-06,-5.4946717e-08,3.034238e-05,4.3280028e-07,-6.0119687e-06,-1.6733029e-06,-7.076098e-06,-1.2040335e-05,-4.7714957e-06,2.3857556e-05,1.1176119e-05,2.4051908e-05,-5.2189826e-06,-9.645576e-06,0.000214673,-6.1298338e-06,-7.90846e-06,-1.3998528e-05,2.0005704e-05,3.3415014e-05,2.2258624e-05,2.8471053e-05,1.7003022e-05,4.854701e-06,2.2302405e-07,-8.093117e-06,-6.9726357e-06,-5.4371667e-06,-9.258038e-06,-3.828027e-06,1.2646722e-05,-9.324878e-06,-8.17196e-06,1.218065e-05,1.2872122e-05,4.309992e-05,3.784629e-05,-3.2959454e-06,-1.0945159e-05,-7.194358e-06,1.0984934e-06,-7.979725e-06,5.1723247e-05,3.399e-05,3.6994374e-05,7.970305e-06,-2.4783246e-06,2.2347049e-06,-2.6462687e-06
-1.4373456e-05,-3.4504268e-07,2.4347574e-07,-5.881514e-06,3.3021809e-06,-7.019072e-07,1.9239498e-05,6.3664143e-06,-8.018269e-06,-1.8832728e-06,-4.942318e-06,-5.0855438e-06,-4.029619e-06,2.2186876e-05,1.6777587e-05,-6.1298338e-06,0.0001679167,2.2984437e-05,2.3150647e-05,4.614106e-06,2.2985882e-06,-7.20699e-06,-1.4454936e-05,-1.1156491e-05,-5.1870793e-06,-6.5940367e-06,4.782489e-05,2.0983936e-05,3.2289172e-05,1.6768221e-05,5.080692e-06,-5.4378934e-06,1.4440923e-05,4.0811516e-05,4.168823e-05,-1.5410824e-06,1.4560497e-06,1.2786197e-05,3.9036164e-05,1.4387738e-05,5.916165e-06,3.420159e-07,8.836514e-06,9.42529e-06,6.001156e-06,-5.322833e-06,-9.258974e-06,-7.302466e-06,3.6090914e-05,1.677655e-05
-6.343145e-05,-5.049e-07,-1.0411081e-06,-1.4459366e-05,1.170607e-05,-1.948125e-05,8.141098e-05,0.00011266539,5.033011e-05,2.2117967e-05,-1.1697375e-05,-1.2500063e-05,-7.753365e-06,-1.2841641e-06,-1.2805534e-05,-7.90846e-06,2.2984437e-05,0.00028148975,0.00025656619,2.8285389e-05,7.004505e-05,5.2380918e-05,3.450591e-05,1.573146e-05,4.3898453e-06,8.589697e-06,-2.773369e-06,6.7763576e-05,7.835188e-05,0.000107686705,3.472668e-05,-1.3472945e-06,7.884829e-05,4.2737374e-05,2.1122181e-05,8.9706606e-05,8.331072e-05,0.00011238948,2.381948e-05,0.0001658953,0.000110519206,3.7787506e-06,7.866905e-05,5.8873517e-05,0.00011421632,7.565895e-05,6.0300947e-05,2.8134564e-05,1.626776e-05,-3.9232935e-07
-0.0001342504,-8.025687e-07,-1.9598335e-06,-2.8870596e-05,3.1687418e-05,-4.2108615e-05,0.0002365466,0.0002095729,0.00016142298,4.7946116e-05,-2.3963647e-05,-2.4855997e-05,-1.50187425e-05,-7.3428428e-06,-3.1411804e-05,-1.3998528e-05,2.3150647e-05,0.00025656619,0.0006797068,9.517361e-05,0.00025378168,0.00019829863,0.00012896038,5.6206707e-05,1.6097423e-05,1.6067419e-05,-1.678177e-05,4.494814e-05,0.00011419912,0.00032721527,0.00010519585,1.1472504e-06,0.00018662246,4.9124865e-05,3.2049997e-05,0.00021329967,0.00025174997,0.0003438377,3.5177807e-05,0.0004377161,0.00021435696,1.4239451e-05,0.0002313882,0.00018981496,0.00037039813,0.00025046262,0.00016711283,6.671943e-05,2.418608e-05,-5.988745e-06
-5.8401245e-05,-7.921084e-07,-2.1972737e-06,2.3842531e-05,7.0983824e-06,-1.7827042e-05,9.590957e-05,1.3139343e-05,5.0761075e-05,5.0425583e-06,1.3998364e-05,1.7971208e-05,3.0266496e-05,-3.1648415e-06,-1.0864517e-05,2.0005704e-05,4.614106e-06,2.8285389e-05,9.517361e-05,0.00022071425,0.00021194984,0.000120634024,4.6101803e-05,1.1720362e-05,1.7563896e-06,-1.0273283e-05,-1.0604216e-05,-1.1187198e-05,1.982148e-05,0.00013374756,5.093797e-05,1.6344631e-05,3.328944e-05,-3.862363e-06,7.392039e-05,1.4781594e-05,6.353982e-05,0.00017323722,1.6241482e-05,0.00015013343,6.508692e-05,2.610033e-05,9.9082186e-05,0.00017164454,0.00020023764,7.4416224e-05,2.0104791e-05,1.7963594e-06,5.390466e-05,-4.316325e-06
-0.00012949237,-1.499576e-06,-4.69716e-06,4.585367e-05,1.1783959e-05,-4.0689876e-05,0.00021747187,3.5088182e-05,0.00018531151,1.947087e-05,2.9085451e-05,1.6414764e-05,5.7184465e-05,-9.750577e-06,-3.0803112e-05,3.3415014e-05,2.2985882e-06,7.004505e-05,0.00025378168,0.00021194984,0.0006325143,0.0003901702,0.00017353671,5.277441e-05,1.2009106e-05,-1.7511715e-05,-2.3109102e-05,-2.322005e-05,3.2274846e-05,0.00034277918,0.00012124739,3.0859694e-05,9.193085e-05,-4.753574e-06,7.975891e-05,5.008114e-05,0.00017839189,0.00043541708,2.2274884e-05,0.00042624408,0.00020013438,3.8059807e-05,0.00026099963,0.00034935935,0.0005485424,0.00024041426,7.977672e-05,1.6925027e-05,4.7234727e-05,-9.074682e-06
-0.00016248075,-2.1246142e-06,-5.961536e-06,2.1934491e-05,1.8595529e-05,-5.2927768e-05,0.00016783127,4.213539e-05,0.0004428218,4.773258e-05,8.4305875e-06,-8.324465e-06,1.5389141e-05,-1.564528e-05,-4.4867214e-05,2.2258624e-05,-7.20699e-06,5.2380918e-05,0.00019829863,0.000120634024,0.0003901702,0.00072657765,0.0005031172,0.00019085484,5.00343e-05,-5.191903e-06,-3.1094467e-05,-3.0052825e-05,2.2503544e-05,0.00026646,0.00011925453,4.7555503e-05,0.00011872937,-1.1369727e-07,2.918933e-05,0.00010438119,0.00023555174,0.0003303873,1.2718846e-05,0.00036872324,0.0002610768,3.931835e-05,0.00020483516,0.00020966001,0.00048969156,0.00043609814,0.0002341403,7.448191e-05,1.4977003e-05,-1.1683904e-05
-0.00019621124,-2.2810045e-06,-6.9868274e-06,6.0889424e-06,3.682347e-05,-6.329365e-05,0.00013903779,5.079954e-05,0.0007399196,0.00010418202,-5.8266182e-06,-2.817838e-05,-9.270282e-06,-2.0875526e-05,-5.833605e-05,2.8471053e-05,-1.4454936e-05,3.450591e-05,0.00012896038,4.6101803e-05,0.00017353671,0.0005031172,0.0010041624,0.00049799745,0.0001394116,3.326162e-05,-3.689e-05,-3.3720957e-05,1.5575082e-05,0.0001849747,0.00012708851,6.2876104e-05,0.00013899816,1.1426015e-05,5.0511926e-06,0.0001908085,0.00028793287,0.00020658779,5.965011e-06,0.00021837739,0.00021770032,2.8435816e-05,0.00014057885,9.345309e-05,0.0002827282,0.00054566044,0.0005213413,0.00021708543,-3.0432893e-06,-1.3572084e-05
-0.0001293371,-1.3769325e-06,-4.52569e-06,-9.715999e-06,2.3860546e-05,-4.16249e-05,7.492007e-05,3.6041223e-05,0.00057961926,0.00010487271,-9.08448e-06,-2.108869e-05,-9.966868e-06,-1.4827023e-05,-3.997852e-05,1.7003022e-05,-1.1156491e-05,1.573146e-05,5.6206707e-05,1.1720362e-05,5.277441e-05,0.00019085484,0.00049799745,0.0006124386,0.00016960246,5.8295365e-05,-2.4324632e-05,-2.1125978e-05,8.064658e-06,8.930472e-05,6.273766e-05,4.5465527e-05,7.234962e-05,1.3066568e-05,-2.6785483e-06,0.00013308025,0.00014889597,8.1376245e-05,1.7347802e-06,9.180125e-05,9.554012e-05,1.0974167e-05,6.463103e-05,2.8350132e-05,9.776248e-05,0.00025167345,0.0003935988,0.00025534973,-6.037184e-06,-9.029128e-06
-4.642505e-05,-3.5404827e-07,-1.6093916e-06,-5.0181775e-06,2.0840404e-05,-1.5594678e-05,6.494601e-05,1.899208e-05,0.00017289286,3.7970713e-05,-3.6425836e-06,-7.905548e-06,-3.811146e-06,-6.2354457e-06,-1.527117e-05,4.854701e-06,-5.1870793e-06,4.3898453e-06,1.6097423e-05,1.7563896e-06,1.2009106e-05,5.00343e-05,0.0001394116,0.00016960246,0.00020036304,2.881023e-05,-9.842037e-06,-7.95926e-06,2.9334637e-06,2.7722e-05,2.1556096e-05,3.718458e-05,2.0481704e-05,4.3267974e-06,-2.3405032e-06,4.940881e-05,4.369454e-05,2.1904954e-05,-3.397451e-07,2.6278067e-05,2.7487498e-05,2.5358268e-06,2.1458109e-05,6.299915e-06,2.5030185e-05,6.9913774e-05,0.0001268873,0.000120094286,-3.3304827e-06,-3.7135328e-06
-3.1673284e-05,1.5558139e-06,-2.590698e-07,-1.02148015e-05,5.952239e-06,-1.1537286e-05,5.635885e-06,6.3112544e-05,5.7432626e-05,4.7412246e-05,-5.255412e-06,-6.566963e-06,-3.727971e-06,-7.1263876e-06,-1.3371942e-05,2.2302405e-07,-6.5940367e-06,8.589697e-06,1.6067419e-05,-1.0273283e-05,-1.7511715e-05,-5.191903e-06,3.326162e-05,5.8295365e-05,2.881023e-05,0.00017199578,-1.0533874e-05,-8.7896365e-07,1.2133895e-05,2.9626679e-05,4.1146766e-05,-2.9975731e-06,1.2605968e-05,1.634994e-05,-9.913685e-06,3.865315e-05,1.0976048e-05,-1.0726367e-05,-2.8015343e-06,1.3068589e-05,2.0381065e-05,-2.3337293e-06,4.5210072e-05,-1.3811225e-05,-1.4201647e-05,1.5704294e-05,7.711899e-05,9.0485555e-05,-9.180695e-06,-3.883428e-06
3.8141245e-06,-2.8452894e-07,-1.7493178e-07,-4.6709333e-06,-3.696378e-06,2.7548394e-05,-1.538577e-05,-8.856642e-06,-2.941025e-05,-7.072438e-06,-4.671021e-06,-3.120766e-06,-4.026309e-06,3.5753594e-05,2.33006e-05,-8.093117e-06,4.782489e-05,-2.773369e-06,-1.678177e-05,-1.0604216e-05,-2.3109102e-05,-3.1094467e-05,-3.689e-05,-2.4324632e-05,-9.842037e-06,-1.0533874e-05,0.00020915251,7.104067e-07,-3.3201527e-06,-1.928544e-05,-1.1999753e-05,-1.013889e-05,1.9381927e-05,6.155166e-05,-6.4881306e-06,-1.551001e-05,-1.9183855e-05,-2.1066327e-05,2.7681457e-05,-1.898318e-05,-1.5642105e-05,-2.6283876e-06,-1.6622958e-05,-1.6029631e-05,-2.677145e-05,-2.8471808e-05,-2.6519318e-05,-1.6260961e-05,-4.6076766e-06,2.3771148e-05
-1.9538453e-05,7.1973536e-06,6.172644e-06,-8.941487e-06,-4.7126446e-06,6.185968e-06,-1.4670099e-05,8.8396234e-07,-2.4605242e-05,-2.1689082e-06,-6.3123834e-06,-2.921613e-06,-2.568107e-06,7.803718e-07,-1.3639512e-06,-6.9726357e-06,2.0983936e-05,6.7763576e-05,4.494814e-05,-1.1187198e-05,-2.322005e-05,-3.0052825e-05,-3.3720957e-05,-2.1125978e-05,-7.95926e-06,-8.7896365e-07,7.104067e-07,0.0002497282,2.0156167e-05,-1.078744e-05,-6.9073767e-06,-8.883836e-06,-9.1849315e-06,1.6245916e-05,-9.080237e-06,-1.2127024e-05,-1.7475311e-05,-2.0257492e-05,1.7478146e-06,1.0585425e-05,3.171977e-05,-3.4572167e-06,-3.1694346e-06,-1.588136e-05,-2.591605e-05,-2.6391335e-05,-2.22825e-05,-1.0974339e-05,-7.52476e-06,5.020676e-06
-4.6003028e-05,-7.002256e-07,-1.6469264e-06,-9.788715e-06,1.4750592e-05,-1.3510682e-05,6.6124114e-05,8.286803e-05,2.2470886e-05,1.3059212e-05,-8.109934e-06,-8.415645e-06,-5.2736855e-06,3.506605e-06,-2.5064437e-06,-5.4371667e-06,3.2289172e-05,7.835188e-05,0.00011419912,1.982148e-05,3.2274846e-05,2.2503544e-05,1.5575082e-05,8.064658e-06,2.9334637e-06,1.2133895e-05,-3.3201527e-06,2.0156167e-05,0.00018374866,9.839027e-05,3.8353588e-05,7.8795756e-07,3.9999788e-05,2.4499099e-05,6.544321e-05,5.6482444e-05,4.6770598e-05,5.5897763e-05,4.754442e-05,0.000103818835,6.184968e-05,3.3597778e-06,6.9158814e-05,3.7164093e-05,4.950232e-05,3.8062695e-05,2.9600009e-05,1.6026575e-05,5.4693093e-05,-1.4916991e-06
-0.00013858995,-1.2491748e-06,-4.7922126e-06,-2.6194333e-05,4.1386465e-05,-4.1315518e-05,0.0002665767,0.00016444086,0.00018883457,3.8590697e-05,-2.2142725e-05,-2.16806e-05,-1.22378515e-05,-6.4919486e-06,-2.90038e-05,-9.258038e-06,1.6768221e-05,0.000107686705,0.00032721527,0.00013374756,0.00034277918,0.00026646,0.0001849747,8.930472e-05,2.7722e-05,2.9626679e-05,-1.928544e-05,-1.078744e-05,9.839027e-05,0.0005650906,0.00019995173,1.6086136e-05,0.000117259566,2.0088835e-05,6.3624764e-05,0.00015241976,0.00021106693,0.00035589028,4.3439693e-05,0.00046999566,0.00025337434,2.7586926e-05,0.00036866465,0.00023931361,0.00040118178,0.0002410883,0.0001457136,6.28968e-05,4.705523e-05,-7.715654e-06
-7.212659e-05,-9.606796e-07,-2.6608784e-06,-1.4389349e-05,4.9411112e-05,-2.299543e-05,0.00014912881,0.00010870733,7.77308e-05,1.4103844e-05,-1.1334589e-05,-1.1641427e-05,-6.7980486e-06,-4.6065798e-06,-1.6082911e-05,-3.828027e-06,5.080692e-06,3.472668e-05,0.00010519585,5.093797e-05,0.00012124739,0.00011925453,0.00012708851,6.273766e-05,2.1556096e-05,4.1146766e-05,-1.1999753e-05,-6.9073767e-06,3.8353588e-05,0.00019995173,0.0002857985,2.3152075e-05,3.4398414e-05,3.0153906e-06,2.9892843e-05,9.959751e-05,0.00010202719,0.00013435031,1.65395e-05,0.00016233751,0.00013410836,1.3638923e-05,0.00021432148,9.0828944e-05,0.00014347419,0.00011550498,0.000108013366,5.005434e-05,2.0337091e-05,-4.6442183e-06
-4.6612575e-05,-6.054761e-07,-1.7221405e-06,-7.3709043e-06,2.1368627e-05,-1.570993e-05,4.40124e-05,4.3266555e-06,2.5612746e-05,2.3005e-06,-5.441459e-06,-5.465077e-06,-1.60847e-06,-6.0440334e-06,-1.4205268e-05,1.2646722e-05,-5.4378934e-06,-1.3472945e-06,1.1472504e-06,1.6344631e-05,3.0859694e-05,4.7555503e-05,6.2876104e-05,4.5465527e-05,3.718458e-05,-2.9975731e-06,-1.013889e-05,-8.883836e-06,7.8795756e-07,1.6086136e-05,2.3152075e-05,0.00028545354,-1.1799427e-06,-4.8529437e-06,2.1258234e-06,1.4483368e-05,2.8560677e-05,3.800223e-05,-3.784934e-08,1.3970972e-05,2.3950526e-05,8.5790825e-06,1.5412257e-05,2.851375e-05,3.4611385e-05,3.537227e-05,2.4900115e-05,2.3474218e-05,-2.1726765e-07,-3.2854207e-06
-5.6915607e-05,-9.982786e-07,-2.5957945e-06,-1.3898693e-05,1.2169848e-05,1.1161555e-05,8.83603e-05,8.247631e-05,0.00015891268,6.0348066e-05,-1.3627666e-05,-1.3896088e-05,-9.048793e-06,2.4658137e-05,9.514014e-07,-9.324878e-06,1.4440923e-05,7.884829e-05,0.00018662246,3.328944e-05,9.193085e-05,0.00011872937,0.00013899816,7.234962e-05,2.0481704e-05,1.2605968e-05,1.9381927e-05,-9.1849315e-06,3.9999788e-05,0.000117259566,3.4398414e-05,-1.1799427e-06,0.00027452625,5.569092e-05,1.7110722e-05,0.00012623899,0.00013632588,0.00013201313,1.7264816e-05,0.00016252307,6.455001e-05,7.1751847e-06,7.469852e-05,6.50443e-05,0.0001473903,0.0001729536,0.00018800044,8.056277e-05,1.3119963e-05,1.1424362e-08
-1.7378405e-05,-7.06828e-07,-1.2266717e-06,-9.722906e-06,2.5524196e-06,2.2513545e-06,5.3065105e-06,5.7928504e-05,2.5203197e-05,2.860421e-05,-8.830076e-06,-9.63032e-06,-6.810917e-06,2.9986906e-05,6.8988975e-06,-8.17196e-06,4.0811516e-05,4.2737374e-05,4.9124865e-05,-3.862363e-06,-4.753574e-06,-1.1369727e-07,1.1426015e-05,1.3066568e-05,4.3267974e-06,1.634994e-05,6.155166e-05,1.6245916e-05,2.4499099e-05,2.0088835e-05,3.0153906e-06,-4.8529437e-06,5.569092e-05,0.00021520196,-3.573598e-06,4.89692e-05,1.9540392e-05,3.7293842e-06,1.6000567e-05,4.4658573e-05,1.621714e-05,-6.899585e-07,1.1392857e-05,-3.0686526e-06,1.4844413e-06,1.811616e-05,4.5650246e-05,3.7565962e-05,-3.4600491e-06,3.8116275e-05
-4.12886e-05,-8.3487475e-07,-1.6983793e-06,3.308281e-05,1.2988353e-05,-1.183188e-05,7.4301744e-05,1.1913967e-05,3.2497674e-06,-2.869977e-07,1.9226249e-05,1.768735e-05,3.3742894e-05,7.135498e-06,6.294953e-06,1.218065e-05,4.168823e-05,2.1122181e-05,3.2049997e-05,7.392039e-05,7.975891e-05,2.918933e-05,5.0511926e-06,-2.6785483e-06,-2.3405032e-06,-9.913685e-06,-6.4881306e-06,-9.080237e-06,6.544321e-05,6.3624764e-05,2.9892843e-05,2.1258234e-06,1.7110722e-05,-3.573598e-06,0.0002583541,4.831014e-06,2.657067e-05,6.826212e-05,6.5030545e-05,4.0545983e-05,1.3888254e-05,1.923873e-05,3.8120957e-05,8.982332e-05,6.231762e-05,1.8861498e-05,-4.2364783e-07,-4.6403115e-06,0.00012239213,-2.840246e-06
-8.6167565e-05,-1.7519712e-06,-3.397428e-06,-3.0453862e-06,5.7127232e-05,-3.0012745e-05,0.00012768789,0.00017940615,0.00014860813,7.169411e-05,-4.2294373e-06,-1.5147452e-05,-7.340576e-06,-9.598034e-06,-2.5201027e-05,1.2872122e-05,-1.5410824e-06,8.9706606e-05,0.00021329967,1.4781594e-05,5.008114e-05,0.00010438119,0.0001908085,0.00013308025,4.940881e-05,3.865315e-05,-1.551001e-05,-1.2127024e-05,5.6482444e-05,0.00015241976,9.959751e-05,1.4483368e-05,0.00012623899,4.89692e-05,4.831014e-06,0.00038058343,0.00020281039,8.996482e-05,8.507174e-06,0.00020598518,0.000114994975,4.177781e-06,0.00012116917,3.344772e-05,9.9082135e-05,0.00021124147,0.00028535238,0.00014517424,2.086482e-07,-6.8562626e-06
-0.00011208815,-1.418293e-06,-4.0062646e-06,2.6700814e-05,4.243847e-05,-3.607561e-05,0.00017898911,0.00010657316,0.0002008425,4.837608e-05,9.5949445e-06,-1.3916352e-05,-1.8178926e-06,-9.906989e-06,-2.9658628e-05,4.309992e-05,1.4560497e-06,8.331072e-05,0.00025174997,6.353982e-05,0.00017839189,0.00023555174,0.00028793287,0.00014889597,4.369454e-05,1.0976048e-05,-1.9183855e-05,-1.7475311e-05,4.6770598e-05,0.00021106693,0.00010202719,2.8560677e-05,0.00013632588,1.9540392e-05,2.657067e-05,0.00020281039,0.0003817953,0.00024293725,1.6042195e-05,0.00027158973,0.00014163635,1.411158e-05,0.00015343202,0.00012540899,0.00028231766,0.0003222503,0.00024433693,9.241956e-05,1.51800205e-05,-7.8098055e-06
-0.0001344588,-1.2837148e-06,-4.6904343e-06,1.2282146e-05,2.3818198e-05,-4.129238e-05,0.00027948915,6.489983e-05,0.00018975958,2.8781524e-05,-2.2079964e-06,-1.2632344e-05,1.9606646e-06,-7.442093e-06,-2.891734e-05,3.784629e-05,1.2786197e-05,0.00011238948,0.0003438377,0.00017323722,0.00043541708,0.0003303873,0.00020658779,8.1376245e-05,2.1904954e-05,-1.0726367e-05,-2.1066327e-05,-2.0257492e-05,5.5897763e-05,0.00035589028,0.00013435031,3.800223e-05,0.00013201313,3.7293842e-06,6.826212e-05,8.996482e-05,0.00024293725,0.0005918439,3.656358e-05,0.00041507173,0.00018617234,3.2262797e-05,0.00026134978,0.00032265662,0.0005499394,0.00027546607,0.00011957096,3.5647634e-05,4.805079e-05,-8.430428e-06
-2.3293422e-05,-4.5239972e-07,-8.89998e-07,-5.089916e-06,6.6280268e-06,-6.1720925e-06,4.484565e-05,1.6144975e-05,1.1193826e-05,3.0081358e-06,-4.4465833e-06,-4.301041e-06,-2.82497e-06,7.3693564e-06,4.4884173e-06,-3.2959454e-06,3.9036164e-05,2.381948e-05,3.5177807e-05,1.6241482e-05,2.2274884e-05,1.2718846e-05,5.965011e-06,1.7347802e-06,-3.397451e-07,-2.8015343e-06,2.7681457e-05,1.7478146e-06,4.754442e-05,4.3439693e-05,1.65395e-05,-3.784934e-08,1.7264816e-05,1.6000567e-05,6.5030545e-05,8.507174e-06,1.6042195e-05,3.656358e-05,0.00016134218,3.615769e-05,1.4694727e-05,2.7457404e-06,2.4843303e-05,2.908596e-05,3.0549476e-05,1.30264425e-05,6.1090445e-06,1.583098e-06,5.5260527e-05,6.16615e-06
-0.00015597887,-1.4889562e-06,-5.3195668e-06,-2.9501241e-05,3.6995534e-05,-4.6444016e-05,0.00027312207,0.000190207,0.0002395169,4.6411857e-05,-2.543383e-05,-2.453316e-05,-1.385192e-05,-8.564379e-06,-3.567609e-05,-1.0945159e-05,1.4387738e-05,0.0001658953,0.0004377161,0.00015013343,0.00042624408,0.00036872324,0.00021837739,9.180125e-05,2.6278067e-05,1.3068589e-05,-1.898318e-05,1.0585425e-05,0.000103818835,0.00046999566,0.00016233751,1.3970972e-05,0.00016252307,4.4658573e-05,4.0545983e-05,0.00020598518,0.00027158973,0.00041507173,3.615769e-05,0.0007102205,0.0003022469,3.2081443e-05,0.00035157593,0.00026803784,0.0005065372,0.00031982845,0.00017689566,6.8716974e-05,2.9516881e-05,-7.617457e-06
-0.00010874759,-1.3194262e-06,-3.725259e-06,-2.1782547e-05,3.4264183e-05,-3.398969e-05,0.00014169223,0.00010590613,0.00017820808,2.6243564e-05,-1.7954999e-05,-1.8287094e-05,-1.0508318e-05,-7.893815e-06,-2.7494807e-05,-7.194358e-06,5.916165e-06,0.000110519206,0.00021435696,6.508692e-05,0.00020013438,0.0002610768,0.00021770032,9.554012e-05,2.7487498e-05,2.0381065e-05,-1.5642105e-05,3.171977e-05,6.184968e-05,0.00025337434,0.00013410836,2.3950526e-05,6.455001e-05,1.621714e-05,1.3888254e-05,0.000114994975,0.00014163635,0.00018617234,1.4694727e-05,0.0003022469,0.00036293,2.310198e-05,0.00022415747,0.00011625357,0.00024215718,0.00019816782,0.00012472278,5.1449257e-05,8.383495e-06,-5.269396e-06
-1.6290496e-05,-3.2688004e-07,-6.5687345e-07,-2.5265658e-06,2.2337408e-06,-4.500952e-06,1.7854572e-05,2.6381626e-06,2.5348345e-05,2.1192407e-06,-2.0270168e-06,9.779965e-07,1.920981e-07,-6.073425e-07,-2.7304807e-06,1.0984934e-06,3.420159e-07,3.7787506e-06,1.4239451e-05,2.610033e-05,3.8059807e-05,3.931835e-05,2.8435816e-05,1.0974167e-05,2.5358268e-06,-2.3337293e-06,-2.6283876e-06,-3.4572167e-06,3.3597778e-06,2.7586926e-05,1.3638923e-05,8.5790825e-06,7.1751847e-06,-6.899585e-07,1.923873e-05,4.177781e-06,1.411158e-05,3.2262797e-05,2.7457404e-06,3.2081443e-05,2.310198e-05,0.00011400644,2.245008e-05,2.9796343e-05,3.9332277e-05,2.302226e-05,9.996636e-06,2.611712e-06,1.5709398e-05,-1.1932927e-06
-0.00010979314,-1.2555279e-06,-3.8713215e-06,-2.1789969e-05,4.349937e-05,-3.420266e-05,0.00020512285,0.00015618805,0.00012728918,2.5145633e-05,-1.7749233e-05,-1.801003e-05,-1.0484286e-05,-6.6119856e-06,-2.4757888e-05,-7.979725e-06,8.836514e-06,7.866905e-05,0.0002313882,9.9082186e-05,0.00026099963,0.00020483516,0.00014057885,6.463103e-05,2.1458109e-05,4.5210072e-05,-1.6622958e-05,-3.1694346e-06,6.9158814e-05,0.00036866465,0.00021432148,1.5412257e-05,7.469852e-05,1.1392857e-05,3.8120957e-05,0.00012116917,0.00015343202,0.00026134978,2.4843303e-05,0.00035157593,0.00022415747,2.245008e-05,0.00043958673,0.00017680848,0.00029711804,0.00017561228,0.00011266809,5.270125e-05,2.6216756e-05,-6.3031994e-06
-9.554505e-05,-9.555491e-07,-3.407796e-06,2.849619e-05,1.2845993e-05,-2.916593e-05,0.00017817848,2.9240984e-05,9.4819996e-05,1.1361989e-05,1.31899815e-05,7.863979e-06,3.5879173e-05,-4.9843234e-06,-1.8771261e-05,5.1723247e-05,9.42529e-06,5.8873517e-05,0.00018981496,0.00017164454,0.00034935935,0.00020966001,9.345309e-05,2.8350132e-05,6.299915e-06,-1.3811225e-05,-1.6029631e-05,-1.588136e-05,3.7164093e-05,0.00023931361,9.0828944e-05,2.851375e-05,6.50443e-05,-3.0686526e-06,8.982332e-05,3.344772e-05,0.00012540899,0.00032265662,2.908596e-05,0.00026803784,0.00011625357,2.9796343e-05,0.00017680848,0.00039013667,0.00036147021,0.00014214583,4.346259e-05,8.025723e-06,5.7221103e-05,-6.3349044e-06
-0.00015867299,-1.6255624e-06,-5.626649e-06,3.6959915e-05,2.0006739e-05,-4.9791463e-05,0.00028520921,6.585321e-05,0.00026773033,3.351109e-05,9.686211e-06,-9.770465e-06,1.5007662e-05,-1.1387962e-05,-3.813353e-05,3.399e-05,6.001156e-06,0.00011421632,0.00037039813,0.00020023764,0.0005485424,0.00048969156,0.0002827282,9.776248e-05,2.5030185e-05,-1.4201647e-05,-2.677145e-05,-2.591605e-05,4.950232e-05,0.00040118178,0.00014347419,3.4611385e-05,0.0001473903,1.4844413e-06,6.231762e-05,9.9082135e-05,0.00028231766,0.0005499394,3.0549476e-05,0.0005065372,0.00024215718,3.9332277e-05,0.00029711804,0.00036147021,0.00077979424,0.00036595506,0.00014403282,3.8995444e-05,4.0252915e-05,-1.05841755e-05
-0.00015491976,-2.0861771e-06,-5.6208455e-06,1.8757259e-05,3.7185306e-05,-5.0815437e-05,0.00017917785,9.3311e-05,0.0004305397,7.4971336e-05,4.0042924e-06,-2.0256306e-05,-3.5920455e-06,-1.5358364e-05,-4.3748038e-05,3.6994374e-05,-5.322833e-06,7.565895e-05,0.00025046262,7.4416224e-05,0.00024041426,0.00043609814,0.00054566044,0.00025167345,6.9913774e-05,1.5704294e-05,-2.8471808e-05,-2.6391335e-05,3.8062695e-05,0.0002410883,0.00011550498,3.537227e-05,0.0001729536,1.811616e-05,1.8861498e-05,0.00021124147,0.0003222503,0.00027546607,1.30264425e-05,0.00031982845,0.00019816782,2.302226e-05,0.00017561228,0.00014214583,0.00036595506,0.00059767626,0.00036966227,0.00013300007,8.298803e-06,-1.1161824e-05
-0.00014662174,-2.1118012e-06,-5.402548e-06,-1.5606813e-05,4.5984896e-05,-4.883606e-05,0.00012774128,0.000108248525,0.00051845046,0.00016679465,-1.4049332e-05,-2.5514038e-05,-1.3103873e-05,-1.656729e-05,-4.4589826e-05,7.970305e-06,-9.258974e-06,6.0300947e-05,0.00016711283,2.0104791e-05,7.977672e-05,0.0002341403,0.0005213413,0.0003935988,0.0001268873,7.711899e-05,-2.6519318e-05,-2.22825e-05,2.9600009e-05,0.0001457136,0.000108013366,2.4900115e-05,0.00018800044,4.5650246e-05,-4.2364783e-07,0.00028535238,0.00024433693,0.00011957096,6.1090445e-06,0.00017689566,0.00012472278,9.996636e-06,0.00011266809,4.346259e-05,0.00014403282,0.00036966227,0.0006927517,0.00031923514,-4.724645e-06,-1.0739895e-05
-8.578448e-05,-1.1725242e-06,-3.173271e-06,-1.4603464e-05,2.605222e-05,-2.9339142e-05,7.412313e-05,7.0547154e-05,0.0002817232,0.00014369079,-1.1466342e-05,-1.6362535e-05,-9.413683e-06,-1.1012564e-05,-2.7707516e-05,-2.4783246e-06,-7.302466e-06,2.8134564e-05,6.671943e-05,1.7963594e-06,1.6925027e-05,7.448191e-05,0.00021708543,0.00025534973,0.000120094286,9.0485555e-05,-1.6260961e-05,-1.0974339e-05,1.6026575e-05,6.28968e-05,5.005434e-05,2.3474218e-05,8.056277e-05,3.7565962e-05,-4.6403115e-06,0.00014517424,9.241956e-05,3.5647634e-05,1.583098e-06,6.8716974e-05,5.1449257e-05,2.611712e-06,5.270125e-05,8.025723e-06,3.8995444e-05,0.00013300007,0.00031923514,0.0003908383,-5.9829626e-06,-6.588124e-06
-3.212785e-05,-7.2830187e-07,-1.3481263e-06,1.8819468e-05,9.261447e-06,-8.12664e-06,5.6150988e-05,7.898261e-06,1.1062602e-07,-1.0597602e-06,9.840353e-06,2.8759061e-05,1.6046459e-05,6.67543e-06,6.471777e-06,2.2347049e-06,3.6090914e-05,1.626776e-05,2.418608e-05,5.390466e-05,4.7234727e-05,1.4977003e-05,-3.0432893e-06,-6.037184e-06,-3.3304827e-06,-9.180695e-06,-4.6076766e-06,-7.52476e-06,5.4693093e-05,4.705523e-05,2.0337091e-05,-2.1726765e-07,1.3119963e-05,-3.4600491e-06,0.00012239213,2.086482e-07,1.51800205e-05,4.805079e-05,5.5260527e-05,2.9516881e-05,8.383495e-06,1.5709398e-05,2.6216756e-05,5.7221103e-05,4.0252915e-05,8.298803e-06,-4.724645e-06,-5.9829626e-06,0.00021872626,-2.193315e-06
1.1538074e-06,3.1915522e-07,4.2967207e-07,-2.200471e-06,-1.8064537e-06,3.6257338e-06,-6.5053882e-06,-4.1067733e-06,-1.0846382e-05,-2.887398e-06,-1.9539314e-06,-1.1520016e-06,-1.3150873e-06,9.177161e-06,2.4482763e-06,-2.6462687e-06,1.677655e-05,-3.9232935e-07,-5.988745e-06,-4.316325e-06,-9.074682e-06,-1.1683904e-05,-1.3572084e-05,-9.029128e-06,-3.7135328e-06,-3.883428e-06,2.3771148e-05,5.020676e-06,-1.4916991e-06,-7.715654e-06,-4.6442183e-06,-3.2854207e-06,1.1424362e-08,3.8116275e-05,-2.840246e-06,-6.8562626e-06,-7.8098055e-06,-8.430428e-06,6.16615e-06,-7.617457e-06,-5.269396e-06,-1.1932927e-06,-6.3031994e-06,-6.3349044e-06,-1.05841755e-05,-1.1161824e-05,-1.0739895e-05,-6.588124e-06,-2.193315e-06,0.00014415332
