0.009967926,0.00930521,0.017430356,0.015068226,0.0124999015,0.010147831,0.042337667,0.031016672,0.021887057,0.093568794,0.042369377,0.0076920297,0.014979308,0.18264394,0.018200299,0.096590705,0.009747795,0.009699037,0.009278566,0.008663208,0.007800102,0.16271336,0.08870967,0.04652418,0.014276287,0.012584477,0.010958469,0.04804402,0.037846595,0.027106674
0.010001398,0.009337279,0.01762088,0.015218725,0.012608834,0.010222667,0.043512695,0.03167068,0.022215934,0.09627235,0.042635165,0.0076924115,0.015021754,0.18580607,0.018263016,0.101039626,0.009704019,0.009659207,0.009246333,0.00863871,0.0077839624,0.15219411,0.08603769,0.04600415,0.014124644,0.012483539,0.0108899465,0.046268385,0.036796007,0.026605664
0.009774078,0.009110637,0.01596479,0.0138974525,0.011641046,0.0095499465,0.03353957,0.025865633,0.01916905,0.06795371,0.037095856,0.0077712648,0.0147422645,0.14065433,0.017582199,0.10554462,0.01027311,0.010182652,0.009678671,0.008974828,0.008015056,0.30423963,0.10865962,0.04843763,0.01594162,0.013673416,0.0116873225,0.07015332,0.049403727,0.031951305
0.010472816,0.010002807,0.019123072,0.017052446,0.014389943,0.01173834,0.050503522,0.03891459,0.027624989,0.17538124,0.06704768,0.008025878,0.014953228,0.2150491,0.024142358,0.24368848,0.0098202545,0.01000342,0.009798043,0.009335389,0.008532948,0.19798456,0.13527496,0.069060266,0.014569895,0.013695983,0.01219725,0.052066784,0.04521323,0.033546574
0.010155384,0.010802631,0.018978538,0.020560816,0.02044116,0.01862414,0.04347822,0.054306023,0.05487639,0.2189024,0.48334506,0.007913205,0.011165073,0.05158498,0.104446605,0.2075526,0.0081519475,0.009067838,0.009825526,0.010359429,0.010372492,0.055842336,0.107519984,0.178058,0.011767938,0.014641279,0.014928361,0.032783892,0.04353374,0.049536422
0.010080994,0.009330331,0.014533467,0.01270584,0.01073739,0.008899935,0.024037052,0.019725103,0.015557079,0.037354678,0.025764124,0.008463697,0.015298436,0.07619158,0.016017454,0.056467526,0.012209063,0.011995367,0.011206022,0.010178736,0.008881765,0.33983555,0.101200745,0.043264873,0.021426357,0.01700598,0.013849498,0.17365804,0.078849345,0.039579093
0.01180792,0.012743565,0.02466055,0.027648922,0.02769567,0.02464673,0.06541462,0.09721572,0.10279907,0.1980344,17.480562,0.008814434,0.01257614,0.05221764,0.14045821,0.16413672,0.008628246,0.0097131645,0.0106235705,0.0113032535,0.011379686,0.04374737,0.07267875,0.10383431,0.01191674,0.015115795,0.015585016,0.027097423,0.034500282,0.038930308
0.011976005,0.010962857,0.01860981,0.015776716,0.012896763,0.0103544425,0.033987872,0.026142353,0.01934096,0.05143289,0.032053582,0.0096464865,0.019054953,0.15077609,0.017651549,0.07353009,0.013807835,0.013590782,0.012649142,0.0113988025,0.009832691,0.64990395,0.099798575,0.037688848,0.024023134,0.01891377,0.015222703,0.17103778,0.08145599,0.04138657
0.01242579,0.011681459,0.02007226,0.017619044,0.014672358,0.011857907,0.03845981,0.031143313,0.023412185,0.068151884,0.042731736,0.009952049,0.018481418,0.17085263,0.023041092,0.110529624,0.013575436,0.013825085,0.013304472,0.012308889,0.01081929,19.22566,0.24558733,0.060842667,0.023997616,0.020974914,0.0173243,0.22580726,0.12654573,0.060543817
0.011921946,0.012716007,0.02004667,0.021538636,0.021196757,0.019078443,0.0355154,0.04196797,0.0419826,0.08419105,0.10179734,0.009703582,0.013001267,0.052340765,0.09389173,0.13353735,0.010523755,0.012045587,0.013254442,0.014052301,0.013906855,0.053026266,0.21288359,15.167411,0.017285349,0.02331385,0.023592364,0.067753024,0.13438904,0.1981844
0.011513456,0.012672618,0.019010745,0.021507816,0.022378905,0.021140996,0.0311003,0.03974235,0.04430545,0.06531621,0.09419585,0.009472454,0.011727415,0.036926653,0.1425404,0.08657481,0.009778007,0.011421797,0.012894736,0.014176913,0.014555853,0.029704094,0.07590506,0.44826585,0.015528426,0.02264992,0.024403974,0.046274044,0.08994594,0.16936812
0.01159682,0.012777726,0.019344088,0.021951923,0.022880085,0.02160165,0.032021083,0.041313406,0.04631517,0.06815577,0.10084552,0.009498336,0.011792378,0.037261214,0.15385802,0.08904741,0.009760546,0.011403033,0.012879003,0.014167856,0.014559134,0.029903011,0.072221786,0.42470434,0.01541508,0.022465093,0.024227384,0.045317817,0.08628204,0.15748194
0.014341169,0.013607661,0.034708753,0.029105514,0.022454621,0.016756777,0.19961773,0.09855871,0.04874255,0.20336355,0.08354011,0.009821244,0.020311294,0.16530822,0.026581949,0.08800915,0.01073431,0.011079483,0.010937433,0.010465214,0.00957508,0.049595904,0.047600083,0.037439857,0.013772804,0.013423482,0.012212584,0.026027529,0.02474146,0.021371065
0.013988195,0.01225513,0.023026373,0.018015306,0.013824656,0.010598724,0.044946935,0.029638488,0.01990296,0.05009678,0.028823566,0.010707545,0.02547144,0.26156706,0.013736092,0.056131795,0.01564518,0.0148948105,0.01338624,0.011664945,0.009805579,0.18815503,0.071154065,0.034529436,0.025168067,0.01809708,0.014259843,0.083168,0.04815301,0.028901841
0.01690349,0.015718384,0.037005648,0.03005887,0.02269364,0.016693672,0.13566013,0.077531256,0.04267788,0.18113995,0.073582746,0.011964154,0.02622779,13.785477,0.02135029,0.13821523,0.014687546,0.015183547,0.014747363,0.013708207,0.0120514585,0.16533665,0.12917958,0.06985535,0.022229863,0.02050638,0.017440323,0.063128285,0.054090083,0.03910159
0.017438266,0.016176956,0.03857363,0.031080605,0.023262998,0.016996002,0.14216408,0.07968001,0.043299288,0.1711083,0.07246314,0.012282332,0.027231885,13.269399,0.02144087,0.12908962,0.015096898,0.015623365,0.015162534,0.014061738,0.012322459,0.1599176,0.12624165,0.06910121,0.02290594,0.021083936,0.017858258,0.063699275,0.054529097,0.039370995
0.013455796,0.0157971,0.025237413,0.033079065,0.039652597,0.04049658,0.039147574,0.06876448,0.116196506,0.059722256,0.1346968,0.010480579,0.011965701,0.018494675,14.415242,0.052306406,0.009340954,0.011273222,0.01329185,0.015373389,0.016796613,0.027364317,0.04896125,0.098121844,0.013120092,0.020601291,0.024038436,0.02468931,0.037161417,0.05506886
0.013206532,0.0130866775,0.0181199,0.017401028,0.015646474,0.01334185,0.02480022,0.024153547,0.021368116,0.03492874,0.030998202,0.011557028,0.016481485,0.049742218,0.02880678,0.04876123,0.015464772,0.01707108,0.017487552,0.016953623,0.015198046,0.13965233,0.1798492,0.123693794,0.03263177,0.03579948,0.029834311,0.68298626,3.8265684,0.25288624
0.013861007,0.013303094,0.019044226,0.017443802,0.015067816,0.01247764,0.026409928,0.024106229,0.020235118,0.035006743,0.028784933,0.011980441,0.018896962,0.060787156,0.023987288,0.0477631,0.017212864,0.018302483,0.017956877,0.01666105,0.014410013,0.19031075,0.1654854,0.08882079,0.037715916,0.034748003,0.027072849,14.245513,0.615613,0.096923046
0.014084498,0.013515266,0.019578459,0.017901793,0.015414329,0.012719895,0.027462967,0.024996363,0.02086742,0.03650059,0.029829897,0.012099314,0.019259535,0.06433296,0.024566859,0.049815632,0.017314855,0.018433126,0.018097637,0.016796274,0.014523235,0.20583995,0.17877524,0.09279031,0.03779485,0.034949474,0.02724459,34.62013,0.6015514,0.098260105
0.014423029,0.013824857,0.019951275,0.018212372,0.015643299,0.012876738,0.02760614,0.025126792,0.020968486,0.035888974,0.029445663,0.012402974,0.019737171,0.06370718,0.024535196,0.04825783,0.0178424,0.019032063,0.01867663,0.01728725,0.014884517,0.19192569,0.16886728,0.0902829,0.03956532,0.03646827,0.028167782,30.479937,0.6280012,0.09866802
0.013625613,0.01305374,0.01744224,0.01604567,0.013987315,0.011707099,0.02218374,0.020506432,0.017629096,0.027528824,0.02344886,0.012191755,0.018298062,0.045549985,0.021115508,0.03610036,0.018113988,0.019241262,0.018783282,0.017275777,0.01479185,0.11342418,0.10220011,0.066252194,0.042086784,0.03765931,0.02855442,1.3079319,0.46749204,0.108424686
0.020506328,0.022196077,0.06363392,0.07362203,0.06334206,0.044305183,0.27077958,2.041437,0.5736753,0.13768248,0.17236592,0.013468047,0.021071933,0.06640822,0.08503111,0.06384261,0.012196971,0.014049919,0.015478583,0.016257677,0.015894098,0.035868835,0.04805135,0.05355196,0.015800944,0.020102505,0.020200778,0.025248006,0.029527228,0.030964667
0.020492459,0.017235337,0.048756935,0.031340733,0.02055854,0.014099623,0.095343545,0.037297033,0.021612607,0.05140885,0.0316846,0.013171248,0.039894726,0.12661615,0.015990084,0.03593282,0.015866732,0.015366329,0.014016503,0.012339097,0.010453791,0.03867035,0.031635705,0.02352611,0.01893454,0.015414343,0.01288735,0.025408622,0.021513421,0.017282313
0.019232364,0.021349194,0.032799307,0.037026383,0.03617023,0.030538956,0.044418983,0.05611652,0.057585612,0.054390647,0.063292794,0.015346367,0.018909166,0.049139503,0.09971688,0.056973148,0.015851898,0.019590713,0.022985004,0.025344258,0.024913205,0.06011694,0.124725565,0.21985486,0.027923148,0.048795413,0.050888512,0.07035066,0.15279527,0.27600956
0.023293361,0.025505109,0.08039769,0.09749159,0.08056517,0.052124113,0.20583023,16.88373,0.6640309,0.100101605,0.1198599,0.014844387,0.02301292,0.059938535,0.07741167,0.051588185,0.0130196735,0.015170328,0.016855465,0.017784394,0.017361874,0.032397535,0.042282227,0.04670152,0.016532417,0.021369804,0.021537917,0.024044959,0.027945485,0.029355742
0.023111612,0.025310373,0.08008144,0.09736798,0.08070713,0.052282773,0.2000427,19.216072,0.67121774,0.097041726,0.11618081,0.014699858,0.02276796,0.05799076,0.07492196,0.049982287,0.012830127,0.0149224205,0.016564004,0.01747518,0.017081473,0.031289548,0.040499903,0.044618048,0.016152086,0.020786082,0.020969687,0.023224656,0.026870793,0.028202293
0.02411636,0.026490135,0.08558015,0.105230235,0.085799545,0.05424419,0.17939878,25.023422,0.6527905,0.0937518,0.111221656,0.015253913,0.023573857,0.058710903,0.07587492,0.049414434,0.013279105,0.015525494,0.01729322,0.018268337,0.01782185,0.03182695,0.041357156,0.045606542,0.016804012,0.021830147,0.022013575,0.023925377,0.027789366,0.029206151
0.022363937,0.02608258,0.06898727,0.10365727,0.10898233,0.07612096,0.08369347,0.53233093,14.240559,0.06903308,0.09878213,0.014571849,0.019467538,0.039761487,0.10004976,0.040274125,0.0119555965,0.014249784,0.01639901,0.01812732,0.018522084,0.025386015,0.034075703,0.040963743,0.014822326,0.020641299,0.022051703,0.020191737,0.024382988,0.027316734
0.03580554,0.03129358,0.17217045,0.08623324,0.043951273,0.025164941,0.52007776,0.14810175,0.05650393,0.053249437,0.040562958,0.019783221,0.05593018,0.08792147,0.025270922,0.033929333,0.020155804,0.021454116,0.020937985,0.019069146,0.016213374,0.033296347,0.033036552,0.028069442,0.023593402,0.022641206,0.019484121,0.025665829,0.024506204,0.021483997
0.018963424,0.017833933,0.021109527,0.01909278,0.016242996,0.013268412,0.021459851,0.020001387,0.01736736,0.020984974,0.018672228,0.017827418,0.024925299,0.03498846,0.0190573,0.023984801,0.029514195,0.032591827,0.031339526,0.027126044,0.021349218,0.054250695,0.052557763,0.041559782,0.097362615,0.07688606,0.04649309,0.1910359,0.15228395,0.082598105
0.0504042,0.041778583,0.34222725,0.10942939,0.0465141,0.02479827,0.21916218,0.11071357,0.05359586,0.038960066,0.031898398,0.025218118,0.08017132,0.063313685,0.023218874,0.026832743,0.024742633,0.026691722,0.025882388,0.022977296,0.018892359,0.028341034,0.02824006,0.024566358,0.02732948,0.026024858,0.021936964,0.024132295,0.02311523,0.020467719
0.033492252,0.03046059,0.037745584,0.032229505,0.025089756,0.01874278,0.0316527,0.028990127,0.024033368,0.024043,0.021452334,0.02884731,0.044515386,0.04267671,0.02223754,0.024351029,0.047437448,0.05766787,0.05566967,0.04464822,0.03149703,0.046516016,0.047118858,0.039115973,0.18712816,0.15169616,0.06934295,0.09507877,0.08848047,0.06259627
0.039572787,0.032505278,0.042089403,0.032414805,0.023597917,0.017000223,0.03276287,0.02787393,0.021947127,0.022295313,0.019150397,0.032754444,0.06730042,0.0434778,0.018307911,0.021829482,0.06599152,0.07218131,0.059202034,0.041840635,0.027703391,0.041403558,0.038184788,0.030295547,0.2878526,0.1035112,0.04864885,0.07216713,0.0585251,0.04133479
0.06523881,0.07018419,1.5221341,1.0545126,0.14784653,0.05087011,0.1249104,0.14145808,0.097020745,0.03230834,0.032086782,0.030345032,0.048860714,0.036945313,0.031379096,0.022472966,0.02205231,0.026977398,0.030257672,0.03052042,0.027174214,0.021136535,0.023777649,0.023784745,0.023546213,0.029690025,0.02821252,0.019463317,0.020844929,0.020744413
0.056177754,0.04627646,0.38909113,0.119526036,0.049124535,0.025827302,0.114934206,0.078573175,0.04668896,0.027629828,0.024239441,0.025999188,0.07054183,0.03724018,0.019280579,0.019357726,0.02207168,0.023820272,0.023391675,0.02116363,0.017815925,0.019197332,0.019350652,0.017716235,0.021173652,0.020821538,0.018354928,0.01677574,0.016371392,0.015128803
0.04091429,0.065478995,0.05105224,0.19330505,24.168255,0.6408136,0.043285612,0.071977854,0.10734375,0.022819614,0.02761239,0.02578923,0.02061512,0.020005966,0.043838795,0.017254857,0.015200291,0.020355083,0.026929716,0.03423506,0.038949743,0.014805986,0.018367067,0.021469338,0.016661013,0.028346287,0.034049477,0.014608497,0.017467128,0.0201295
0.03106642,0.050142486,0.03217762,0.078769006,0.5293593,15.471073,0.031552132,0.05152713,0.083683535,0.019383969,0.024226617,0.021770671,0.015957685,0.016115317,0.04223495,0.0150281405,0.012683163,0.016901921,0.02258238,0.029770661,0.036571167,0.0125694,0.015745312,0.018875558,0.0137997605,0.023897486,0.030114269,0.0124830725,0.015086593,0.017865755
0.07541456,0.13452525,0.123757415,0.27209818,0.27622268,0.12600693,0.042493228,0.056724887,0.062908,0.022022283,0.024410529,0.04541269,0.026732676,0.023623314,0.036631867,0.017799562,0.02510639,0.03807878,0.057038452,0.07684327,0.07800057,0.018176086,0.022160975,0.0247756,0.02930804,0.06237586,0.07395323,0.020174133,0.02414289,0.027142715
0.095034435,0.10673794,0.824749,0.73376673,0.1565088,0.056243528,0.06494465,0.07066627,0.05866208,0.022076098,0.022155713,0.03793696,0.050100714,0.0252067,0.0232048,0.016222997,0.023055436,0.028611526,0.03252843,0.032887165,0.02917691,0.015695555,0.017247451,0.01732242,0.021548277,0.026934875,0.025976108,0.015117349,0.015992966,0.016013013
0.040122233,0.032495193,0.029172102,0.024027778,0.018780412,0.014379381,0.019857775,0.017965693,0.015348096,0.014235029,0.012883355,0.04278798,0.054858435,0.023521816,0.013578918,0.014108794,0.12814824,0.14512368,0.096664704,0.054859374,0.031532586,0.023831232,0.02267555,0.019605445,37.489056,0.09507843,0.041951466,0.040791053,0.035769165,0.028564624
0.11400217,0.07860561,0.31476793,0.11278985,0.04945477,0.02649129,0.05184008,0.04340288,0.032105397,0.01817208,0.01674885,0.04068794,0.09703684,0.024240928,0.015373192,0.013798266,0.028635275,0.031565197,0.030803768,0.02683233,0.021566473,0.014603454,0.014731612,0.01380214,0.023028566,0.022605415,0.0197681,0.014047487,0.013765159,0.01293082
0.08066254,0.04855212,0.05028317,0.03391777,0.022818817,0.015805867,0.02672993,0.022302628,0.017662637,0.015329785,0.013457142,0.06421982,0.21905886,0.026846506,0.013035935,0.014018162,0.23004968,0.19023561,0.09370593,0.047643587,0.026934408,0.02151045,0.019912956,0.01693903,0.2227797,0.06637311,0.035813525,0.028948355,0.025011754,0.020442482
0.035113387,0.026920397,0.023361929,0.018885171,0.0148430895,0.011552473,0.01608226,0.014283628,0.012167137,0.011624345,0.010415642,0.04041281,0.053289924,0.019093676,0.010639642,0.011542772,0.19455156,0.14564894,0.075209685,0.040348887,0.023634227,0.019145288,0.01756523,0.015031805,1.4475454,0.06006403,0.02932449,0.030817831,0.02593079,0.020707136
0.102197535,0.046156254,0.059748545,0.034150157,0.021286244,0.014238749,0.027540816,0.021741094,0.016623575,0.013929625,0.012072661,0.06245924,2.265409,0.023526037,0.011033499,0.012095613,0.12589513,0.0918485,0.054573208,0.03275735,0.020814642,0.01663207,0.015241074,0.013080027,0.064602986,0.033863347,0.023069222,0.019083237,0.016719738,0.014146652
0.08341336,0.18978421,0.08793225,0.15941133,0.17857517,0.109691575,0.026849331,0.03274344,0.035757147,0.013630224,0.014799811,0.046582032,0.02656179,0.014186184,0.019229954,0.01086041,0.01932954,0.026530301,0.03544921,0.043484285,0.045679014,0.010505897,0.011888888,0.012775049,0.017059032,0.025749542,0.028575877,0.010899799,0.012068635,0.012967054
0.07955532,0.04102091,0.03520695,0.024559703,0.017330268,0.012546012,0.018392796,0.01559765,0.012785483,0.0108579695,0.009672018,0.07806929,0.19797406,0.01744194,0.009443621,0.009898184,0.61271584,0.1939856,0.07040473,0.03419703,0.019855665,0.014112121,0.0130342115,0.011373758,0.09743783,0.038727924,0.024555229,0.017785147,0.01562958,0.01331593
0.06717907,0.09977386,0.033162694,0.037542876,0.03680559,0.031335536,0.016313195,0.017999457,0.018523369,0.011080146,0.011582964,0.10202996,0.02644192,0.013281952,0.01628245,0.010203468,0.025233585,0.05712639,0.21052568,16.016651,0.6956068,0.012331266,0.013912471,0.014777908,0.043441985,0.15182793,0.1927258,0.016425524,0.01871371,0.020343395
0.09381499,0.06142079,0.03362863,0.027288465,0.020899182,0.01569847,0.016822783,0.015616784,0.013755373,0.010609983,0.009941767,0.1572498,0.07754478,0.015718648,0.010918575,0.009855339,0.50038356,19.664528,0.24619044,0.06492818,0.03135883,0.013837108,0.0136260595,0.012574046,0.15026018,0.082314104,0.04608206,0.018929522,0.017956987,0.016206954
0.050224315,0.08186762,0.028660985,0.034838483,0.037501585,0.03473342,0.014858839,0.016949851,0.018280245,0.010427658,0.011228281,0.069182925,0.020273488,0.011862992,0.01667342,0.00960352,0.017603697,0.033166666,0.06851038,0.4796748,14.936035,0.011119064,0.012814736,0.0140657285,0.030717058,0.101233475,0.17184594,0.014456082,0.01694144,0.01920351
0.45713842,0.21743856,0.059772603,0.04884809,0.03502799,0.024218487,0.021399984,0.020670626,0.018474586,0.011897535,0.0114822,0.5093103,0.08865221,0.016477846,0.013107195,0.010460323,0.12461321,0.29921016,0.3274916,0.14094971,0.061175145,0.013266244,0.01362986,0.013099255,0.06421656,0.069712624,0.050274804,0.016473308,0.01648958,0.015752148
0.096553,0.039996922,0.04815004,0.030610582,0.020196553,0.013992842,0.020500176,0.017240774,0.013968286,0.010758613,0.00967919,0.08563922,0.29135522,0.016254604,0.009303251,0.00931348,0.10861746,0.08364436,0.052359503,0.03216407,0.020761041,0.011922861,0.011263434,0.01008441,0.041679848,0.026852628,0.019914571,0.01348901,0.012304157,0.010921236
0.057474397,0.17440012,0.043778386,0.06481869,0.08022862,0.07363406,0.01753074,0.020931464,0.023466334,0.010444946,0.01143667,0.057967234,0.020428656,0.011011039,0.016012058,0.008812045,0.019478712,0.029173894,0.045173567,0.067467965,0.08483994,0.008932781,0.010151737,0.011076308,0.017146781,0.029477648,0.035748824,0.009904682,0.011119335,0.012255537
0.102028355,0.2276486,0.03937341,0.04664213,0.04625706,0.0385308,0.016619867,0.018510591,0.019225448,0.010467082,0.011005425,0.14311825,0.027328622,0.012214143,0.0151254395,0.009301269,0.032931093,0.06605725,0.1711467,0.46470144,0.37435,0.010601405,0.011849399,0.012559697,0.031478062,0.06829128,0.08035344,0.013071125,0.0145776,0.015690288
0.8576951,0.15579967,0.06709882,0.048164386,0.0320702,0.021536294,0.021179125,0.019636868,0.01702094,0.010773085,0.010247791,0.19531278,0.10654251,0.014583872,0.010838894,0.009115312,0.0652483,0.07854946,0.07033345,0.04964925,0.032786164,0.010772451,0.010814469,0.010274647,0.032369945,0.03021667,0.024922175,0.012043232,0.011784693,0.011166534
0.17499788,0.06941073,0.037766952,0.028179824,0.020385424,0.014852451,0.016291624,0.014715848,0.01270151,0.009307093,0.008668426,0.20534754,0.11205248,0.013315991,0.009042385,0.008256367,0.1822813,0.16707818,0.09256376,0.048189737,0.027949778,0.010575463,0.010304665,0.009522516,0.047681678,0.033614196,0.024789914,0.012674084,0.011959498,0.010952869
0.20247851,0.4810083,0.044365663,0.047983687,0.04288798,0.033319328,0.016556213,0.017682517,0.01761664,0.009741645,0.009960899,0.32157224,0.034560576,0.011619998,0.012628497,0.008460909,0.040142626,0.070928656,0.122699514,0.1476506,0.10583689,0.00954124,0.010356297,0.010603227,0.028014382,0.042958252,0.04343719,0.011269827,0.012057481,0.012440302
0.06210375,0.13376458,0.029654596,0.037049536,0.040848855,0.038374335,0.013597222,0.015465805,0.016745754,0.008867694,0.009542176,0.045016438,0.019775338,0.009835369,0.013398822,0.007875003,0.023330819,0.039800793,0.07744636,0.15936258,0.24050026,0.008600597,0.009649203,0.010440118,0.021208007,0.041388966,0.05236268,0.010274093,0.011522126,0.012679184
0.061034687,0.12791476,0.028758634,0.035665844,0.039179,0.036906462,0.013272676,0.01504933,0.016265433,0.008677251,0.009326142,0.052382678,0.01955406,0.009630808,0.013036608,0.0077146315,0.023276964,0.039469454,0.07581944,0.15186733,0.22359635,0.008431778,0.009436994,0.010195474,0.020860847,0.040040664,0.050263736,0.010068496,0.011262194,0.012371103
0.17105126,0.17228612,0.03433987,0.03306098,0.028118754,0.022140075,0.014385537,0.014591885,0.014026377,0.008780284,0.008748876,3.365643,0.040134236,0.011094836,0.01061235,0.007821267,0.06670655,0.13336772,0.21393828,0.15995994,0.081883095,0.009406209,0.009867722,0.009818748,0.036235858,0.047183305,0.041805424,0.011559745,0.011930896,0.0119136525
0.006176311,0.006101249,0.010814386,0.010392048,0.009553159,0.008479117,0.0192722,0.017889872,0.015508611,0.019751549,0.018049516,0.004608487,0.0071997214,0.014247986,0.010543346,0.014884825,0.0044821715,0.0045860913,0.004597676,0.00456933,0.0044427463,0.009695496,0.009766558,0.009399365,0.0049041733,0.0049659903,0.0048529054,0.0068414216,0.006822012,0.0065921093
0.0046055876,0.004534198,0.006998045,0.0067525445,0.006326676,0.0057850946,0.009393159,0.008932364,0.008195078,0.008294713,0.007932969,0.003544036,0.005072173,0.0069658947,0.0057665706,0.0067231976,0.0033054925,0.003346809,0.0033461135,0.0033195973,0.0032449828,0.005091769,0.0050986176,0.004968701,0.0033517792,0.0033658487,0.0033101789,0.0039783795,0.0039556026,0.0038616331
0.005461151,0.005052834,0.008258857,0.0072690235,0.0062737637,0.0053707394,0.011595498,0.009700348,0.008017647,0.009730633,0.008344486,0.0041447976,0.006960678,0.009576686,0.005558478,0.007998555,0.0042342683,0.0041076094,0.0039240564,0.0037168073,0.0034723969,0.0066337395,0.0061891596,0.005615354,0.004270286,0.003909583,0.0036649916,0.0050606295,0.0047552236,0.0043882434
0.0017614814,0.00170586,0.0021111525,0.0020285556,0.0019323291,0.0018292838,0.0022902132,0.002188675,0.0020773094,0.0020382272,0.0019649896,0.0014955498,0.0018689084,0.0019494698,0.0016623731,0.0018183986,0.0014067076,0.0013900833,0.0013667032,0.001337486,0.0013017302,0.0015998541,0.0015717738,0.0015248839,0.001336582,0.0012986832,0.0012695488,0.0013875903,0.0013574308,0.0013203657
0.0056844326,0.0060965857,0.009020378,0.009917966,0.010470409,0.010518884,0.011410701,0.012849541,0.013818915,0.010089866,0.01118197,0.004365207,0.0053381952,0.007330529,0.009529168,0.007887318,0.0036365292,0.0039090454,0.004163624,0.0043899002,0.0045463047,0.0055150986,0.006020627,0.006424188,0.0037603357,0.0042827623,0.0044691865,0.004458012,0.0047583645,0.00497399
0.001551913,0.0014770837,0.0018024448,0.0016980529,0.0015888005,0.0014814942,0.0019250641,0.0018055714,0.0016824912,0.001702824,0.0016139463,0.001338535,0.0016991554,0.0016964948,0.0013563212,0.0015380116,0.0013045575,0.0012649414,0.0012223347,0.0011779991,0.0011306276,0.0014099545,0.0013595186,0.0012994483,0.0012250919,0.0011503896,0.0,0.0012378538,0.0011926736,0.00114443
0.00855895,0.0075393077,0.014004783,0.011204221,0.00887885,0.007096094,0.02184727,0.015617638,0.011413995,0.01618536,0.012439319,0.0062029758,0.012731846,0.019108586,0.0075489343,0.012909862,0.0068158614,0.006444941,0.0059673353,0.005455543,0.004904901,0.011555201,0.010134606,0.008598523,0.007002043,0.0059862616,0.0053864205,0.0084189335,0.0075454963,0.0066293525
0.0042868936,0.00463058,0.00612354,0.006769494,0.007334821,0.007710058,0.006981173,0.007846396,0.008590048,0.0062917625,0.006987519,0.003432103,0.0038718006,0.004810905,0.006581438,0.005193576,0.0027982215,0.0030229848,0.0032355438,0.0034440174,0.0036271675,0.0038177841,0.004177159,0.004474688,0.002840908,0.0032661653,0.0034610291,0.003226525,0.003445658,0.003645907
0.0037304726,0.0033719887,0.004673954,0.004104666,0.0035748861,0.0031171702,0.005319586,0.004588027,0.003942508,0.00436885,0.0038784277,0.0030161126,0.0046471027,0.0046966597,0.0029264225,0.0038186382,0.0031187711,0.0029355132,0.0027434183,0.00255003,0.0023545837,0.0035764244,0.0033049507,0.0030082255,0.002922455,0.0025724415,0.0023888776,0.0029939958,0.0027766742,0.0025594893
0.021378428,0.023440948,0.07232178,0.08891271,0.07681961,0.051644538,0.19062278,0.5541529,0.37897384,0.06358387,0.074060306,0.013435466,0.020338146,0.040255465,0.050932005,0.034879997,0.01119016,0.012809352,0.014105781,0.014867144,0.0146830045,0.022194568,0.026877677,0.028990788,0.013031822,0.016170053,0.016442375,0.016792057,0.018762395,0.01954709
0.013539039,0.017009532,0.025163217,0.03914471,0.06118221,0.083516836,0.02592689,0.045235246,0.08884807,0.02196212,0.03140093,0.009932134,0.010075855,0.0140240565,0.04713944,0.016311066,0.007210989,0.008622104,0.010208425,0.011967146,0.013580616,0.010893348,0.0137910815,0.016975319,0.008035494,0.011452587,0.013291474,0.009485232,0.011317568,0.013274038
0.007295643,0.006328663,0.009824413,0.008045143,0.0065577608,0.0053842,0.011079116,0.008893528,0.007161845,0.0077614165,0.0066353646,0.0054771355,0.009863828,0.00894626,0.0048074615,0.0064296685,0.0056635076,0.0052859657,0.0048567494,0.0044192215,0.003974759,0.006109179,0.00557586,0.0049727843,0.0051721577,0.0044324924,0.0040312265,0.0050341985,0.0046113566,0.00418164
0.0031683876,0.0030683118,0.003901961,0.003735179,0.0035183327,0.0032735944,0.004058275,0.0038769601,0.0036495568,0.0032845263,0.0031763788,0.0025921313,0.0032844632,0.003146494,0.002689946,0.0028087466,0.0023227702,0.0023141415,0.0022865003,0.0022422643,0.0021773286,0.0024422682,0.002421324,0.0023602177,0.0021416643,0.0021055045,0.0020642246,0.0021154347,0.0020827386,0.0020340446
0.02344617,0.033074368,0.042325642,0.08726266,0.20602305,0.32201174,0.03058764,0.049837634,0.08126305,0.018655736,0.023397705,0.016065698,0.014180927,0.014602706,0.03451468,0.013924503,0.010042172,0.012549186,0.015523713,0.018820977,0.021685138,0.010860242,0.013240567,0.015505854,0.010517408,0.015731761,0.018468786,0.010108835,0.011820914,0.013519372
0.056398265,0.046696752,0.2828585,0.11191016,0.04996467,0.026833981,0.084196635,0.06369332,0.04156114,0.023554107,0.02118646,0.02587304,0.062879145,0.0301284,0.017462404,0.016755227,0.020703945,0.02231838,0.022025798,0.020105299,0.017128536,0.01638014,0.01655604,0.015400773,0.01888727,0.018768009,0.016825194,0.014479553,0.014203883,0.013306682
0.04324262,0.052634045,0.16463895,0.29797637,0.20410648,0.08922162,0.06270805,0.083442785,0.082167596,0.023091868,0.0248605,0.02286438,0.027683793,0.02183225,0.026284084,0.016229128,0.014742947,0.01773178,0.020358115,0.021906674,0.0215678,0.013742573,0.015593114,0.016418979,0.014469183,0.018672489,0.01925681,0.012412084,0.013530475,0.01407806
0.023394113,0.033056755,0.041184172,0.08175778,0.17728737,0.2627593,0.0286257,0.04473155,0.068677455,0.017282585,0.021328522,0.016058363,0.013982246,0.0137869045,0.030553,0.012977113,0.009886991,0.012317381,0.015191848,0.018359087,0.021117458,0.010239993,0.012343387,0.01431793,0.010174737,0.015027251,0.017549356,0.009558176,0.011092187,0.012587495
0.004632712,0.0045198137,0.005700879,0.0054917927,0.0051675807,0.0047708163,0.005500179,0.0053179488,0.005034167,0.0040963637,0.0040132334,0.003701641,0.004555654,0.0039482727,0.003505957,0.003420636,0.003140316,0.0031602595,0.0031507402,0.003105516,0.0030256566,0.0029825252,0.0029900933,0.0029393728,0.0028063077,0.002804839,0.0027658476,0.002611908,0.002593953,0.0025536916
0.047807567,0.059370484,0.17892689,0.34364143,0.22359125,0.091982156,0.05874565,0.07661325,0.07562908,0.022022337,0.02362802,0.024686178,0.028855778,0.021268925,0.02550039,0.015684728,0.015447433,0.018739294,0.02167598,0.023395274,0.022978673,0.013540464,0.01533372,0.016128056,0.0149695035,0.01947868,0.020102778,0.012409195,0.013522789,0.014072142
0.027205894,0.037013326,0.05268463,0.09681502,0.1527935,0.14196329,0.031332556,0.044977184,0.058649085,0.016651472,0.019468924,0.017424935,0.016180374,0.014138211,0.024375942,0.012349253,0.010590131,0.012966446,0.015527498,0.018022504,0.019718882,0.010014651,0.011697218,0.013018814,0.010422418,0.014435696,0.016142769,0.009269087,0.010404727,0.01143312
0.035079937,0.046316683,0.080412254,0.14790589,0.17725506,0.11385347,0.038829856,0.052904174,0.061271884,0.01798024,0.020173034,0.020492235,0.0205176,0.016207611,0.023446877,0.013131606,0.012381681,0.01503324,0.01774149,0.019957677,0.02080365,0.010976265,0.012568267,0.013633025,0.011912995,0.015945503,0.017215146,0.01012399,0.011181437,0.011976275
0.025158584,0.03685093,0.040034246,0.076888196,0.1558393,0.22229214,0.024926232,0.036224753,0.050690163,0.014809842,0.017751154,0.0174163,0.014078581,0.012445253,0.024921583,0.011361767,0.010137608,0.012724317,0.015842622,0.019295,0.022372141,0.009319769,0.011045707,0.012617063,0.010087156,0.014870388,0.017377645,0.0088758925,0.01019915,0.0114654675
0.010511721,0.00954658,0.013825866,0.012003428,0.01007813,0.008354339,0.012094606,0.010797084,0.009330578,0.007354116,0.006861808,0.007557104,0.011168161,0.007822809,0.0056931484,0.0058631143,0.0064066085,0.006333752,0.006109818,0.0057715983,0.005355171,0.0053545507,0.005245567,0.0049770805,0.005446541,0.005170531,0.0049054907,0.0046700104,0.004520417,0.0043154517
0.05933511,0.05624894,0.18449153,0.13018882,0.068081886,0.037096243,0.0512108,0.048938517,0.03904497,0.018220589,0.017679,0.027237615,0.042834833,0.020598881,0.016498867,0.013299409,0.018009577,0.020331284,0.021293554,0.020600965,0.018414237,0.01252931,0.013140754,0.012841744,0.015604127,0.017046005,0.01619587,0.011488267,0.0116632795,0.011424758
0.07167479,0.056760553,0.2026056,0.09880995,0.048446845,0.027192583,0.051679697,0.043596182,0.032368843,0.017935958,0.016630325,0.030562045,0.063810244,0.022497913,0.014826581,0.013332494,0.021847036,0.023691567,0.023417741,0.021241415,0.017960992,0.013360813,0.013522093,0.012776189,0.01811428,0.018095428,0.016345909,0.012356783,0.012169938,0.011545017
0.045732882,0.06640941,0.08926986,0.1774804,0.21550347,0.12721571,0.034298047,0.044789266,0.050730858,0.016167833,0.017918387,0.025840515,0.022614434,0.015386586,0.021766862,0.012165291,0.01413942,0.017697498,0.021472884,0.02461554,0.025748407,0.01069835,0.012191481,0.013180158,0.013204764,0.018191252,0.019789336,0.010246953,0.011317659,0.012132013
0.065833256,0.05332237,0.14795098,0.08511221,0.045776885,0.02684952,0.04418569,0.038325433,0.029510768,0.01634164,0.01530146,0.02920692,0.05507832,0.019987028,0.013810896,0.012234068,0.020278055,0.021919208,0.021743452,0.019906428,0.01705112,0.012140519,0.012302766,0.011703016,0.016487954,0.016563335,0.015137374,0.0112464065,0.011106309,0.010603655
0.065435074,0.061751425,0.13993645,0.10672288,0.06157329,0.035512336,0.039913986,0.03870797,0.032424025,0.015635805,0.0152697945,0.029653577,0.041750155,0.017759793,0.014756627,0.011694056,0.018336972,0.020761678,0.021790855,0.021050941,0.018779967,0.011229894,0.011736172,0.011510079,0.015147665,0.01654136,0.01577296,0.010531261,0.010680771,0.010499735
0.063584425,0.08562401,0.12446656,0.18882018,0.14668985,0.07771217,0.035842475,0.042267926,0.042478207,0.015700065,0.016593376,0.03144169,0.029303407,0.016096931,0.018777585,0.011873378,0.016690489,0.020614043,0.02426661,0.02635323,0.025820524,0.010904223,0.012104063,0.012624314,0.014697376,0.019089323,0.019767743,0.0105298115,0.011345718,0.011764744
0.016514635,0.015906548,0.01790417,0.016877279,0.014888726,0.0125700375,0.011585675,0.0113266865,0.010591886,0.006721244,0.0066436934,0.0118036885,0.0130035095,0.007114309,0.006388773,0.0054101115,0.008116962,0.008474772,0.008553293,0.00836517,0.007941842,0.005082891,0.0051680813,0.0051066075,0.006414866,0.006578588,0.0064524477,0.0047445707,0.0047466583,0.0046991245
0.004123925,0.0036694251,0.0054576932,0.0046273074,0.0039249733,0.0033351777,0.0074545117,0.0059162397,0.004798167,0.0073528187,0.005791129,0.003387927,0.006092399,0.0092615755,0.0038978236,0.007230711,0.004165715,0.0038046383,0.0034467145,0.0031212324,0.0028073122,0.007666902,0.006295641,0.0052070683,0.004504807,0.003617892,0.0032126638,0.005915778,0.0050488827,0.004302245
0.00394164,0.003447575,0.0044880523,0.0038220433,0.0032635985,0.0027971347,0.0055134743,0.004523998,0.0037757796,0.005501548,0.004389173,0.0035756382,0.006121554,0.008008107,0.0032820494,0.005788818,0.0052179913,0.0045351624,0.0039308,0.0034248675,0.0029740823,0.007460473,0.005713837,0.004498222,0.00611181,0.00428485,0.0035933368,0.007446062,0.0057236943,0.004551387
0.0043428866,0.00373865,0.005216998,0.004312906,0.0035898527,0.0030136975,0.006079251,0.0047790934,0.0038882727,0.0056489734,0.0045022,0.0036592232,0.0067522535,0.007771496,0.003207277,0.0056942967,0.004744622,0.004178084,0.003664575,0.0032259028,0.0028286693,0.0067816153,0.005464857,0.004479653,0.0049251784,0.003691211,0.003202116,0.005650407,0.004706878,0.003947921
0.0033034873,0.0028444594,0.0034617279,0.002924845,0.0024912083,0.0021395,0.0038106234,0.003152906,0.0026637635,0.0034523811,0.0028523973,0.0030733193,0.0050517754,0.004623172,0.0021691548,0.0034703915,0.0044007436,0.003720482,0.0031807704,0.0027409196,0.00236134,0.004061255,0.003327278,0.0027480964,0.004537475,0.0031573558,0.002665493,0.0041207764,0.0033859184,0.002852733
0.009687589,0.008384,0.012631641,0.010272224,0.008307269,0.0067335456,0.018183716,0.013805096,0.010564266,0.020147221,0.014128037,0.008226992,0.017269524,0.044880167,0.009084283,0.023717998,0.0133790895,0.011920817,0.010238753,0.008700563,0.007263457,0.05126602,0.026269678,0.015650768,0.021114787,0.013211598,0.010221067,0.047174804,0.025221286,0.01577593
0.005597181,0.004690756,0.0064939978,0.005188274,0.0041990825,0.0034380697,0.00665382,0.005122312,0.004147988,0.006504629,0.005069044,0.0047143,0.00948136,0.009351354,0.00350176,0.006564261,0.006508602,0.0055467845,0.004730717,0.0040568463,0.0034805746,0.008465764,0.0066173337,0.0052705673,0.006689407,0.004703682,0.0039690076,0.00723494,0.0058205975,0.00476254
0.0023759762,0.002068619,0.0023643153,0.002034118,0.0017663821,0.0015439223,0.00249478,0.0021304355,0.001846278,0.0023093298,0.001971009,0.0022841694,0.0034042965,0.0029260314,0.0015616183,0.002319597,0.0031149022,0.0026528141,0.0022924973,0.0019965796,0.00173955,0.0027167827,0.0022951434,0.0019548081,0.0030205352,0.0021733763,0.0018673269,0.0025541997,0.0022019488,0.0019219299
0.012366287,0.010127461,0.01822229,0.013235738,0.009821453,0.0074799675,0.026533926,0.016514914,0.011305759,0.021816583,0.01414668,0.009384436,0.026366659,0.046876043,0.0074453796,0.021442581,0.014015079,0.012204269,0.010314504,0.0086617535,0.0071773385,0.034414917,0.022197254,0.015017224,0.017381908,0.011400773,0.009068487,0.024745917,0.017576437,0.012793923
0.0017986862,0.0015964003,0.001776068,0.0015645236,0.0013867681,0.0012339518,0.0018719404,0.0016455835,0.0014552769,0.001784794,0.0015593388,0.001776491,0.0024557011,0.0022585015,0.0013133144,0.0018363676,0.0023791492,0.0020594671,0.0018050304,0.0015901508,0.0013967019,0.0021764208,0.0018778103,0.0016226148,0.0023040061,0.0017104759,0.0014852687,0.0021267203,0.001816106,0.0015671754
0.010576022,0.009226386,0.012563442,0.010471932,0.008637723,0.007077957,0.01588972,0.01290873,0.010358332,0.017305462,0.013260488,0.009494654,0.017925622,0.03466128,0.009947056,0.020920718,0.016726885,0.014952537,0.01272004,0.010632852,0.008701451,0.055979133,0.032910157,0.02062393,0.031151563,0.01765886,0.013019655,0.07146512,0.03249912,0.018359888
0.012571484,0.0104744015,0.01674214,0.012843169,0.009908463,0.007722721,0.02362227,0.01674934,0.012187233,0.022307524,0.015285392,0.01028083,0.025624549,0.059076466,0.009335135,0.02429551,0.017539427,0.015181169,0.012610169,0.01037901,0.008403373,0.056265075,0.029621197,0.017816477,0.027284848,0.015556243,0.011647257,0.049237967,0.02717623,0.017027648
0.013069211,0.01083394,0.017981341,0.013576154,0.0103391595,0.0079770805,0.026168238,0.017934015,0.012770725,0.023848848,0.015995027,0.010466774,0.027330898,0.06628106,0.009282094,0.02538812,0.017487297,0.015185238,0.012645653,0.010427836,0.008456109,0.05705665,0.030373018,0.018323246,0.026349643,0.015379553,0.011597819,0.047005508,0.027158493,0.017334726
0.008482817,0.0069756187,0.011139768,0.008437455,0.0065037645,0.0051322444,0.01288234,0.009105333,0.006772021,0.011083006,0.008345515,0.0065272436,0.015241587,0.016782872,0.0054190783,0.010011877,0.008455135,0.0073721074,0.0063554277,0.0054777665,0.0046861675,0.011571418,0.00924074,0.0073854863,0.008489279,0.006214695,0.0052719894,0.009153191,0.0075649964,0.0062503363
0.013277051,0.010735581,0.019682089,0.013960418,0.010197181,0.0076678065,0.026916089,0.016435621,0.011175978,0.021966029,0.01444853,0.0099084135,0.029400097,0.04995213,0.007848134,0.020780887,0.014695397,0.0127385985,0.01070907,0.008945324,0.0073774355,0.031689744,0.02129526,0.014716188,0.017652353,0.011567066,0.009196823,0.023194965,0.016862977,0.012480885
0.012827631,0.010642077,0.016633581,0.012765478,0.00985688,0.007688959,0.0226202,0.016251724,0.011935617,0.021138318,0.014780335,0.010602762,0.026369162,0.054428704,0.009372278,0.023080971,0.018617501,0.015951596,0.013119017,0.010700317,0.008594435,0.05412914,0.029397478,0.017831095,0.029548068,0.016170947,0.011939878,0.04978511,0.027001945,0.01683706
0.010652405,0.009267979,0.012061221,0.010105928,0.008380288,0.0069016567,0.014426413,0.011920349,0.009715946,0.015229984,0.012023798,0.009810153,0.01781493,0.029039428,0.009480023,0.018151883,0.01794227,0.015868615,0.013334472,0.011024419,0.008928939,0.045181535,0.029031664,0.019196095,0.03445635,0.018473879,0.013366372,0.06997094,0.034013264,0.019492658
0.012575749,0.010447614,0.015512892,0.01207239,0.009430107,0.007434295,0.019964589,0.014859425,0.011194153,0.01888428,0.013669893,0.0106905885,0.0252957,0.04503111,0.009274383,0.020924838,0.019544058,0.016557526,0.013475848,0.010896612,0.008686819,0.049783852,0.02822646,0.017483376,0.032311965,0.016729198,0.012154666,0.04856585,0.025918512,0.016044114
0.013810305,0.01131276,0.01771605,0.013386917,0.010214457,0.007895868,0.023386285,0.016660826,0.012158423,0.020859234,0.014700489,0.011361665,0.02968643,0.054271184,0.0094412025,0.02235097,0.020498332,0.01731554,0.014032221,0.0112966085,0.008968387,0.05168168,0.029230043,0.0180602,0.032478034,0.017005822,0.012384622,0.049381196,0.027323818,0.017095909
0.015869223,0.012702329,0.021697178,0.015551744,0.011396095,0.008565058,0.029514475,0.019442843,0.013489839,0.023460777,0.01601104,0.0123728365,0.03789633,0.066892594,0.009551496,0.023571376,0.021526176,0.01817365,0.014687324,0.011780483,0.009320204,0.049152315,0.029342175,0.018633015,0.031198524,0.017014153,0.0125320675,0.04269904,0.02623212,0.017310422
0.0024235009,0.0021007683,0.002350646,0.0020183716,0.0017564878,0.0015370039,0.0024684307,0.0021176129,0.0018365294,0.0022863573,0.0019629786,0.0023803033,0.003482599,0.0029587585,0.0015977545,0.0023036206,0.0032557289,0.002730475,0.002339925,0.0020207525,0.0017451519,0.0028093436,0.002375519,0.0020229418,0.002960531,0.002109519,0.001807179,0.0026636943,0.002274401,0.0019543814
0.0012905042,0.0011549013,0.0012345718,0.0010952329,0.0009818325,0.0,0.0012991073,0.001153521,0.0010287649,0.0012406138,0.0011003572,0.0012909755,0.0016716673,0.0014774832,0.0,0.0012317939,0.0015929207,0.0013989547,0.0012485088,0.0011177149,0.0009973693,0.0014292217,0.0012620656,0.0011191303,0.0014965412,0.0011660196,0.0010401094,0.0013773985,0.0012291075,0.0011000074
0.0025426329,0.0022178146,0.002412394,0.0021000488,0.0018454319,0.0016279009,0.0024615843,0.002153676,0.0018957834,0.0023049875,0.0020129096,0.00256558,0.003588273,0.0030526628,0.0017320268,0.0023895146,0.0036752108,0.0030799175,0.0026172278,0.0022425659,0.00192387,0.0030829539,0.0026254873,0.0022466478,0.0034433117,0.002402147,0.0020393673,0.0032109953,0.0026922873,0.002279592
0.005458221,0.004701511,0.0048497813,0.0041982783,0.00364293,0.0031676819,0.0046897205,0.00413735,0.0036267675,0.0044001313,0.0038438262,0.0058147917,0.007872445,0.006334286,0.0034916352,0.004740127,0.010361712,0.008363012,0.0067695626,0.0055187154,0.0045180945,0.007189186,0.0060259397,0.005046189,0.011709617,0.0068880417,0.005426801,0.009060983,0.0072403112,0.005829075
0.010647541,0.0080003515,0.009567168,0.007068901,0.005405849,0.0042847465,0.0105390465,0.007943698,0.0061209565,0.0074089672,0.0060573267,0.008826519,0.02040979,0.011122865,0.0045704762,0.0066301688,0.012374719,0.00983237,0.007874479,0.0063897087,0.0052051367,0.008133733,0.006830808,0.0056697344,0.010120779,0.006732163,0.0055548465,0.007533593,0.006314293,0.0053123594
0.0029487966,0.0024919235,0.0025901506,0.002202156,0.0019154676,0.0016599477,0.0029856442,0.0025246004,0.002139337,0.0026689556,0.0022961332,0.0029375267,0.0036368463,0.0034570477,0.0018416914,0.0025760273,0.0039615603,0.003303248,0.0028019408,0.0023979235,0.0020634206,0.0031136854,0.002672071,0.0023042506,0.0035719825,0.0025664049,0.0022134269,0.0030071754,0.002586337,0.0022448997
0.025248509,0.018560566,0.019161737,0.014729827,0.011336987,0.008816335,0.014897859,0.012419433,0.010171733,0.0109469835,0.009349861,0.026091386,0.05322815,0.019326579,0.0086226575,0.010950335,0.11136757,0.061711837,0.03492882,0.021597011,0.014176141,0.018921738,0.015892688,0.012810008,0.1260354,0.02360509,0.015032343,0.028043818,0.021193333,0.015945543
0.002938267,0.0025308258,0.0027022173,0.002334746,0.0020399475,0.0017907091,0.0026691665,0.002334117,0.0020501914,0.0024320271,0.002130369,0.0029997642,0.0041868123,0.0032625052,0.0018581139,0.0024976295,0.0043595224,0.0035707233,0.0029750587,0.0025068976,0.0021258912,0.00327144,0.0028010139,0.0024055976,0.0038994872,0.0026635244,0.0022496837,0.0035091278,0.0029544123,0.002510928
0.028613161,0.017595654,0.024587909,0.015450047,0.010690448,0.0078060855,0.019099792,0.014170132,0.010643641,0.010972836,0.009070204,0.023589073,0.09075672,0.018910045,0.0074231415,0.009723332,0.046299722,0.030695083,0.020692622,0.014519413,0.010552023,0.013365876,0.011340118,0.009337044,0.03002434,0.015743535,0.011677629,0.013993226,0.0115189925,0.009457007
0.03074757,0.021314465,0.020183772,0.015351842,0.011723356,0.009057123,0.014191078,0.011963993,0.009898097,0.00989454,0.0086106025,0.033486933,0.06487522,0.016656807,0.008159216,0.009643074,0.22064248,0.08250893,0.03921073,0.022197776,0.013980522,0.015449421,0.013461961,0.011218477,0.1448782,0.029049436,0.017641535,0.021608327,0.01737935,0.013817443
0.026216503,0.016158763,0.022238975,0.014899067,0.0106291305,0.007875682,0.015411803,0.012082964,0.009467553,0.009315232,0.007905313,0.026127115,0.10972911,0.015382876,0.0068343063,0.008427479,0.06366343,0.03641105,0.022587594,0.015058679,0.010616782,0.011690364,0.010104158,0.0084747365,0.033510406,0.016369924,0.011939315,0.01296539,0.010792897,0.008961241
0.009127448,0.011722136,0.010393001,0.01368402,0.018199561,0.024023669,0.009561568,0.012564606,0.016743094,0.010304632,0.013362239,0.008892834,0.006168871,0.007941328,0.030148087,0.010244178,0.006673523,0.008628895,0.011369874,0.01551098,0.021582242,0.008684122,0.011760494,0.01650152,0.007933848,0.015737832,0.024299404,0.0092744045,0.012908061,0.019285634
0.011576493,0.015490157,0.013218843,0.018196383,0.025455112,0.035161242,0.01153567,0.015536152,0.021282563,0.011711267,0.015205961,0.011176895,0.0072261323,0.009204997,0.03646983,0.011343408,0.007883114,0.010523704,0.014378467,0.020629136,0.030564077,0.009852072,0.013377328,0.01864915,0.009171094,0.019719398,0.032893613,0.010950676,0.015354685,0.022859612
0.013117075,0.017432552,0.01604499,0.022380322,0.03136979,0.04193465,0.014458977,0.02008311,0.02827129,0.014979777,0.01998796,0.012201515,0.008561914,0.011391734,0.055633552,0.014485442,0.008993526,0.012010634,0.016345985,0.023039926,0.03251858,0.012307127,0.017423349,0.02560384,0.011268433,0.025197573,0.04187041,0.013641157,0.020023713,0.031742852
0.01667974,0.022982234,0.021991873,0.03322079,0.050735716,0.07111061,0.01913357,0.028349774,0.04290301,0.018547667,0.025283802,0.014707249,0.010342829,0.013899459,0.07889419,0.017122522,0.0104683,0.0141902175,0.01960768,0.027974932,0.039167374,0.014348638,0.020553336,0.030122733,0.013347075,0.030550998,0.05025028,0.015888868,0.023130285,0.035498798
0.029043755,0.042160053,0.036764365,0.055799056,0.07568081,0.07817182,0.025877465,0.03594859,0.046589132,0.020525375,0.025019353,0.025017435,0.016035149,0.019082842,0.055364247,0.018539568,0.01691546,0.0250717,0.038328163,0.060000874,0.08250844,0.018514674,0.025364328,0.033252176,0.02260162,0.07140706,0.14201638,0.022409922,0.031878404,0.044978537
0.042211194,0.06638219,0.07677605,0.18469392,0.35365608,0.22614722,0.042795304,0.06817118,0.09503555,0.025516298,0.030964274,0.02891446,0.02082157,0.023387915,0.05792194,0.02040656,0.018116415,0.025755638,0.036564223,0.049927562,0.058139883,0.018803874,0.024583135,0.029968347,0.022368582,0.047880962,0.063038886,0.020064915,0.02559459,0.031210106
0.04358232,0.06994051,0.0770016,0.18664463,0.3611528,0.22965059,0.04155941,0.065083906,0.08932118,0.024652775,0.02972963,0.029872322,0.020732218,0.022852669,0.054833334,0.019782977,0.01836879,0.02628665,0.037672035,0.051996462,0.060942404,0.018378928,0.023862723,0.028917411,0.022501877,0.04856183,0.064282075,0.019711765,0.025019113,0.030385423
0.038296364,0.057165615,0.076525435,0.18452227,0.3562841,0.22774932,0.047243536,0.080547504,0.1204592,0.028400317,0.035257015,0.026035598,0.020878073,0.024904324,0.068409994,0.022305954,0.017120909,0.0237483,0.03263403,0.043020662,0.04915642,0.019839853,0.026410315,0.032717742,0.021411177,0.04364405,0.05596246,0.020643469,0.02657061,0.03262669
0.039575294,0.060094774,0.07715151,0.18961571,0.3759376,0.23622747,0.04593863,0.076794066,0.112503804,0.027398858,0.03376262,0.026876915,0.020880684,0.024348889,0.06449234,0.021604901,0.017371854,0.024256421,0.03362141,0.04471905,0.05137051,0.019399457,0.025637934,0.031557813,0.02157167,0.044380296,0.057223003,0.020304974,0.026009234,0.03181357
0.040874287,0.0632252,0.07764499,0.193802,0.39329788,0.24357967,0.04463979,0.07321986,0.105215624,0.026445273,0.032360237,0.027746059,0.02086693,0.023801398,0.060894564,0.020934394,0.017621534,0.02476783,0.034626946,0.04649493,0.053710494,0.018967953,0.02489138,0.030451063,0.02172153,0.045082137,0.058442425,0.019966057,0.025452452,0.031012429
0.04236838,0.05508965,0.08208724,0.12191506,0.11889833,0.076746464,0.05372641,0.07602858,0.08377105,0.032958057,0.037511062,0.02936956,0.027725106,0.034295186,0.06261216,0.027360186,0.02273661,0.032256864,0.043820705,0.05409083,0.053622458,0.02839772,0.038452502,0.045946,0.033266883,0.0777304,0.09071746,0.032420557,0.04333325,0.052220687
0.05108054,0.072669774,0.12953897,0.30517602,0.31105295,0.13178505,0.061399326,0.0956556,0.11201488,0.03077085,0.035365835,0.031356744,0.028313238,0.030578407,0.055195663,0.023805862,0.021269673,0.029711897,0.039941285,0.049259823,0.050039664,0.022747245,0.02919645,0.033797506,0.026933957,0.052382402,0.060108952,0.023817169,0.029523563,0.033884417
0.053318057,0.07733346,0.13140859,0.31642544,0.32295525,0.13393857,0.05903825,0.090155795,0.10480754,0.029579047,0.03383306,0.032562174,0.028344352,0.02969847,0.052545495,0.02299095,0.021656314,0.030489758,0.041386545,0.05142577,0.052256588,0.022154376,0.028235227,0.032533795,0.027176782,0.053362355,0.061453715,0.02334546,0.02880955,0.032978404
0.05567451,0.0823975,0.13282563,0.32536584,0.33250526,0.13563982,0.056760732,0.08504603,0.098191805,0.028450837,0.032397885,0.033832286,0.028344102,0.028843936,0.050067436,0.02221597,0.022043753,0.031281833,0.042888243,0.053708244,0.05459349,0.021572039,0.027313612,0.0313332,0.027402878,0.05429471,0.06274553,0.022876756,0.028106363,0.03209001
0.06757906,0.08560649,0.22638856,0.36118755,0.1904534,0.077964246,0.07545511,0.09847419,0.08980744,0.031823434,0.033593133,0.037058257,0.04033367,0.03680078,0.042930305,0.024504868,0.02671258,0.037075095,0.047497716,0.052836046,0.04711866,0.02539786,0.030990873,0.03310328,0.034024343,0.059097543,0.058725264,0.026851455,0.031477984,0.033379186
0.07148661,0.09188134,0.23085754,0.37266278,0.19373424,0.078460775,0.07170471,0.0924,0.08490609,0.030525848,0.032176916,0.038707983,0.04064546,0.035475083,0.04127491,0.023628911,0.027316716,0.03826878,0.049482416,0.05524797,0.049010415,0.024634168,0.02988652,0.03185988,0.034386143,0.060249876,0.05990686,0.02623541,0.030643502,0.032468528
0.07571179,0.09886667,0.23387119,0.38060108,0.19599138,0.078819096,0.068176515,0.08681321,0.0803263,0.029302642,0.030848015,0.040458962,0.04077175,0.034208853,0.039697934,0.02279867,0.027926592,0.039496686,0.05156404,0.05779436,0.05098544,0.023898927,0.028831711,0.03067955,0.03472143,0.0613385,0.061028738,0.025627961,0.029825468,0.031577513
0.064133056,0.08043898,0.23840746,0.39777172,0.20152825,0.079594135,0.08165699,0.109428085,0.09884248,0.033275723,0.03524557,0.035147123,0.039884027,0.037897233,0.04453289,0.025272895,0.025610674,0.035011355,0.04425245,0.049017392,0.04417904,0.025708504,0.031481627,0.033693098,0.032500684,0.054895863,0.054724667,0.026674649,0.03126561,0.033155233
0.067771986,0.08616832,0.24514352,0.41676635,0.20642588,0.08025047,0.07750698,0.10227834,0.093185745,0.031888258,0.033722356,0.03666836,0.04024882,0.036530316,0.042806014,0.024359122,0.026185041,0.03611181,0.046030086,0.051160924,0.045898113,0.024944032,0.03036987,0.032436203,0.032862615,0.055979144,0.05583856,0.026086316,0.03046903,0.0322868
0.079725735,0.08145641,0.14614664,0.1251579,0.07398096,0.041597355,0.059646722,0.060989067,0.04956176,0.028466268,0.027496194,0.046263125,0.06149721,0.041328423,0.031423923,0.023736136,0.041592684,0.059824184,0.07233384,0.068086274,0.049628865,0.030121459,0.034307215,0.03339471,0.062364962,0.10235344,0.07708265,0.03626245,0.039959673,0.038398284
0.07540523,0.07893121,0.36188152,0.27985153,0.111259095,0.050054207,0.097547494,0.103061944,0.07504689,0.03420352,0.033208832,0.037988037,0.05929495,0.046282955,0.035291135,0.0259969,0.031203326,0.040992867,0.047453612,0.046604283,0.038000803,0.028845143,0.033116292,0.032584094,0.03981705,0.05585471,0.048633453,0.029879496,0.032678902,0.031930167
0.08044886,0.08442832,0.37751883,0.2893265,0.11256381,0.050253615,0.091651574,0.09671284,0.07175745,0.032741457,0.031861395,0.039763935,0.06047208,0.044244327,0.03421687,0.025029982,0.03206423,0.04250659,0.049499065,0.04853565,0.039258827,0.027887756,0.031889778,0.03140872,0.040370785,0.05697576,0.04951246,0.029142382,0.031809777,0.031129308
0.044504408,0.040374722,0.09939497,0.071916066,0.04480623,0.027884318,0.09094962,0.07433026,0.049257267,0.043291487,0.036602274,0.028371595,0.063295305,0.087024555,0.031756576,0.036300875,0.034295995,0.040696293,0.041147295,0.036148127,0.027971275,0.054438535,0.058089804,0.04798595,0.06110138,0.0644286,0.046186738,0.06124256,0.0607246,0.048932295
0.09196792,0.07660685,0.20577575,0.11751116,0.058692347,0.03226508,0.07050357,0.061380535,0.044082098,0.028649705,0.025926122,0.04659865,0.10320615,0.047200162,0.025633128,0.023325782,0.04748217,0.06131315,0.06329323,0.052375097,0.03700605,0.030542238,0.032201793,0.029134277,0.06430855,0.07106158,0.050697573,0.034698952,0.03484577,0.031100953
0.055212997,0.04309735,0.080586515,0.052286997,0.032668717,0.021116009,0.05477084,0.04290195,0.030511362,0.028347734,0.023748292,0.036149215,0.11088077,0.059092116,0.021138722,0.02515051,0.056633756,0.063152485,0.054644573,0.040561505,0.027818393,0.041575935,0.039283447,0.031467382,0.111586064,0.07323409,0.043658268,0.05364773,0.046662576,0.035679765
0.05138158,0.03682752,0.07249695,0.04271669,0.026244136,0.017150367,0.052634876,0.037480116,0.025606578,0.026271733,0.021061955,0.033111505,0.16571815,0.059982587,0.017239941,0.023158016,0.058704082,0.056657486,0.044231243,0.03171271,0.021920469,0.038718652,0.033697087,0.02591541,0.09598129,0.04963175,0.031146565,0.046028964,0.036982328,0.027620843
0.04347312,0.03275586,0.077601925,0.044585634,0.026917765,0.017389147,0.07030568,0.045436632,0.028859843,0.032405235,0.024810053,0.027422123,0.12512252,0.0845759,0.018540313,0.027765783,0.0430937,0.04222798,0.03513978,0.026959993,0.01971398,0.046398334,0.039426472,0.029205255,0.06746336,0.041343663,0.027947163,0.049249876,0.039141882,0.028796284
0.044115495,0.033156667,0.08155977,0.0458803,0.027347969,0.017533729,0.073626935,0.046837132,0.029392121,0.032786533,0.02506543,0.027427481,0.12815963,0.08524649,0.018618187,0.027804477,0.042246535,0.04148867,0.03468286,0.026730776,0.019622346,0.04551062,0.038864348,0.028935164,0.06419406,0.040278222,0.027532186,0.047380764,0.038015563,0.028220624
0.031135716,0.021950483,0.036390804,0.023078462,0.015535717,0.010972567,0.033726566,0.023137614,0.016176919,0.020196937,0.015468522,0.022964654,0.1242323,0.048519146,0.01159848,0.018731821,0.050227445,0.038630478,0.027507164,0.01956496,0.014017304,0.033530336,0.0255111,0.018532034,0.06899758,0.027883425,0.018403491,0.037777673,0.02677651,0.0190455
0.031521533,0.022315988,0.043425623,0.025558958,0.016400594,0.011249073,0.044247717,0.027477551,0.01801489,0.023484629,0.017378362,0.02136607,0.13067967,0.059744623,0.012128971,0.02066847,0.038319524,0.03157643,0.024009151,0.017958729,0.0133417295,0.03396595,0.026006091,0.018919531,0.046739757,0.024197033,0.017089717,0.033180505,0.024611661,0.01806236
