0.0006113929,0.00023289374,0.00020793224,0.0001713284,0.0005257813,0.00027658851,7.651419e-05,0.000699245,0.00021184194,4.1029372e-05,0.00012683093,0.0005121721,0.00023251552,0.0002466691,0.00011918925,3.4626166e-05,0.00015348186,0.00095695537,0.00018456526,0.000604111,0.00043631485,0.00014722625,4.2350115e-05,0.00011741594,0.0007490355,8.0850106e-05,7.023825e-05,0.0005315806,7.25917e-05,3.9711656e-05
0.00023289374,0.00035821006,0.00019671669,0.00018730565,0.00080409786,0.0004231639,7.164076e-05,0.00076043385,0.00023988709,3.9638704e-05,0.0001339219,0.00044299138,0.00012537725,0.00022776534,0.00013572056,3.318827e-05,9.627356e-05,0.000629987,0.00015448137,0.00085884705,0.00068496924,0.00013735516,4.016489e-05,0.00012221158,0.00060191605,7.762759e-05,7.72237e-05,0.0005077665,6.952616e-05,3.894718e-05
0.00020793224,0.00019671669,0.0016583138,0.0011305261,0.0008098014,0.00035159505,0.00028015563,0.002444479,0.0006610413,0.00010046892,0.00027977553,0.00016322841,0.00020428773,0.0005470656,0.00023805468,7.512862e-05,9.584441e-05,0.00038089903,0.00010717898,0.00033218777,0.00027865946,0.00024865518,8.2429025e-05,0.00020957098,0.0005658823,8.9546666e-05,8.235696e-05,0.00074657076,0.000113368595,6.926408e-05
0.0001713284,0.00018730565,0.0011305261,0.0010219829,0.002300085,0.0007102943,0.00020842526,0.0028943592,0.0008761777,8.979143e-05,0.00029723477,0.00014742214,0.00013856679,0.00044230232,0.00028717355,6.719393e-05,7.6444e-05,0.00031217159,9.737097e-05,0.00036185337,0.00032263645,0.00021649274,7.359855e-05,0.00021496875,0.0004664997,8.395149e-05,8.2400584e-05,0.00067954406,0.00010420821,6.541045e-05
0.0005257813,0.00080409786,0.0008098014,0.002300085,0.2507781,0.010257778,0.0005611854,0.0030801147,0.0019515117,0.00029955019,0.0005598246,0.0003760237,0.0002913054,0.0005295924,0.0007639951,0.0002272894,0.00020764006,0.00044149888,0.00034793647,0.00068817753,0.00072557095,0.00032495038,0.0002435669,0.00041762958,0.0005288335,0.00035357184,0.00041555046,0.00072717376,0.0002632147,0.0002582588
0.00027658851,0.0004231639,0.00035159505,0.0007102943,0.010257778,0.10295071,0.00028538727,0.0018512339,0.0011485011,0.0001752483,0.00039504614,0.00022576217,0.00015843188,0.00034245913,0.00057974504,0.00013648764,0.00012003039,0.00028337506,0.00020016317,0.00047391566,0.00052793924,0.00021927312,0.00014486912,0.0002941763,0.00036213297,0.0002018623,0.0002459118,0.0005547803,0.00016548044,0.00015679814
7.651419e-05,7.164076e-05,0.00028015563,0.00020842526,0.0005611854,0.00028538727,0.00040235242,0.0054324954,0.0008165828,0.00013945652,0.0006082092,6.94829e-05,9.939249e-05,0.0017278848,0.0003183291,9.861503e-05,5.019635e-05,0.00019024326,5.1122515e-05,0.00016153426,0.00014097933,0.00042262493,9.647531e-05,0.00031780964,0.0003799487,5.120395e-05,4.5894205e-05,0.0010106061,0.00012619865,6.521574e-05
0.000699245,0.00076043385,0.002444479,0.0028943592,0.0030801147,0.0018512339,0.0054324954,0.55098575,0.02116377,0.0027378984,0.003975664,0.0004665362,0.0006971828,0.0025826602,0.0025567536,0.0014419017,0.00039305608,0.00058240275,0.0005009644,0.000650756,0.0006223634,0.0011961025,0.0011970802,0.0015877413,0.00078381697,0.0006201245,0.00062209636,0.001554116,0.00085721875,0.00084132265
0.00021184194,0.00023988709,0.0006610413,0.0008761777,0.0019515117,0.0011485011,0.0008165828,0.02116377,0.08779998,0.0005946987,0.0015646226,0.00015911138,0.00019520037,0.00085399026,0.001455271,0.00035526426,0.00011813728,0.00025000022,0.00015377358,0.0002948862,0.00028593646,0.00043601842,0.0003078973,0.00063551863,0.0003923587,0.0001826761,0.00019019739,0.0009056691,0.00026985904,0.00024517847
4.1029372e-05,3.9638704e-05,0.00010046892,8.979143e-05,0.00029955019,0.0001752483,0.00013945652,0.0027378984,0.0005946987,0.0002524707,0.0016116991,4.1581632e-05,5.2667725e-05,0.0021534215,0.000442911,0.00013150535,3.1847216e-05,0.00012001445,3.2377888e-05,0.000107984706,9.686341e-05,0.0006929748,0.00011743714,0.0006576951,0.00027213484,3.6614798e-05,3.2975768e-05,0.0013142431,0.00015353298,7.311095e-05
0.00012683093,0.0001339219,0.00027977553,0.00029723477,0.0005598246,0.00039504614,0.0006082092,0.003975664,0.0015646226,0.0016116991,0.13126081,0.0001057512,0.00013951003,0.0013171724,0.0019616003,0.0013415472,9.2885726e-05,0.00018423628,0.00010985028,0.0001950651,0.00018686966,0.0007687586,0.00064309564,0.0015624028,0.00033416977,0.00014730543,0.0001486368,0.0012791144,0.00039403865,0.00036612366
0.0005121721,0.00044299138,0.00016322841,0.00014742214,0.0003760237,0.00022576217,6.94829e-05,0.0004665362,0.00015911138,4.1581632e-05,0.0001057512,0.005195158,0.00021185745,0.00019047994,0.00010607732,3.6490164e-05,0.0002384515,0.0016568863,0.00047606847,0.0010633675,0.0006754372,0.00012962823,4.6208806e-05,0.000107338084,0.00083461485,0.00013860919,0.00012269511,0.00047097285,7.6731696e-05,4.8112353e-05
0.00023251552,0.00012537725,0.00020428773,0.00013856679,0.0002913054,0.00015843188,9.939249e-05,0.0006971828,0.00019520037,5.2667725e-05,0.00013951003,0.00021185745,0.0024261926,0.00038083462,0.00011198541,4.5447374e-05,0.00027001335,0.0008409128,0.00013603948,0.00027287586,0.00019810727,0.0002176208,5.6904308e-05,0.0001332688,0.0010550244,8.614094e-05,6.253e-05,0.0007294955,9.53509e-05,4.8655544e-05
0.0002466691,0.00022776534,0.0005470656,0.00044230232,0.0005295924,0.00034245913,0.0017278848,0.0025826602,0.00085399026,0.0021534215,0.0013171724,0.00019047994,0.00038083462,0.15720151,0.00041277503,0.0016607926,0.00021447576,0.00034892344,0.00021147229,0.00028738705,0.00024929497,0.0034780647,0.0016047552,0.0012308431,0.00069880625,0.00028312526,0.00023952275,0.0030198807,0.00083642657,0.0005258212
0.00011918925,0.00013572056,0.00023805468,0.00028717355,0.0007639951,0.00057974504,0.0003183291,0.0025567536,0.001455271,0.000442911,0.0019616003,0.00010607732,0.00011198541,0.00041277503,0.08924016,0.0003895596,8.2981205e-05,0.00018668325,0.00011099087,0.0002378372,0.00024114152,0.00041275678,0.00036897374,0.0013210699,0.0003325402,0.00015803729,0.00017819015,0.0010407375,0.0003465557,0.00040896572
3.4626166e-05,3.318827e-05,7.512862e-05,6.719393e-05,0.0002272894,0.00013648764,9.861503e-05,0.0014419017,0.00035526426,0.00013150535,0.0013415472,3.6490164e-05,4.5447374e-05,0.0016607926,0.0003895596,0.00022999189,2.9005017e-05,0.00011064541,2.894665e-05,9.835735e-05,8.809354e-05,0.0010550357,0.00012557516,0.0009806796,0.0002682922,3.4153356e-05,3.0265406e-05,0.0017650514,0.00019080179,7.994437e-05
0.00015348186,9.627356e-05,9.584441e-05,7.6444e-05,0.00020764006,0.00012003039,5.019635e-05,0.00039305608,0.00011813728,3.1847216e-05,9.2885726e-05,0.0002384515,0.00027001335,0.00021447576,8.2981205e-05,2.9005017e-05,0.00046643073,0.0043679173,0.00015107857,0.00025469763,0.00017086987,0.00015629288,3.9232156e-05,0.00010252115,0.0023011195,7.8098354e-05,5.216526e-05,0.0006500341,7.893601e-05,3.6648216e-05
0.00095695537,0.000629987,0.00038089903,0.00031217159,0.00044149888,0.00028337506,0.00019024326,0.00058240275,0.00025000022,0.00012001445,0.00018423628,0.0016568863,0.0008409128,0.00034892344,0.00018668325,0.00011064541,0.0043679173,0.16599286,0.0021973616,0.0010297443,0.0005516812,0.00027182733,0.00015201961,0.00021746078,0.0037638487,0.0007586336,0.00043812432,0.00084477395,0.0002305965,0.00017142028
0.00018456526,0.00015448137,0.00010717898,9.737097e-05,0.00034793647,0.00020016317,5.1122515e-05,0.0005009644,0.00015377358,3.2377888e-05,0.00010985028,0.00047606847,0.00013603948,0.00021147229,0.00011099087,2.894665e-05,0.00015107857,0.0021973616,0.00027151025,0.0015789127,0.00058961316,0.00015079204,3.8483715e-05,0.00012208385,0.001679349,8.2797844e-05,7.348548e-05,0.00067327806,8.0986094e-05,3.769535e-05
0.000604111,0.00085884705,0.00033218777,0.00036185337,0.00068817753,0.00047391566,0.00016153426,0.000650756,0.0002948862,0.000107984706,0.0001950651,0.0010633675,0.00027287586,0.00028738705,0.0002378372,9.835735e-05,0.00025469763,0.0010297443,0.0015789127,0.11032716,0.007988429,0.000224138,0.0001323693,0.00022896843,0.0012623873,0.0011215358,0.001412455,0.0007360794,0.000205297,0.00017710144
0.00043631485,0.00068496924,0.00027865946,0.00032263645,0.00072557095,0.00052793924,0.00014097933,0.0006223634,0.00028593646,9.686341e-05,0.00018686966,0.0006754372,0.00019810727,0.00024929497,0.00024114152,8.809354e-05,0.00017086987,0.0005516812,0.00058961316,0.007988429,0.09606624,0.00019470695,0.00011617703,0.00021515612,0.00076869555,0.0007407829,0.0012048351,0.0006320448,0.00017793215,0.0001586358
0.00014722625,0.00013735516,0.00024865518,0.00021649274,0.00032495038,0.00021927312,0.00042262493,0.0011961025,0.00043601842,0.0006929748,0.0007687586,0.00012962823,0.0002176208,0.0034780647,0.00041275678,0.0010550357,0.00015629288,0.00027182733,0.00015079204,0.000224138,0.00019470695,0.15896791,0.0022136907,0.0009632524,0.0006524412,0.00022564785,0.00018551126,0.008821034,0.0015368701,0.00060997513
4.2350115e-05,4.016489e-05,8.2429025e-05,7.359855e-05,0.0002435669,0.00014486912,9.647531e-05,0.0011970802,0.0003078973,0.00011743714,0.00064309564,4.6208806e-05,5.6904308e-05,0.0016047552,0.00036897374,0.00012557516,3.9232156e-05,0.00015201961,3.8483715e-05,0.0001323693,0.00011617703,0.0022136907,0.00027855864,0.0015103223,0.00042693585,4.9416427e-05,4.159407e-05,0.0060698525,0.00053104834,0.00012650518
0.00011741594,0.00012221158,0.00020957098,0.00021496875,0.00041762958,0.0002941763,0.00031780964,0.0015877413,0.00063551863,0.0006576951,0.0015624028,0.000107338084,0.0001332688,0.0012308431,0.0013210699,0.0009806796,0.00010252115,0.00021746078,0.00012208385,0.00022896843,0.00021515612,0.0009632524,0.0015103223,0.09896086,0.00047934317,0.00019735795,0.00019505652,0.0036774795,0.0012428734,0.0014315159
0.0007490355,0.00060191605,0.0005658823,0.0004664997,0.0005288335,0.00036213297,0.0003799487,0.00078381697,0.0003923587,0.00027213484,0.00033416977,0.00083461485,0.0010550244,0.00069880625,0.0003325402,0.0002682922,0.0023011195,0.0037638487,0.001679349,0.0012623873,0.00076869555,0.0006524412,0.00042693585,0.00047934317,0.6035454,0.0016317393,0.00073791726,0.0020659352,0.00072706735,0.00051869964
8.0850106e-05,7.762759e-05,8.9546666e-05,8.395149e-05,0.00035357184,0.0002018623,5.120395e-05,0.0006201245,0.0001826761,3.6614798e-05,0.00014730543,0.00013860919,8.614094e-05,0.00028312526,0.00015803729,3.4153356e-05,7.8098354e-05,0.0007586336,8.2797844e-05,0.0011215358,0.0007407829,0.00022564785,4.9416427e-05,0.00019735795,0.0016317393,0.00016727702,5.8157406e-05,0.0012809017,0.00013443653,4.808572e-05
7.023825e-05,7.72237e-05,8.235696e-05,8.2400584e-05,0.00041555046,0.0002459118,4.5894205e-05,0.00062209636,0.00019019739,3.2975768e-05,0.0001486368,0.00012269511,6.253e-05,0.00023952275,0.00017819015,3.0265406e-05,5.216526e-05,0.00043812432,7.348548e-05,0.001412455,0.0012048351,0.00018551126,4.159407e-05,0.00019505652,0.00073791726,5.8157406e-05,0.0001603842,0.000993882,0.00010846861,4.1431642e-05
0.0005315806,0.0005077665,0.00074657076,0.00067954406,0.00072717376,0.0005547803,0.0010106061,0.001554116,0.0009056691,0.0013142431,0.0012791144,0.00047097285,0.0007294955,0.0030198807,0.0010407375,0.0017650514,0.0006500341,0.00084477395,0.00067327806,0.0007360794,0.0006320448,0.008821034,0.0060698525,0.0036774795,0.0020659352,0.0012809017,0.000993882,1.0001,0.022345802,0.0035322683
7.25917e-05,6.952616e-05,0.000113368595,0.00010420821,0.0002632147,0.00016548044,0.00012619865,0.00085721875,0.00026985904,0.00015353298,0.00039403865,7.6731696e-05,9.53509e-05,0.00083642657,0.0003465557,0.00019080179,7.893601e-05,0.0002305965,8.0986094e-05,0.000205297,0.00017793215,0.0015368701,0.00053104834,0.0012428734,0.00072706735,0.00013443653,0.00010846861,0.022345802,0.0070250756,0.0005854499
3.9711656e-05,3.894718e-05,6.926408e-05,6.541045e-05,0.0002582588,0.00015679814,6.521574e-05,0.00084132265,0.00024517847,7.311095e-05,0.00036612366,4.8112353e-05,4.8655544e-05,0.0005258212,0.00040896572,7.994437e-05,3.6648216e-05,0.00017142028,3.769535e-05,0.00017710144,0.0001586358,0.00060997513,0.00012650518,0.0014315159,0.00051869964,4.808572e-05,4.1431642e-05,0.0035322683,0.0005854499,0.00023931745
