-5.0,-5.0,-5.0
-5.0,-5.0,-2.5
-5.0,-5.0,0.0
-5.0,-5.0,2.5
-5.0,-5.0,5.0
-5.0,-2.5,-5.0
-5.0,-2.5,-2.5
-5.0,-2.5,0.0
-5.0,-2.5,2.5
-5.0,-2.5,5.0
-5.0,0.0,-5.0
-5.0,0.0,-2.5
-5.0,0.0,0.0
-5.0,0.0,2.5
-5.0,0.0,5.0
-5.0,2.5,-5.0
-5.0,2.5,-2.5
-5.0,2.5,0.0
-5.0,2.5,2.5
-5.0,2.5,5.0
-5.0,5.0,-5.0
-5.0,5.0,-2.5
-5.0,5.0,0.0
-5.0,5.0,2.5
-5.0,5.0,5.0
-2.5,-5.0,-5.0
-2.5,-5.0,-2.5
-2.5,-5.0,0.0
-2.5,-5.0,2.5
-2.5,-5.0,5.0
-2.5,-2.5,-5.0
-2.5,-2.5,-2.5
-2.5,-2.5,0.0
-2.5,-2.5,2.5
-2.5,-2.5,5.0
-2.5,0.0,-5.0
-2.5,0.0,-2.5
-2.5,0.0,0.0
-2.5,0.0,2.5
-2.5,0.0,5.0
-2.5,2.5,-5.0
-2.5,2.5,-2.5
-2.5,2.5,0.0
-2.5,2.5,2.5
-2.5,2.5,5.0
-2.5,5.0,-5.0
-2.5,5.0,-2.5
-2.5,5.0,0.0
-2.5,5.0,2.5
-2.5,5.0,5.0
0.0,-5.0,-5.0
0.0,-5.0,-2.5
0.0,-5.0,0.0
0.0,-5.0,2.5
0.0,-5.0,5.0
0.0,-2.5,-5.0
0.0,-2.5,-2.5
0.0,-2.5,0.0
0.0,-2.5,2.5
0.0,-2.5,5.0
0.0,0.0,-5.0
0.0,0.0,-2.5
0.0,0.0,0.0
0.0,0.0,2.5
0.0,0.0,5.0
0.0,2.5,-5.0
0.0,2.5,-2.5
0.0,2.5,0.0
0.0,2.5,2.5
0.0,2.5,5.0
0.0,5.0,-5.0
0.0,5.0,-2.5
0.0,5.0,0.0
0.0,5.0,2.5
0.0,5.0,5.0
2.5,-5.0,-5.0
2.5,-5.0,-2.5
2.5,-5.0,0.0
2.5,-5.0,2.5
2.5,-5.0,5.0
2.5,-2.5,-5.0
2.5,-2.5,-2.5
2.5,-2.5,0.0
2.5,-2.5,2.5
2.5,-2.5,5.0
2.5,0.0,-5.0
2.5,0.0,-2.5
2.5,0.0,0.0
2.5,0.0,2.5
2.5,0.0,5.0
2.5,2.5,-5.0
2.5,2.5,-2.5
2.5,2.5,0.0
2.5,2.5,2.5
2.5,2.5,5.0
2.5,5.0,-5.0
2.5,5.0,-2.5
2.5,5.0,0.0
2.5,5.0,2.5
2.5,5.0,5.0
5.0,-5.0,-5.0
5.0,-5.0,-2.5
5.0,-5.0,0.0
5.0,-5.0,2.5
5.0,-5.0,5.0
5.0,-2.5,-5.0
5.0,-2.5,-2.5
5.0,-2.5,0.0
5.0,-2.5,2.5
5.0,-2.5,5.0
5.0,0.0,-5.0
5.0,0.0,-2.5
5.0,0.0,0.0
5.0,0.0,2.5
5.0,0.0,5.0
5.0,2.5,-5.0
5.0,2.5,-2.5
5.0,2.5,0.0
5.0,2.5,2.5
5.0,2.5,5.0
5.0,5.0,-5.0
5.0,5.0,-2.5
5.0,5.0,0.0
5.0,5.0,2.5
5.0,5.0,5.0
1.2417853825280818,-0.3456607529279616,1.6192213452517312
3.8075746410200635,-0.5853834368083399,-0.5853423923729514
3.9480320387684786,1.918586822882272,-1.1736859648373803
1.3564001089649116,-1.1585442320311556,-1.164324383925642
0.6049056789150853,-4.783200611644495,-4.312294581282582
-1.4057188231024318,-2.5320778008360594,0.7856183314881847
-2.270060188803028,-3.5307592533382293,3.664121922303885
-0.5644407512163392,0.1688205117198096,-3.5618704655336417
-1.3609568113129566,0.2773064742746652,-2.877483943555757
0.9392450458641799,-1.5015967247970123,-0.729234374483192
-1.5042665305734924,4.630695461272344,-0.03374306184483478
-2.6442773223897498,2.0563622802579724,-3.0521091249275556
0.5221589875118885,-4.899175309699439,-3.3204651222460764
0.4921530896728088,1.8461664499885262,0.42842070297492624
-0.2891207059706013,-0.752759238973222,-3.6963049759185687
-1.7996105209867717,-1.1515969273994688,2.642805565547289
0.8590457239211535,-4.407600388406835,0.8102099234869875
-0.9627057010407913,-1.6923050007648968,1.5291907221021697
2.5774988062398774,2.3282002977904965,-2.0980438080565964
-0.7730309396280365,0.8281585785089098,2.438862817805898
-1.1979355946132249,-0.4641474416595428,-2.7658374350150705
-2.990516560201677,2.031314555985495,3.390600071427057
-0.1800253039508346,2.50883224473006,0.9040900626190853
-1.6127993865128107,0.9034890137710349,3.845091416164923
-0.08956509777487882,3.911609139535015,-5.0
2.0547562609380594,0.21761767059542833,-0.7475183761646697
0.22940194133875574,-4.968922286502232,-0.5491797195937799
0.8927814287793661,3.6947351118537903,-1.2956755456841185
-2.021234007232969,-1.2543926089613413,2.2885052942551853
0.8218777741492111,-1.324400509417597,1.2831685827833903
0.24269387337010095,2.421612476332223,-1.755132734693381
-0.8191553664944206,-0.980270382830394,-3.6587873703302964
0.7403006926614402,0.6526381804497233,0.01278364160615225
-0.5864678334378686,-3.5384268551260356,-1.0516133069133975
-0.8567862913169237,-2.0056931730540475,-0.40321427916502284
1.010127142036346,4.715464753026326,0.4364445320795974
0.64387597680691,-0.18611478941541776,-4.796928038247604
-0.0662846886230422,0.1505755248525661,5.0
-0.4809024119528063,0.7538683558340311,-0.08677942426310828
-2.92169509404883,2.8570570362875514,1.8798325817169355
1.9775798676076173,-2.2734686369868475,3.506985777340248
-3.504627656980702,1.4671427345006758,5.0
-2.476340812826721,-1.4157443240069298,0.24912841271910305
-1.258689135290498,-3.8766585776653315,0.17140743701506833
-2.655759284315262,1.183981076587954,-2.2985605855845086
3.8748360125438497,-1.9581332308405928,-0.805153790514189
2.033793043424174,-3.077160791084888,0.5686498365103235
3.2678568857060704,-4.018708086403069,0.4615846463307605
0.6497069856210587,1.954557179443275,-3.092376777195205
-3.301141532710691,1.3048539140422442,0.7424616830829651
0.6262321258646917,0.8661205237424396,-1.700061803946227
0.5806342429025089,0.7326811832467031,-1.7858785450659196
4.664436277861891,1.1845823022794688,-2.9782587430066214
1.6413840215845743,-2.4367041755683037,1.9677115093561302
2.89648894751851,-2.0517057958792764,2.4084403231108045
1.0319523173412457,2.055150399986225,4.741982456634869
-0.6134702900071762,-1.8843404108937238,-2.223786074063808
-2.039525712413596,-0.19275427353526028,0.8528799370416087
0.6917269983250476,2.0679581225900594,0.032504729694767545
3.633835192893292,-0.6616420830948901,5.0
1.5641683694125155,-2.1428938910407065,-2.6772312451527807
1.2061810381079632,-0.5586569633146271,1.7850012352302298
1.183094061433862,-0.18207228164218192,-2.1169842951710125
-3.7871180617146614,-1.1162873801675528,2.140996985808681
0.5352343603255099,-3.1143469467799703,0.432952314627955
0.9632934493220919,-2.2096435905028327,0.38431276486381977
0.14552179611499974,-2.857425744576558,0.8944684008707082
1.401961315920586,2.7076281079381923,2.6345051300872573
-3.444173419892728,-2.344562599787807,1.2875881680216494
1.284464877280522,1.2876192157651194,5.0
1.4272262767329176,2.8389141004514973,2.385004408733006
1.628478128264495,-0.7881731116008639,1.897423051233168
-1.9320630363439295,-0.5920465168500222,-1.2134088695727587
0.20468534846580638,5.0,-4.66816298147937
1.7156504759362838,-4.03178967797413,-1.1798296644735837
