-1.000000000000000000e+00,-1.000000000000000000e+00,1.000000000000000000e+00,-1.000000000000000000e+00,1.398430159984720422e-02,-1.398430159984720422e-02
-1.000000000000000000e+00,-1.000000000000000000e+00,1.000000000000000000e+00,-1.000000000000000000e+00,5.802540759861392061e-01,-5.802540759861392061e-01
-1.000000000000000000e+00,-1.000000000000000000e+00,1.000000000000000000e+00,-1.000000000000000000e+00,8.409736786771867534e-01,-8.409736786771867534e-01
-1.000000000000000000e+00,-1.000000000000000000e+00,1.000000000000000000e+00,-1.000000000000000000e+00,9.616691115611248897e-01,-9.616691115611248897e-01
-1.000000000000000000e+00,-1.000000000000000000e+00,1.000000000000000000e+00,-1.000000000000000000e+00,9.907604561532182830e-01,-9.907604561532182830e-01
-1.000000000000000000e+00,-1.000000000000000000e+00,1.000000000000000000e+00,-1.000000000000000000e+00,7.094372925734672153e-01,-7.094372925734672153e-01
-1.000000000000000000e+00,-1.000000000000000000e+00,1.000000000000000000e+00,-1.000000000000000000e+00,3.488287246495860305e-01,-3.488287246495860305e-01
-1.000000000000000000e+00,-1.000000000000000000e+00,1.000000000000000000e+00,-1.000000000000000000e+00,9.961232245316532508e-01,-9.961232245316532508e-01
-1.000000000000000000e+00,-1.000000000000000000e+00,1.000000000000000000e+00,-1.000000000000000000e+00,7.413942063955929473e-01,-7.413942063955929473e-01
-1.000000000000000000e+00,-1.000000000000000000e+00,1.000000000000000000e+00,-1.000000000000000000e+00,8.629019176916752354e-01,-8.629019176916752354e-01
-1.000000000000000000e+00,-1.000000000000000000e+00,1.000000000000000000e+00,-1.000000000000000000e+00,8.412261854069890132e-01,-8.412261854069890132e-01
-1.000000000000000000e+00,-1.000000000000000000e+00,1.000000000000000000e+00,-1.000000000000000000e+00,5.209640071247190196e-01,-5.209640071247190196e-01
-1.000000000000000000e+00,-1.000000000000000000e+00,1.000000000000000000e+00,-1.000000000000000000e+00,5.890497622444420545e-01,-5.890497622444420545e-01
-1.000000000000000000e+00,-1.000000000000000000e+00,1.000000000000000000e+00,-1.000000000000000000e+00,8.047528758604963750e-01,-8.047528758604963750e-01
-1.000000000000000000e+00,-1.000000000000000000e+00,1.000000000000000000e+00,-1.000000000000000000e+00,8.596417487417495895e-01,-8.596417487417495895e-01
-1.000000000000000000e+00,-1.000000000000000000e+00,1.000000000000000000e+00,-1.000000000000000000e+00,8.559768665583932234e-01,-8.559768665583932234e-01
-1.000000000000000000e+00,-1.000000000000000000e+00,1.000000000000000000e+00,-1.000000000000000000e+00,4.253268004707821959e-02,-4.253268004707821959e-02
-1.000000000000000000e+00,-1.000000000000000000e+00,1.000000000000000000e+00,-1.000000000000000000e+00,2.281125927772017503e-01,-2.281125927772017503e-01
-1.000000000000000000e+00,-1.000000000000000000e+00,1.000000000000000000e+00,-1.000000000000000000e+00,9.622100666350992260e-01,-9.622100666350992260e-01
-1.000000000000000000e+00,-1.000000000000000000e+00,1.000000000000000000e+00,-1.000000000000000000e+00,2.279182550553859876e-02,-2.279182550553859876e-02
-1.000000000000000000e+00,-1.000000000000000000e+00,1.000000000000000000e+00,-1.000000000000000000e+00,5.737800075833227043e-01,-5.737800075833227043e-01
-1.000000000000000000e+00,-1.000000000000000000e+00,1.000000000000000000e+00,-1.000000000000000000e+00,4.137549530154949196e-02,-4.137549530154949196e-02
-1.000000000000000000e+00,-1.000000000000000000e+00,1.000000000000000000e+00,-1.000000000000000000e+00,9.275591086022499931e-01,-9.275591086022499931e-01
-1.000000000000000000e+00,-1.000000000000000000e+00,1.000000000000000000e+00,-1.000000000000000000e+00,5.392147652278108660e-01,-5.392147652278108660e-01
-1.000000000000000000e+00,-1.000000000000000000e+00,1.000000000000000000e+00,-1.000000000000000000e+00,7.539695603356543208e-01,-7.539695603356543208e-01
-1.000000000000000000e+00,-1.000000000000000000e+00,1.000000000000000000e+00,-1.000000000000000000e+00,3.118720462840605112e-01,-3.118720462840605112e-01
-1.000000000000000000e+00,-1.000000000000000000e+00,1.000000000000000000e+00,-1.000000000000000000e+00,3.012752179286277698e-01,-3.012752179286277698e-01
-1.000000000000000000e+00,-1.000000000000000000e+00,1.000000000000000000e+00,-1.000000000000000000e+00,6.128961236240551003e-01,-6.128961236240551003e-01
-1.000000000000000000e+00,-1.000000000000000000e+00,1.000000000000000000e+00,-1.000000000000000000e+00,1.158076057333345954e-02,-1.158076057333345954e-02
-1.000000000000000000e+00,-1.000000000000000000e+00,1.000000000000000000e+00,-1.000000000000000000e+00,4.685071205180765253e-01,-4.685071205180765253e-01
-1.000000000000000000e+00,-1.000000000000000000e+00,1.000000000000000000e+00,-1.000000000000000000e+00,2.931310373553024373e-01,-2.931310373553024373e-01
-1.000000000000000000e+00,-1.000000000000000000e+00,1.000000000000000000e+00,-1.000000000000000000e+00,8.090628927328258335e-02,-8.090628927328258335e-02
-1.000000000000000000e+00,-1.000000000000000000e+00,1.000000000000000000e+00,-1.000000000000000000e+00,9.431731972817155585e-01,-9.431731972817155585e-01
-1.000000000000000000e+00,-1.000000000000000000e+00,1.000000000000000000e+00,-1.000000000000000000e+00,2.940101725915137409e-01,-2.940101725915137409e-01
-1.000000000000000000e+00,-1.000000000000000000e+00,1.000000000000000000e+00,-1.000000000000000000e+00,1.123211895182214537e-01,-1.123211895182214537e-01
-1.000000000000000000e+00,-1.000000000000000000e+00,1.000000000000000000e+00,-1.000000000000000000e+00,8.650324397533130094e-01,-8.650324397533130094e-01
-1.000000000000000000e+00,-1.000000000000000000e+00,1.000000000000000000e+00,-1.000000000000000000e+00,7.142877223780967899e-01,-7.142877223780967899e-01
-1.000000000000000000e+00,-1.000000000000000000e+00,1.000000000000000000e+00,-1.000000000000000000e+00,9.453205180469784752e-01,-9.453205180469784752e-01
-1.000000000000000000e+00,-1.000000000000000000e+00,1.000000000000000000e+00,-1.000000000000000000e+00,5.663316124777910687e-01,-5.663316124777910687e-01
-1.000000000000000000e+00,-1.000000000000000000e+00,1.000000000000000000e+00,-1.000000000000000000e+00,8.312145163204293086e-01,-8.312145163204293086e-01
-1.000000000000000000e+00,-1.000000000000000000e+00,1.000000000000000000e+00,-1.000000000000000000e+00,8.087765033567395623e-01,-8.087765033567395623e-01
-1.000000000000000000e+00,-1.000000000000000000e+00,1.000000000000000000e+00,-1.000000000000000000e+00,3.204880293509885236e-01,-3.204880293509885236e-01
-1.000000000000000000e+00,-1.000000000000000000e+00,1.000000000000000000e+00,-1.000000000000000000e+00,8.199025976570910590e-01,-8.199025976570910590e-01
-1.000000000000000000e+00,-1.000000000000000000e+00,1.000000000000000000e+00,-1.000000000000000000e+00,6.688862087779342547e-01,-6.688862087779342547e-01
-1.000000000000000000e+00,-1.000000000000000000e+00,1.000000000000000000e+00,-1.000000000000000000e+00,4.141481040958286952e-01,-4.141481040958286952e-01
-1.000000000000000000e+00,-1.000000000000000000e+00,1.000000000000000000e+00,-1.000000000000000000e+00,2.556646663505203199e-01,-2.556646663505203199e-01
-1.000000000000000000e+00,-1.000000000000000000e+00,1.000000000000000000e+00,-1.000000000000000000e+00,7.601001787946014554e-01,-7.601001787946014554e-01
-1.000000000000000000e+00,-1.000000000000000000e+00,1.000000000000000000e+00,-1.000000000000000000e+00,9.651929863185738645e-01,-9.651929863185738645e-01
-1.000000000000000000e+00,-1.000000000000000000e+00,1.000000000000000000e+00,-1.000000000000000000e+00,7.449331791435658268e-01,-7.449331791435658268e-01
-1.000000000000000000e+00,-1.000000000000000000e+00,1.000000000000000000e+00,-1.000000000000000000e+00,2.354034244362551709e-01,-2.354034244362551709e-01
-1.000000000000000000e+00,-1.000000000000000000e+00,1.000000000000000000e+00,-1.000000000000000000e+00,8.673511951492721694e-01,-8.673511951492721694e-01
-1.000000000000000000e+00,-1.000000000000000000e+00,1.000000000000000000e+00,-1.000000000000000000e+00,9.025521552266873027e-01,-9.025521552266873027e-01
-1.000000000000000000e+00,-1.000000000000000000e+00,1.000000000000000000e+00,-1.000000000000000000e+00,2.083417696383476070e-01,-2.083417696383476070e-01
-1.000000000000000000e+00,-1.000000000000000000e+00,1.000000000000000000e+00,-1.000000000000000000e+00,3.050386154189199672e-02,-3.050386154189199672e-02
-1.000000000000000000e+00,-1.000000000000000000e+00,1.000000000000000000e+00,-1.000000000000000000e+00,2.539547642366503100e-01,-2.539547642366503100e-01
-1.000000000000000000e+00,-1.000000000000000000e+00,1.000000000000000000e+00,-1.000000000000000000e+00,5.680645289943206944e-01,-5.680645289943206944e-01
-1.000000000000000000e+00,-1.000000000000000000e+00,1.000000000000000000e+00,-1.000000000000000000e+00,6.586655239753446134e-01,-6.586655239753446134e-01
-1.000000000000000000e+00,-1.000000000000000000e+00,1.000000000000000000e+00,-1.000000000000000000e+00,1.473187219453299113e-01,-1.473187219453299113e-01
-1.000000000000000000e+00,-1.000000000000000000e+00,1.000000000000000000e+00,-1.000000000000000000e+00,4.840331021750211571e-01,-4.840331021750211571e-01
-1.000000000000000000e+00,-1.000000000000000000e+00,1.000000000000000000e+00,-1.000000000000000000e+00,8.223942034828531922e-01,-8.223942034828531922e-01
-1.000000000000000000e+00,-1.000000000000000000e+00,1.000000000000000000e+00,-1.000000000000000000e+00,5.834570914411452147e-01,-5.834570914411452147e-01
-1.000000000000000000e+00,-1.000000000000000000e+00,1.000000000000000000e+00,-1.000000000000000000e+00,7.313107762876958073e-02,-7.313107762876958073e-02
-1.000000000000000000e+00,-1.000000000000000000e+00,1.000000000000000000e+00,-1.000000000000000000e+00,2.650117849831002959e-01,-2.650117849831002959e-01
-1.000000000000000000e+00,-1.000000000000000000e+00,1.000000000000000000e+00,-1.000000000000000000e+00,1.538377894970108795e-01,-1.538377894970108795e-01
-1.000000000000000000e+00,-1.000000000000000000e+00,1.000000000000000000e+00,-1.000000000000000000e+00,4.022433056102748816e-01,-4.022433056102748816e-01
-1.000000000000000000e+00,-1.000000000000000000e+00,1.000000000000000000e+00,-1.000000000000000000e+00,5.241629838255899010e-01,-5.241629838255899010e-01
-1.000000000000000000e+00,-1.000000000000000000e+00,1.000000000000000000e+00,-1.000000000000000000e+00,9.553362921979323685e-01,-9.553362921979323685e-01
-1.000000000000000000e+00,-1.000000000000000000e+00,1.000000000000000000e+00,-1.000000000000000000e+00,6.034265731427814750e-01,-6.034265731427814750e-01
-1.000000000000000000e+00,-1.000000000000000000e+00,1.000000000000000000e+00,-1.000000000000000000e+00,4.717373026907735190e-01,-4.717373026907735190e-01
-1.000000000000000000e+00,-1.000000000000000000e+00,1.000000000000000000e+00,-1.000000000000000000e+00,5.788459588778955833e-01,-5.788459588778955833e-01
-1.000000000000000000e+00,-1.000000000000000000e+00,1.000000000000000000e+00,-1.000000000000000000e+00,6.700423661110244122e-01,-6.700423661110244122e-01
-1.000000000000000000e+00,-1.000000000000000000e+00,1.000000000000000000e+00,-1.000000000000000000e+00,8.347799055387347122e-01,-8.347799055387347122e-01
-1.000000000000000000e+00,-1.000000000000000000e+00,1.000000000000000000e+00,-1.000000000000000000e+00,8.654635897419773460e-01,-8.654635897419773460e-01
-1.000000000000000000e+00,-1.000000000000000000e+00,1.000000000000000000e+00,-1.000000000000000000e+00,1.962791549966583782e-01,-1.962791549966583782e-01
-1.000000000000000000e+00,-1.000000000000000000e+00,1.000000000000000000e+00,-1.000000000000000000e+00,3.647797412444558907e-01,-3.647797412444558907e-01
-1.000000000000000000e+00,-1.000000000000000000e+00,1.000000000000000000e+00,-1.000000000000000000e+00,5.186947163649757719e-02,-5.186947163649757719e-02
-1.000000000000000000e+00,-1.000000000000000000e+00,1.000000000000000000e+00,-1.000000000000000000e+00,9.031803380578020679e-01,-9.031803380578020679e-01
-1.000000000000000000e+00,-1.000000000000000000e+00,1.000000000000000000e+00,-1.000000000000000000e+00,2.867651795536771964e-01,-2.867651795536771964e-01
-1.000000000000000000e+00,-1.000000000000000000e+00,1.000000000000000000e+00,-1.000000000000000000e+00,4.272540784044610573e-01,-4.272540784044610573e-01
-1.000000000000000000e+00,-1.000000000000000000e+00,1.000000000000000000e+00,-1.000000000000000000e+00,5.624587316099585177e-01,-5.624587316099585177e-01
-1.000000000000000000e+00,-1.000000000000000000e+00,1.000000000000000000e+00,-1.000000000000000000e+00,9.786828752992234870e-01,-9.786828752992234870e-01
-1.000000000000000000e+00,-1.000000000000000000e+00,1.000000000000000000e+00,-1.000000000000000000e+00,3.090469690697781324e-01,-3.090469690697781324e-01
-1.000000000000000000e+00,-1.000000000000000000e+00,1.000000000000000000e+00,-1.000000000000000000e+00,8.662175859547667223e-01,-8.662175859547667223e-01
-1.000000000000000000e+00,-1.000000000000000000e+00,1.000000000000000000e+00,-1.000000000000000000e+00,3.425653979797081972e-01,-3.425653979797081972e-01
-1.000000000000000000e+00,-1.000000000000000000e+00,1.000000000000000000e+00,-1.000000000000000000e+00,2.559997520140694371e-01,-2.559997520140694371e-01
-1.000000000000000000e+00,-1.000000000000000000e+00,1.000000000000000000e+00,-1.000000000000000000e+00,5.629336958876831609e-01,-5.629336958876831609e-01
-1.000000000000000000e+00,-1.000000000000000000e+00,1.000000000000000000e+00,-1.000000000000000000e+00,1.668289204825003091e-01,-1.668289204825003091e-01
-1.000000000000000000e+00,-1.000000000000000000e+00,1.000000000000000000e+00,-1.000000000000000000e+00,9.042819391604937085e-01,-9.042819391604937085e-01
-1.000000000000000000e+00,-1.000000000000000000e+00,1.000000000000000000e+00,-1.000000000000000000e+00,9.268729124125124619e-01,-9.268729124125124619e-01
-1.000000000000000000e+00,-1.000000000000000000e+00,1.000000000000000000e+00,-1.000000000000000000e+00,2.324735215454176718e-03,-2.324735215454176718e-03
-1.000000000000000000e+00,-1.000000000000000000e+00,1.000000000000000000e+00,-1.000000000000000000e+00,9.741747652790366807e-02,-9.741747652790366807e-02
-1.000000000000000000e+00,-1.000000000000000000e+00,1.000000000000000000e+00,-1.000000000000000000e+00,6.934034387721590420e-01,-6.934034387721590420e-01
-1.000000000000000000e+00,-1.000000000000000000e+00,1.000000000000000000e+00,-1.000000000000000000e+00,5.340314908790898540e-01,-5.340314908790898540e-01
-1.000000000000000000e+00,-1.000000000000000000e+00,1.000000000000000000e+00,-1.000000000000000000e+00,2.583013034737506874e-01,-2.583013034737506874e-01
-1.000000000000000000e+00,-1.000000000000000000e+00,1.000000000000000000e+00,-1.000000000000000000e+00,9.989446716619319044e-01,-9.989446716619319044e-01
-1.000000000000000000e+00,-1.000000000000000000e+00,1.000000000000000000e+00,-1.000000000000000000e+00,3.509395430926031123e-01,-3.509395430926031123e-01
-1.000000000000000000e+00,-1.000000000000000000e+00,1.000000000000000000e+00,-1.000000000000000000e+00,7.427542729679273981e-01,-7.427542729679273981e-01
-1.000000000000000000e+00,-1.000000000000000000e+00,1.000000000000000000e+00,-1.000000000000000000e+00,8.941588099894111075e-01,-8.941588099894111075e-01
-1.000000000000000000e+00,-1.000000000000000000e+00,1.000000000000000000e+00,-1.000000000000000000e+00,4.060226631009203890e-01,-4.060226631009203890e-01
-1.000000000000000000e+00,-1.000000000000000000e+00,1.000000000000000000e+00,-1.000000000000000000e+00,4.394186962473557445e-01,-4.394186962473557445e-01
