0.0054962170,0.0007597877,0.0162699828,0.0074721137,0.0064909453,0.0133598760,0.0087447136,0.0019241454,0.0291734198,-0.0066230384,0.0027969100,1.3575800908
0.0019665984,0.0100305569,0.0119837829,0.0028726557,-0.0159293794,0.0042430918,0.0042603623,-0.0087404493,0.6320907618,-0.0132010172,-0.0044191639,0.9092130483
-0.0016230196,-0.0055274132,0.0031323175,-0.0055698931,-0.0102349797,-0.0104669270,-0.0003148079,-0.0193196796,0.3176661264,-0.0103193249,0.0015088847,1.0335960278
0.0058760014,0.0036791486,0.0051824172,0.0086482766,0.0070999216,0.0085307717,0.0167637525,0.0032593754,0.5186385737,0.0035846684,-0.0049922123,1.3053991406
-0.0064367146,-0.0109901278,-0.0001847494,-0.0094724254,-0.0015245757,-0.0162197763,-0.0181848724,-0.0065994609,0.6491085900,-0.0104062410,0.0002475643,0.9283831569
-0.0000824203,0.0132191586,0.0057706546,-0.0002959284,0.0077385468,-0.0051643107,0.0072376281,0.0158574831,0.2658022690,-0.0021625295,-0.0010013903,0.8161436975
0.0045324260,-0.0097889571,0.0339631349,0.0058683953,-0.0052620126,0.0189026765,-0.0026524663,-0.0040447591,0.8314424635,-0.0091930250,0.0028517596,1.0564532903
0.0012949741,0.0129048120,-0.0052967302,0.0049440622,0.0155192344,-0.0021449661,0.0236637910,0.0037379751,0.3346839546,0.0063177782,-0.0003323711,1.0677233939
0.0011311587,0.0002469378,0.0024771518,0.0025642301,0.0017506710,0.0022103463,0.0059690953,0.0010685807,0.3257698541,-0.0119566667,0.0044888554,0.9193668866
0.0010064371,0.0048228887,0.0057885053,0.0041425716,0.0102310044,-0.0083002442,-0.0058372219,0.0208323308,0.8354943274,-0.0106466132,-0.0048403375,1.1943017525
0.0012987439,0.0029118344,0.0127710370,0.0010575767,-0.0064795360,0.0049249973,0.0099443442,-0.0035223620,0.7690437601,-0.0088873877,-0.0037796177,1.2789631186
-0.0052912571,0.0040435081,0.0050848389,-0.0046944814,0.0097004624,-0.0228929551,0.0031137526,0.0097344644,0.6920583468,-0.0134532904,-0.0010893939,1.3832364382
0.0010401051,-0.0128821656,0.0058582377,0.0017324673,-0.0073864537,0.0089367507,-0.0023031896,-0.0064274260,0.3492706645,-0.0093338734,0.0006770033,1.0976091121
-0.0064632847,-0.0241774916,0.0201086375,-0.0111305385,-0.0185164247,-0.0122250872,-0.0295116713,-0.0227218824,0.8727714749,-0.0097326321,-0.0010484976,1.3895993422
0.0000000000,-0.0019321852,-0.0046774793,0.0001120731,-0.0050204213,0.0029646565,-0.0058633180,-0.0029003563,0.5875202593,0.0025622821,-0.0041150750,1.2185299852
0.0048630035,0.0297326666,0.0228069467,0.0085518390,0.0134812418,0.0131758259,0.0275999384,0.0137868014,0.2965964344,0.0039247126,0.0024732011,1.4728204170
0.0045885822,0.0033418513,-0.0000640842,0.0088442170,0.0092876930,0.0107450996,0.0064872089,0.0050347144,0.3865478120,-0.0067304116,-0.0021906549,1.3801162564
-0.0022429027,0.0150558083,0.0005512786,-0.0000896616,0.0148753959,-0.0087402662,0.0026894339,0.0206966339,0.7811993517,-0.0118865234,-0.0033473306,0.9931994274
-0.0020061074,-0.0026158821,-0.0018674031,-0.0038706366,0.0030802682,-0.0033835019,0.0150047609,-0.0090032711,0.6029173420,-0.0120548598,-0.0049447788,1.3405713385
0.0005691928,0.0033651802,0.0095066426,0.0004279641,-0.0024954671,0.0020593474,0.0027000068,-0.0003655663,0.0623987034,0.0036028520,0.0029017554,0.9391896829
-0.0057325623,0.0006948747,-0.0134948716,-0.0042174193,0.0028768205,-0.0143028497,-0.0015658074,-0.0058073434,0.7901134522,-0.0107318200,-0.0038413094,0.8518312562
-0.0012029913,-0.0102550850,-0.0135368553,-0.0019616810,-0.0109421636,-0.0026308135,-0.0009267391,-0.0094133501,0.2795786062,-0.0038067726,-0.0040458988,1.3950270045
-0.0048040408,-0.0104346990,0.0047614235,-0.0064264422,-0.0026807465,-0.0113212811,-0.0073496973,-0.0123793110,0.7406807131,-0.0109031407,0.0022960618,1.0176876252
0.0022379136,0.0053400742,-0.0023211140,0.0057175403,0.0109385835,0.0086804150,0.0104171980,0.0151285917,0.5016207455,-0.0055719090,-0.0038040575,1.4210489198
-0.0014990182,0.0014443809,0.0074194492,-0.0021002762,0.0036379464,-0.0024978474,-0.0095082092,0.0101793299,0.3128038898,-0.0019024949,0.0027096718,1.3325495340
-0.0014380861,0.0005278908,0.0103408292,-0.0027494897,-0.0022500103,-0.0055164285,-0.0023667226,-0.0014941252,0.2333873582,0.0018793842,-0.0038910918,0.8283035127
-0.0003569692,0.0092474159,0.0002764312,-0.0004847625,0.0090266827,-0.0025439983,0.0090717184,0.0067761836,0.7933549433,-0.0173049657,0.0013641041,0.8755239989
0.0013261670,0.0139226944,0.0107959021,0.0016511192,0.0069929120,0.0054951691,0.0156262990,0.0116065098,0.3889789303,0.0000205324,-0.0036066855,1.1942929004
0.0002087745,-0.0062255452,0.0043359571,0.0001553869,-0.0120764272,0.0067070321,-0.0179274522,-0.0006633112,0.4230145867,0.0008808769,-0.0027120183,1.0872680461
0.0000000000,-0.0047013982,0.0129323933,-0.0009811319,0.0060385133,-0.0023238774,-0.0079298109,-0.0015808063,0.2098865478,0.0017968332,0.0038046784,1.2192058265
-0.0039989774,0.0011519759,-0.0012941849,-0.0045711951,-0.0028323026,-0.0100792290,-0.0062321942,-0.0068029187,0.7528363047,-0.0048602879,0.0037146059,1.3656842657
-0.0028063660,0.0068428393,0.0041420955,-0.0028238658,0.0050565403,-0.0056922458,-0.0029494404,0.0033694363,0.9108589951,-0.0107783910,0.0038328026,0.9529083061
-0.0006100105,-0.0091967457,0.0041030546,-0.0014430398,-0.0113103253,-0.0022327468,0.0001699958,-0.0120933564,0.1207455429,-0.0066487522,-0.0007289221,0.8770363472
-0.0012318883,-0.0011551131,0.0011743784,-0.0029328778,0.0012043139,-0.0059342805,0.0102723381,0.0102928013,0.3233387358,-0.0071377622,-0.0033534415,1.0467981994
-0.0027081303,-0.0212288756,-0.0054298365,-0.0069602416,-0.0158495243,-0.0121904696,-0.0065589283,-0.0246815099,0.4392220421,-0.0005434998,-0.0023058767,1.1393809800
0.0139506326,0.0158587167,0.0148407494,0.0205360532,0.0162613312,0.0361763705,0.0230159314,0.0216217405,0.1458670989,-0.0049946123,0.0001879062,1.4600367927
-0.0025005772,-0.0088391454,-0.0035133352,-0.0030514335,-0.0036126852,-0.0059251657,-0.0124464617,0.0061299749,0.1604538088,-0.0065262298,-0.0025312394,0.8454245730
-0.0026728271,-0.0094480216,-0.0037553480,-0.0032616287,-0.0038615416,-0.0063333152,-0.0133038245,0.0065522325,0.1604538088,0.0083502716,-0.0023321899,0.9036608510
-0.0011709513,0.0119365909,0.0034114240,-0.0036879929,0.0079335242,-0.0085539375,0.0016822697,0.0267718234,0.6393841167,-0.0153642661,-0.0022135354,1.1518753163
-0.0004983322,0.0031276804,0.0287145776,-0.0002258853,0.0077502497,-0.0026998487,0.0063911170,0.0079641462,0.6807054516,-0.0061883628,-0.0005221684,1.2440459413
-0.0015556350,0.0074881505,0.0028637183,-0.0019117832,0.0079050171,-0.0110238588,-0.0013462583,0.0075363899,0.4303079417,0.0009293129,-0.0026236246,1.2704948832
0.0025013125,0.0042378456,-0.0051463250,0.0037492457,0.0028802640,0.0081071915,0.0081347834,-0.0106556647,0.5178282010,-0.0057722693,0.0048342314,1.3621978295
-0.0017860973,-0.0067824588,0.0022775953,-0.0029979217,0.0061355654,-0.0045617141,0.0046962236,-0.0062076321,0.4902755267,-0.0130969599,0.0033530250,1.1750422789
-0.0032738630,-0.0083006658,-0.0199636570,-0.0043277066,-0.0014554029,-0.0059557558,-0.0163827885,-0.0093888015,0.1547811994,0.0023684441,0.0035835880,1.1557391437
-0.0034981485,-0.0120852450,-0.0140375714,-0.0026812911,-0.0070833955,-0.0020158183,-0.0232947694,-0.0170678739,0.5137763371,-0.0148060068,0.0001209306,1.2742950533
0.0003583154,0.0074492504,-0.0007386525,0.0010736455,0.0084940543,0.0005541812,0.0012799142,0.0026347377,0.0632090762,-0.0087085597,0.0044052326,1.0440661911
0.0115760444,-0.0099663370,0.0334059643,0.0012268021,-0.0020747659,0.0033087210,0.0190951843,-0.0014881763,0.7779578606,-0.0150291597,-0.0015893365,1.4557109921
0.0058565803,-0.0021771583,-0.0021729164,0.0080734682,-0.0072195544,0.0206950620,-0.0086041459,-0.0150290478,0.7698541329,-0.0068695819,0.0019578440,0.9463501345
-0.0076506343,-0.0185306402,-0.0020826035,-0.0120184440,-0.0223494629,-0.0177621338,-0.0132575680,-0.0186721902,0.7512155592,-0.0011677116,0.0005520081,1.2619888322
0.0048921417,0.0064571410,0.0130727076,0.0050454798,0.0055894908,0.0080242993,0.0026770052,-0.0002169671,0.5307941653,-0.0134458863,0.0039721576,0.9692966036
0.0012973308,0.0077968924,0.0062390376,0.0014403899,0.0034083254,-0.0001577780,-0.0159088836,-0.0015370951,0.9935170178,-0.0161610280,-0.0022112865,1.4178454402
-0.0010056110,-0.0098075157,0.0205729169,-0.0020731238,-0.0088544119,-0.0076744844,-0.0175249517,0.0046489296,0.5478119935,0.0016483659,-0.0009549187,1.3926627996
-0.0010107644,-0.0009477704,0.0009635775,-0.0024064264,0.0009881396,-0.0048690774,0.0084284539,0.0084452439,0.3233387358,-0.0100008131,0.0039855419,0.8588979755
-0.0000712443,0.0045823291,0.0059406372,0.0006765763,-0.0002701371,-0.0033532846,-0.0009808724,-0.0032379586,0.6239870340,-0.0142104395,0.0016350177,0.8064379361
0.0017247649,0.0084434414,-0.0012170138,0.0020416880,0.0031361674,0.0005549267,0.0048614542,0.0042823790,0.1401944895,-0.0004272691,0.0019189520,0.9125656360
0.0001935200,-0.0054368221,0.0103233448,-0.0000873185,-0.0005083888,0.0009338093,0.0014013400,-0.0012091135,0.6369529984,-0.0021259456,-0.0026275091,0.9569885166
-0.0009549798,-0.0093137196,0.0195370965,-0.0019687447,-0.0084086034,-0.0072880838,-0.0166425924,0.0044148619,0.5478119935,-0.0024854620,0.0034922341,1.3225439836
-0.0113425424,-0.0071361614,-0.0114219835,-0.0137405570,-0.0017165226,-0.0241757933,0.0028254880,-0.0002455260,0.6985413290,-0.0061346087,0.0000881408,1.0156425543
-0.0007143524,0.0196576709,0.0065114682,0.0026463697,0.0095394989,-0.0036117450,-0.0001132320,0.0198833335,0.8184764992,-0.0133049721,0.0047301055,0.9856416574
0.0017276041,0.0172161019,-0.0070662825,0.0065957938,0.0207039607,-0.0028615648,0.0315694826,0.0049867724,0.3346839546,-0.0007240670,0.0029481130,1.4244325886
0.0019193582,0.0148265584,0.0102821699,0.0033511488,0.0063420008,0.0073443204,0.0062345701,0.0155231234,0.0380875203,0.0029976060,0.0036416757,1.2515723534
0.0021570777,0.0072917349,0.0081198664,0.0025647956,-0.0038119466,0.0058646736,0.0044776388,0.0070677281,0.2163695300,-0.0065482481,-0.0047568403,1.3057164807
-0.0065316224,-0.0163799278,0.0202843357,-0.0141174030,-0.0363927145,-0.0228960784,-0.0189581695,-0.0107505567,0.8776337115,0.0011146731,-0.0003005549,0.8305226402
-0.0182473444,-0.0347524846,-0.0309482644,-0.0280715875,-0.0025656724,-0.0434368843,-0.0378064780,-0.0581222331,0.9862236629,-0.0124590626,-0.0048454338,1.4404050732
-0.0095300299,-0.0131210241,-0.0039162479,-0.0140405435,-0.0185317824,-0.0163932272,-0.0243530170,-0.0057004131,0.9124797407,-0.0080694981,0.0007229247,1.0315252133
0.0059939066,-0.0129454060,0.0449145466,0.0077606592,-0.0069587484,0.0249978440,-0.0035077540,-0.0053489915,0.8314424635,-0.0124254468,-0.0011490227,1.3971066188
-0.0012228048,0.0032963818,0.0176844969,-0.0022862781,0.0048343868,-0.0036732232,0.0002229747,0.0028427080,0.2739059968,-0.0093492050,0.0005680126,1.0218454036
0.0055949414,0.0102589006,0.0092736672,0.0077749955,0.0049051579,0.0060536772,-0.0102307551,0.0054162974,0.4497568882,-0.0030963455,-0.0040282351,1.2872208577
0.0011985578,0.0086290888,0.0009744453,0.0028570401,0.0069544248,0.0031146934,0.0007710157,0.0033396648,0.3662884927,-0.0085796119,-0.0020470941,1.0510527469
0.0032998083,0.0157783773,0.0093734576,0.0050587667,0.0096187431,0.0072094596,0.0324630794,0.0085758716,0.1037277147,-0.0083048505,0.0020891100,1.3940688564
-0.0005119001,0.0021800537,0.0134796560,-0.0012109405,-0.0026703096,-0.0029317576,-0.0025678951,0.0065878144,0.9983792545,-0.0037965694,0.0031011339,1.0055142910
-0.0029327344,0.0019270633,-0.0087511632,-0.0034139157,0.0117232358,-0.0130955357,0.0118607963,0.0033043944,0.3922204214,-0.0122903206,-0.0049481514,1.2280595976
-0.0004708600,0.0042840312,-0.0009641093,0.0020516196,0.0149732425,-0.0089144398,0.0103919525,-0.0086817224,0.8200972447,-0.0052016938,0.0020196688,1.3588066253
0.0020159033,0.0042329759,0.0138197893,0.0013149189,-0.0005643932,-0.0002800832,-0.0012892800,0.0069203807,0.7090761750,0.0006415812,-0.0047238323,0.8355379717
0.0024437534,0.0088736494,0.0035885928,0.0042278003,0.0104871715,0.0058005938,0.0005526888,0.0126989522,0.2828200972,0.0006123217,-0.0017184733,1.1069318861
-0.0074813581,-0.0026409040,-0.0066240195,-0.0093813933,0.0053364935,-0.0176918630,0.0309584426,0.0080474133,0.5696920583,0.0010817495,0.0036040462,1.4872886218
0.0018380490,0.0080285457,-0.0072616812,0.0016310616,0.0090485485,0.0100897477,0.0000000000,0.0129931810,0.7414910859,-0.0009628996,-0.0013980936,0.8261437321
-0.0040440970,-0.0180251015,-0.0011585666,-0.0023812040,-0.0106114472,-0.0057174870,-0.0286087822,-0.0072781498,0.8962722853,-0.0024053428,-0.0022845708,1.0286558693
-0.0013378973,0.0104498932,-0.0383180585,-0.0008250616,0.0063818766,-0.0036152201,0.0108916884,0.0226539410,0.5721231767,0.0011192297,-0.0030561997,1.1200856131
-0.0001133191,0.0068155898,-0.0011168589,0.0007927844,0.0130758774,-0.0093024629,0.0150582469,0.0387513899,0.4951377634,-0.0121843158,-0.0036725458,1.2896585475
0.0098780560,-0.0078160368,0.0046284384,0.0084695272,-0.0021054312,0.0319397049,0.0147591643,-0.0191716832,0.7633711507,-0.0111745820,0.0029518619,1.1614102438
0.0023124500,0.0120363302,-0.0027130476,0.0018866664,0.0130945154,0.0003719385,0.0101070005,0.0090975055,0.1353322528,0.0035275303,-0.0024913947,1.1034645163
-0.0022289606,0.0112368040,0.0104914698,-0.0049736353,0.0122631812,-0.0143421540,0.0176725776,0.0041721579,0.1734197731,-0.0031679082,0.0018849990,0.8566110766
0.0079626344,0.0191715678,0.0209704948,0.0147682883,0.0303243336,0.0151784388,0.0053089602,0.0181459491,0.6337115073,-0.0074900705,-0.0026021264,1.4406496093
0.0025110610,0.0071721757,0.0123324065,0.0031099118,0.0001860895,0.0078616562,0.0223157648,0.0002561368,0.2034035656,0.0011699119,-0.0022006610,1.3002171459
-0.0024818930,-0.0058131540,0.0258590907,-0.0070351856,-0.0144793222,-0.0076601778,0.0062458697,-0.0136917754,0.2414910859,-0.0013278298,0.0011172075,1.3165278417
-0.0010204435,0.0049119712,0.0018785015,-0.0012540645,0.0051854214,-0.0072312752,-0.0008830995,0.0049436146,0.4303079417,-0.0029823352,-0.0034135355,0.8334012894
0.0048213604,0.0036375157,0.0052184850,0.0058986152,-0.0002175368,0.0131501011,0.0022688938,0.0080255648,0.1523500810,-0.0092020480,-0.0045399736,0.8100754420
-0.0035789027,-0.0007994832,0.0057347768,-0.0046912006,-0.0115073846,-0.0114803508,-0.0096842333,-0.0064590778,0.4748784441,0.0048414261,-0.0032466973,1.0179893166
0.0009542267,0.0105951768,-0.0014225963,0.0020308633,0.0083038710,0.0040108691,0.0072269796,0.0089313982,0.1312803890,-0.0014804864,-0.0002652823,0.8684839125
0.0013636107,0.0224295494,0.0132810328,0.0004755982,0.0205471466,0.0005569808,0.0148254801,0.0194137368,0.9400324149,-0.0070833222,0.0013509365,1.0789533141
-0.0025023848,0.0078559019,-0.0107505398,-0.0031538840,0.0105704634,-0.0082160940,-0.0021384055,0.0084486837,0.0818476499,-0.0105123857,0.0043343631,0.9826255363
-0.0026443865,0.0089174814,-0.0097112432,-0.0022710487,0.0012872653,-0.0068974606,-0.0168380963,0.0151888255,0.5056726094,-0.0013774507,0.0011585116,1.1775642139
0.0028143070,0.0093082878,0.0033107661,0.0080566194,0.0057284581,0.0084247890,0.0155242658,0.0095132013,0.9173419773,-0.0186431936,0.0008577558,1.2496934947
-0.0014906743,-0.0113542087,-0.0221007972,-0.0017932289,-0.0034634694,0.0014448785,-0.0108362911,-0.0035114512,0.4927066451,-0.0071636679,0.0014328822,1.2028319245
0.0002390075,-0.0067147647,0.0127498803,-0.0001078429,-0.0006278873,0.0011533041,0.0017307295,-0.0014933195,0.6369529984,0.0024597662,-0.0011389736,1.1819317525
0.0036588645,0.0118237340,0.0022586827,0.0057574422,0.0048855876,0.0037026728,0.0021956088,0.0089972342,0.5996758509,-0.0120809358,-0.0043063870,1.4337454494
-0.0042632816,0.0043183236,0.0036962634,-0.0037879213,0.0070912308,-0.0180730811,0.0109733429,-0.0025396331,0.8119935170,-0.0113888509,0.0015572264,1.2327777190
0.0092691663,-0.0140799235,0.0086136163,0.0104548671,0.0005301381,0.0139016614,0.0052636556,-0.0181563084,0.4205834684,-0.0137403960,0.0031446848,1.3914127177
0.0079791221,0.0121374163,0.0080656676,0.0099759400,0.0142229186,0.0110202006,0.0060425371,0.0110069860,0.4773095624,-0.0009152885,-0.0015166340,1.1472262180
-0.0004347396,0.0134550286,0.0182162368,0.0001318216,0.0015470882,-0.0040965933,0.0003129678,0.0059259555,0.4100486224,0.0006009347,0.0030348093,1.4142304095
0.0067387796,-0.0001581608,0.0023355677,0.0071311937,-0.0005215332,0.0066459232,-0.0109740788,0.0050238862,0.5008103728,-0.0065386849,0.0006852028,1.1835803183
-0.0075145887,0.0045055126,-0.0199219211,-0.0080240525,0.0064202284,-0.0122201602,-0.0024952540,-0.0073911725,0.5948136143,-0.0076957826,-0.0012798191,1.4933535994
0.0035559054,0.0136932434,0.0047433954,0.0070968877,0.0111729033,0.0085459558,0.0116834599,0.0037632419,0.0340356564,0.0082747899,0.0035841275,1.0385624782
0.0008422574,0.0215034095,0.0045147208,0.0044551485,0.0194391896,0.0024986410,0.0300301161,0.0196847717,0.9165316045,-0.0171028387,0.0040255291,1.3281800119
0.0038570028,0.0149744477,0.0144919031,0.0071967430,0.0123929404,0.0190471148,0.0208630548,0.0103627020,0.0599675851,-0.0028073141,-0.0020236483,1.1475928335
-0.0016256120,-0.0121126984,-0.0163439593,-0.0045014062,-0.0171182779,-0.0075804505,0.0042786602,-0.0188393809,0.6612641815,-0.0163958888,0.0040538198,1.0724411751
0.0002739671,-0.0034711015,-0.0067971497,0.0010372613,-0.0095755354,0.0045755938,-0.0056854057,-0.0017911214,0.2722852512,0.0064131652,0.0017676990,1.0484336333
0.0021321091,-0.0018221377,-0.0016828065,0.0019236577,0.0028086042,0.0059061605,-0.0004071743,-0.0066473269,0.4667747164,-0.0130020589,-0.0040829585,1.1451179604
0.0000987979,0.0143021334,0.0028956056,0.0024323802,0.0150170148,-0.0027990920,0.0055465564,-0.0047148796,0.6831442464,-0.0033810733,0.0025237453,1.0300651818
0.0045747599,0.0134998814,0.0153386702,0.0047250850,0.0033087923,0.0179465989,-0.0078656502,0.0132175341,0.0024311183,-0.0077550191,0.0043092911,1.3469072353
0.0005815560,0.0058353646,-0.0233933106,0.0014164564,0.0099134757,0.0028478495,0.0023637168,0.0070049410,0.3622366288,-0.0026317886,-0.0005846950,0.8402911320
-0.0018908856,-0.0037014444,-0.0031202020,-0.0024525760,-0.0035514110,-0.0038882297,-0.0090750855,-0.0043461071,0.7058314839,0.0023147240,0.0018803001,1.1821410391
-0.0060441310,0.0001515460,0.0073821060,-0.0091593917,0.0001055929,-0.0195302135,-0.0097296098,-0.0039011123,0.6750405186,-0.0147279517,-0.0041589319,1.2327526443
0.0021715518,0.0070174371,0.0013405379,0.0034170668,0.0028996173,0.0021975523,0.0013031033,0.0053398973,0.5996758509,0.0004404427,0.0020624223,0.8509341045
-0.0019858864,0.0047561778,-0.0026101547,-0.0027981187,0.0042451233,-0.0106731134,0.0001916957,0.0015321641,0.8144246353,0.0015885452,-0.0012572920,0.8593863999
-0.0069984514,0.0014653669,0.0081406903,-0.0124474453,-0.0038079752,-0.0190941518,-0.0003501981,0.0152014364,0.7974068071,0.0001798061,0.0009188874,0.9656796356
-0.0043739309,0.0066317393,-0.0365272760,-0.0002429483,0.0428205429,-0.0120567418,0.0063942529,0.0291363199,0.5591572123,-0.0059582324,-0.0012201241,1.2957268369
-0.0016042712,-0.0005437590,0.0022023077,-0.0025076824,-0.0016253129,-0.0074665381,0.0051766034,0.0133932141,0.4351701783,0.0037753859,-0.0038880252,1.0969554065
0.0025829479,-0.0013882861,0.0035739473,0.0052751324,-0.0034583047,0.0097767316,-0.0164197724,0.0010764099,0.4846029173,-0.0054728163,-0.0044369672,0.8079475513
-0.0008268820,-0.0100558532,-0.0074739706,-0.0020212515,-0.0048614905,0.0056358215,0.0070367118,-0.0123513934,0.8395461912,-0.0019396549,0.0024421166,1.3370363972
-0.0038996907,0.0049201014,0.0011399584,-0.0084283664,-0.0099774320,-0.0125892226,-0.0085568956,0.0057241568,0.7771474878,0.0014719761,-0.0012512942,1.2083581356
0.0021988965,-0.0189240559,-0.0154881446,0.0026532354,-0.0161477108,0.0062527184,-0.0138644896,-0.0226138582,0.5081037277,-0.0063543206,0.0030210925,1.1698590849
0.0062504462,0.0012705299,0.0047344561,0.0090273609,-0.0033254182,0.0119032505,-0.0111826791,0.0173589571,0.7560777958,-0.0166975797,0.0039114311,1.4789151787
0.0039825709,0.0154191738,-0.0009075662,0.0053222033,0.0091284633,0.0061884861,0.0110044146,0.0066971988,0.8038897893,0.0003434164,-0.0024700983,1.4472503312
-0.0001090066,0.0065562144,-0.0010743555,0.0007626141,0.0125782593,-0.0089484466,0.0144851873,0.0372766593,0.4951377634,-0.0010364039,-0.0004545894,1.2405790467
-0.0040968308,-0.0088795135,0.0000000000,-0.0044942674,-0.0007674550,-0.0030290489,0.0020560652,-0.0190582579,0.1701782820,0.0066033040,0.0045870241,1.3159704941
0.0063250993,0.0159046984,-0.0008483779,0.0066515189,0.0129335195,0.0072432867,0.0111912402,0.0206049352,0.0664505673,-0.0015513706,0.0012013260,1.4231846487
-0.0020733898,0.0043560098,-0.0033550042,-0.0020501606,0.0006988252,-0.0058843877,0.0040125315,-0.0038511513,0.6418152350,-0.0034811851,-0.0011173162,0.9187759327
-0.0003914407,0.0047513196,0.0170924633,0.0000000000,0.0043780825,-0.0021707000,0.0143081637,0.0149250241,0.5153970827,-0.0079470689,-0.0024005014,0.9861565475
0.0030503520,0.0129774288,0.0046052402,0.0058562984,0.0148075493,0.0093375666,0.0180105317,0.0142085043,0.7260940032,-0.0116656699,-0.0008879328,0.8226211658
-0.0043000839,-0.0119663011,-0.0104409750,-0.0069051699,-0.0092407349,-0.0091192626,-0.0013859733,-0.0046745955,0.9611021070,-0.0163586823,0.0041092718,1.2793118208
0.0122421996,0.0151350962,0.0206697918,0.0200159621,0.0149169430,0.0253068012,0.0116203949,0.0179961569,0.7285251216,-0.0027708610,0.0011341520,1.4648599393
-0.0046875206,-0.0128251734,-0.0106887863,-0.0082110969,-0.0195509611,-0.0070783537,-0.0213163478,-0.0125640932,0.9854132901,-0.0023209032,0.0005158787,0.8579238940
-0.0008363583,0.0038882298,-0.0021691205,-0.0015127411,0.0028446719,-0.0003641030,0.0020528004,0.0038493434,0.5405186386,-0.0078759190,0.0031055333,0.8184568821
0.0028690067,-0.0126853263,-0.0113907325,0.0056180455,-0.0026637277,0.0157277559,-0.0087970116,-0.0026212250,0.7188006483,-0.0096532271,0.0024957830,1.4897002355
0.0047429978,0.0164362902,0.0062990246,0.0068265163,0.0098086535,0.0057159430,0.0053265397,0.0122995011,0.8421189231,-0.0016546151,-0.0003130684,1.4789400785
0.0036322772,0.0108911760,-0.0140483535,0.0042041839,0.0098728367,0.0064888257,0.0023523080,0.0193836087,0.0551053485,-0.0102776142,-0.0042464094,0.8936964832
-0.0008466687,-0.0102964825,-0.0076528172,-0.0020696186,-0.0049778224,0.0057706826,0.0072050952,-0.0126469533,0.8395461912,0.0015988916,0.0049663684,1.3690307064
-0.0046006184,0.0319724310,0.0027854003,-0.0042900877,0.0143836316,-0.0106855063,0.0149256764,0.0398370169,0.6150729335,0.0027445853,0.0034964739,1.3382911906
0.0011687634,0.0035926674,0.0071872627,0.0014967850,0.0034307650,0.0063727271,-0.0025278350,0.0035747524,0.0235008104,-0.0061341015,-0.0024855756,0.9687593826
0.0051744417,0.0010518102,0.0039194269,0.0074733148,-0.0027529526,0.0098541245,-0.0092575984,0.0143706398,0.7560777958,-0.0129879218,0.0017170068,1.2243222441
-0.0032658659,-0.0026180467,0.0157283087,-0.0065488542,-0.0080820163,-0.0079934807,0.0087442190,-0.0298010029,0.8209076175,-0.0159379243,0.0017157320,1.0507139026
0.0035626774,-0.0036861400,0.0012109250,0.0050041390,-0.0034796519,0.0031432925,0.0071016442,-0.0117419108,0.4149108590,0.0024783212,-0.0019222276,1.1333474878
-0.0037645184,0.0160225736,-0.0064876060,-0.0020733869,0.0021081962,-0.0130507048,0.0221048518,0.0116941407,0.7277147488,-0.0155089830,0.0029181784,1.4775816358
-0.0099819422,-0.0062801397,-0.0100518539,-0.0120923019,-0.0015106163,-0.0212757743,0.0024865553,-0.0002160738,0.6985413290,-0.0164097598,0.0025513726,0.8938106599
-0.0034815666,-0.0063305256,-0.0248819076,-0.0054715561,-0.0091126063,-0.0080268265,-0.0268612670,-0.0095531881,0.4708265802,0.0013926275,0.0040315106,1.2475529499
-0.0040802024,-0.0140960985,-0.0163732708,-0.0031274288,-0.0082619956,-0.0023512285,-0.0271707660,-0.0199077827,0.5137763371,-0.0029760064,0.0013664432,1.4863239076
0.0052244059,0.0024472091,0.0077023001,0.0059616533,0.0007042825,0.0139700580,-0.0019714202,0.0086211403,0.2390599676,0.0021373410,0.0004744631,0.8637014637
0.0056731631,0.0191815651,0.0123963183,0.0088957669,0.0089288589,0.0148349703,-0.0064141556,0.0066542225,0.4805510535,-0.0088463215,0.0002360228,1.4373298949
-0.0007679900,0.0005558217,-0.0060548919,-0.0017886057,0.0093339933,-0.0043281988,0.0125735141,-0.0032614793,0.3573743922,-0.0106322743,0.0042658763,1.4646644366
0.0023215184,0.0111005823,0.0065945208,0.0035590007,0.0067670868,0.0050720805,0.0228387923,0.0060333941,0.1037277147,-0.0018545620,0.0048003258,0.9807710718
0.0008283166,0.0028741484,0.0043637861,0.0015430561,-0.0019300657,0.0064652060,-0.0142139014,0.0103739657,0.2941653160,-0.0087590373,0.0007964993,1.0431893858
-0.0003863492,0.0020929186,-0.0100170561,0.0007330180,0.0014710604,-0.0014367633,-0.0035438341,-0.0038917576,0.2844408428,-0.0102834916,-0.0034809731,0.8902158053
0.0038852720,-0.0245790039,-0.0031926965,0.0030749232,-0.0131316639,0.0079978308,0.0093335911,-0.0152842315,0.7317666126,-0.0104043205,0.0039678841,0.9273160591
-0.0004631076,0.0043240493,0.0071021355,-0.0023018390,0.0011427515,-0.0024568583,0.0180273248,-0.0010630338,0.1239870340,0.0082223366,0.0010193540,1.1606652384
0.0048669292,0.0089188345,-0.0047280184,0.0051182190,0.0080387699,0.0059124326,0.0171408808,0.0076901679,0.7520259319,-0.0141415581,-0.0022140966,0.8286080314
-0.0016651441,-0.0038578653,-0.0085904577,-0.0032759520,0.0027996537,-0.0080391523,0.0034466876,-0.0041727585,0.8282009724,-0.0158692923,-0.0003922123,0.8620917736
-0.0077732094,0.0265834879,-0.0089539758,-0.0081633814,0.0293325231,-0.0172309208,0.0194240857,0.0327288033,0.9230145867,-0.0166551779,-0.0016990049,1.4259520840
0.0048998363,0.0094394403,0.0138024887,0.0061908957,0.0042229314,0.0076000940,0.0157936311,-0.0014482458,0.3500810373,-0.0038779025,0.0018778472,0.8646034104
0.0026118202,0.0292238582,-0.0200372577,0.0034753699,0.0367243755,0.0078781762,0.0273900691,0.0221412390,0.5907617504,0.0025098305,-0.0043892204,1.4115050369
0.0067274704,-0.0331818810,-0.0123267027,0.0048090738,-0.0374978835,0.0146859318,-0.0135571831,-0.0315501605,0.8865478120,-0.0171751380,0.0009727808,1.4078107749
-0.0098242293,-0.0001708249,0.0046824313,-0.0119050357,-0.0091683993,-0.0270406116,-0.0185402449,-0.0104271856,0.6377633712,0.0021032015,-0.0026388347,1.1756134522
-0.0012664352,0.0071596987,-0.0091908938,-0.0028118823,0.0017089770,-0.0057931179,0.0022497095,0.0110571801,0.7852512156,-0.0086018178,0.0024747094,1.0582395477
-0.0086943353,-0.0083962759,-0.0225472831,-0.0102616627,-0.0096026288,-0.0135113110,-0.0169690624,-0.0142891452,0.5842787682,-0.0131804491,0.0018716551,0.9034173643
-0.0010347394,-0.0040548848,-0.0081383307,-0.0023794200,-0.0067235089,-0.0014186242,-0.0045163943,-0.0074922197,0.2666126418,-0.0020238567,-0.0039282799,1.1581742095
-0.0012079283,-0.0002973215,0.0018792096,-0.0019581467,0.0069704111,-0.0035335862,0.0005507953,0.0025374121,0.5064829822,-0.0102154197,-0.0023075677,1.1728320865
-0.0072869947,-0.0121907628,-0.0159165603,-0.0078839619,-0.0166868755,-0.0129927869,-0.0169368008,-0.0093511131,0.7941653160,-0.0066623513,0.0034070999,0.9275987149
0.0001795875,0.0084835414,0.0171674260,0.0019573225,0.0082189469,0.0016946081,0.0057522038,0.0101925711,0.3095623987,-0.0107003814,0.0039052728,1.0292481465
0.0021462356,0.0060734028,-0.0010521223,0.0025509595,0.0039190879,0.0031859591,0.0028931929,-0.0014635732,0.3551043033,-0.0005745862,-0.0002041790,1.1317789590
0.0083768739,-0.0316025252,-0.0018998338,0.0095607284,-0.0262279761,0.0297153101,-0.0327099617,-0.0344505600,0.6977309562,-0.0052404872,0.0024543947,1.1759745793
-0.0000898088,0.0144041790,0.0062879600,-0.0003224566,0.0084322623,-0.0056272610,0.0078864391,0.0172790138,0.2658022690,-0.0069825046,-0.0013691770,0.8893062120
-0.0026479554,0.0139744855,-0.0094887115,0.0050021707,0.0042246347,0.0056739447,0.0290213058,0.0284346542,0.8427876823,-0.0063123804,-0.0026277321,1.4905606742
-0.0048075766,0.0035653238,0.0026219570,-0.0057041216,0.0062314088,-0.0127668707,-0.0088106267,0.0021645332,0.1645056726,-0.0043379203,-0.0001219020,0.9577329584
0.0016110757,0.0066037682,0.0135936074,0.0013754711,0.0049637978,0.0042027037,0.0176642415,0.0033901133,0.2860615883,0.0032566819,-0.0044434651,0.8615213372
-0.0009518834,-0.0009287727,-0.0013367005,-0.0015602806,-0.0001863924,-0.0024774009,-0.0072563503,0.0065012565,0.0891410049,-0.0004011823,-0.0008960317,0.8561636220
-0.0015492542,0.0081889796,-0.0007107642,-0.0024117102,0.0024448112,0.0014729247,0.0171822557,0.0078747269,0.8606158833,-0.0006739536,0.0007599842,1.4980788743
0.0013491267,0.0144688656,0.0139336477,0.0048303153,0.0133023045,0.0028218954,0.0092663954,0.0110272871,0.3055105348,0.0032863361,-0.0024209717,1.4058549881
0.0076758987,0.0115403285,0.0109323057,0.0090431377,-0.0054982740,0.0249242846,0.0012669764,0.0140723530,0.7228525122,-0.0008112957,0.0021845727,1.3060272676
0.0073078519,0.0127101372,0.0043671745,0.0059175297,0.0109491766,0.0081351640,0.0286653130,0.0219611582,0.6466774716,-0.0108671928,0.0026949293,1.2001288826
-0.0089809444,0.0070165480,-0.0223307647,-0.0117437587,0.0238524662,-0.0110683102,0.0321984903,-0.0075087105,0.9238249595,-0.0050192000,-0.0030049307,1.4775958466
0.0029559399,0.0097421011,-0.0049222954,0.0035993659,0.0113830472,0.0081596058,0.0086231813,0.0087358779,0.7568881686,-0.0152721452,0.0011062004,0.9696868127
-0.0043358531,0.0003544682,0.0053956458,-0.0067794853,-0.0023024075,-0.0093263169,0.0014140919,0.0016802419,0.8914100486,-0.0087920214,0.0043201434,0.8611031257
0.0006095807,0.0000000000,-0.0131379686,0.0004413169,0.0001575974,0.0029933824,0.0038201898,0.0091753280,0.4489465154,-0.0134529944,-0.0016339572,1.1728126028
0.0012134291,-0.0184854453,-0.0146909077,0.0018289979,-0.0086348051,0.0046981293,0.0135884763,-0.0135995492,0.4335494327,-0.0033570547,-0.0029826954,1.1840221826
0.0034883083,0.0112725765,0.0021533953,0.0054890619,0.0046578483,0.0035300745,0.0020932616,0.0085778326,0.5996758509,-0.0109039454,0.0018150272,1.3669121121
0.0020869836,0.0099791298,0.0059282997,0.0031994475,0.0060834320,0.0045596661,0.0205314701,0.0054238617,0.1037277147,-0.0015739531,0.0010610188,0.8816872449
0.0044517691,-0.0177955521,0.0007444755,0.0049883444,-0.0123960526,0.0176540393,-0.0051636716,-0.0163398561,0.0972447326,0.0056399408,0.0046502691,1.4506704010
-0.0087054010,-0.0169472246,-0.0001641619,-0.0160794927,-0.0536986225,-0.0188503668,-0.0666905789,0.0010042218,0.9376012966,0.0004425766,-0.0029499819,1.4530566470
-0.0023756646,0.0041136453,-0.0086315476,-0.0047752364,-0.0024158326,-0.0085243268,0.0037390290,-0.0068853094,0.5940032415,-0.0044505702,0.0034182878,1.3187844545
0.0010846850,0.0105416286,0.0052451659,0.0013487658,-0.0043085907,0.0053595571,0.0102592236,-0.0009047005,0.2933549433,0.0030571932,0.0032513268,1.3253513473
0.0009591601,0.0105836111,0.0079091783,0.0018506396,0.0078499928,-0.0012320973,0.0135301963,-0.0025539654,0.5534846029,-0.0022309016,0.0002306542,1.3702023042
-0.0022085882,-0.0053685178,0.0013295593,-0.0037897535,-0.0034817862,-0.0078172430,-0.0142653367,0.0005779765,0.3606158833,-0.0018400253,0.0018298206,1.0213376076
0.0009799490,0.0039614307,0.0005893021,0.0032926758,0.0012667641,0.0085145046,0.0039622815,0.0100461463,0.4586709887,-0.0053331142,-0.0019862213,1.0638611006
-0.0038059299,0.0264496686,0.0023042638,-0.0035490388,0.0118990730,-0.0088397439,0.0123474876,0.0329557641,0.6150729335,-0.0046010039,-0.0014463755,1.1071212728
-0.0011029009,0.0046804629,-0.0084044871,-0.0025003314,0.0133625998,-0.0034169498,0.0140412920,0.0053533033,0.4448946515,-0.0035778893,0.0040647211,1.0687238550
-0.0004489326,0.0019118910,0.0118215590,-0.0010619859,-0.0023418418,-0.0025711298,-0.0022520251,0.0057774647,0.9983792545,-0.0011871501,0.0012770805,0.8818286285
-0.0035260747,0.0139417653,0.0018130133,-0.0013345618,0.0157465573,-0.0070210391,-0.0019556602,0.0114374792,0.6410048622,-0.0005295448,0.0012007276,0.8974904509
0.0084862400,0.0156577891,0.0088848902,0.0143119949,0.0089844263,0.0248668627,0.0011546530,0.0077346219,0.8500810373,-0.0027288661,-0.0034832512,1.4257248081
0.0011876164,-0.0115947154,-0.0005425822,0.0010784007,-0.0030412111,-0.0023910097,-0.0008643838,-0.0121638157,0.0461912480,0.0051095263,-0.0035687201,1.2948863229
0.0044190896,0.0006165877,0.0054124540,0.0076549646,-0.0029513123,0.0205023721,0.0157034973,-0.0033141422,0.0656401945,0.0045927718,0.0037676564,1.1989227794
0.0029808636,-0.0099094579,0.0024910822,0.0037580716,0.0021003363,0.0090188057,-0.0031429062,-0.0020070452,0.0696920583,0.0000327064,-0.0012117843,0.8720412215
0.0034020343,-0.0026902829,0.0060259476,0.0032722291,-0.0040417068,0.0159190648,0.0021141214,-0.0028535587,0.6969205835,-0.0069234389,0.0003986064,1.2227705105
0.0003814998,-0.0026676888,0.0019271093,-0.0008547390,-0.0013224323,0.0020240358,-0.0050792661,0.0060654406,0.1491085900,0.0029539655,0.0022003654,0.9604759767
-0.0017096100,-0.0107220976,0.0008357052,-0.0021488593,-0.0031958198,-0.0029479360,-0.0038873262,-0.0032458012,0.0170178282,0.0011399887,0.0021617907,1.2189098908
0.0039861707,0.0079996975,0.0097705488,0.0061156673,0.0040862196,0.0103324287,0.0068723430,0.0002656160,0.0996758509,0.0081847374,-0.0015747574,1.3787591795
0.0039290688,0.0065246633,0.0032950430,0.0057142506,0.0036989760,0.0089480764,0.0100808480,0.0122387481,0.0964343598,-0.0017242275,0.0044728334,1.0805959917
0.0001379531,0.0199703003,0.0040431810,0.0033963718,0.0209685008,-0.0039084175,0.0077447465,-0.0065834627,0.6831442464,-0.0140491186,-0.0039920540,1.4382966862
-0.0032939330,-0.0071278109,-0.0119168720,-0.0045826341,-0.0041874290,-0.0098719753,-0.0012930856,-0.0048714793,0.4521880065,0.0029205981,0.0043211828,0.8126771287
-0.0059238305,-0.0152539128,0.0091913134,-0.0084192721,-0.0116729000,-0.0016489460,-0.0119449796,-0.0095896922,0.9392220421,-0.0035905277,-0.0047697740,1.4431253656
0.0029082289,-0.0059429393,0.0044989352,0.0033068196,-0.0016517120,0.0106283533,0.0066324801,-0.0163004804,0.3727714749,-0.0022019475,0.0010671505,0.9067773300
0.0073939378,0.0109153592,0.0063965348,0.0102280694,0.0155365941,0.0147211015,0.0048867437,0.0089363825,0.3111831442,-0.0110268921,0.0034043963,0.8541247458
-0.0022732941,-0.0005934156,-0.0002958514,-0.0032699528,0.0093044511,-0.0053989508,-0.0015995760,-0.0008220641,0.2188006483,-0.0099232456,0.0048484120,1.1155875600
-0.0038491561,-0.0119355952,-0.0077991933,-0.0053414957,0.0027839332,-0.0162438646,0.0016218207,-0.0040989483,0.9019448947,-0.0006026113,0.0036989636,0.8872638768
0.0035550284,0.0001330489,0.0178799779,0.0012214616,-0.0053216857,0.0047690020,-0.0012806770,0.0009458306,0.5615883306,-0.0034579954,-0.0012069430,0.9591769346
-0.0010494353,-0.0010239561,-0.0014736896,-0.0017201828,-0.0002054944,-0.0027312925,-0.0080000031,0.0071675249,0.0891410049,0.0048643877,0.0010372153,0.9439058659
-0.0054836879,-0.0019357305,-0.0048552756,-0.0068763762,0.0039115444,-0.0129677865,0.0226919275,0.0058985951,0.5696920583,0.0015734422,0.0042296023,1.0901532089
-0.0049084606,-0.0056119390,0.0054795556,-0.0060886101,-0.0051890061,-0.0141490041,-0.0130656140,-0.0010465394,0.0162074554,0.0082070199,0.0008706822,1.1365858847
0.0007861106,0.0075462978,0.0118574085,-0.0013093774,0.0042955760,0.0008333171,0.0083069708,0.0137077404,0.6669367909,-0.0138522275,-0.0032361301,1.1167076613
-0.0015139310,0.0019701453,-0.0205717051,-0.0021393568,0.0062056188,-0.0016756280,0.0071209312,-0.0026072144,0.5243111831,0.0030538062,-0.0013760610,1.0932478147
-0.0020057235,0.0144891740,-0.0003682938,-0.0048722598,0.0142713807,-0.0043385860,0.0038271223,0.0020825489,0.0299837925,-0.0058978936,-0.0028731922,0.9943110208
-0.0072716892,-0.0182358588,0.0225826565,-0.0157169783,-0.0405161984,-0.0254903232,-0.0211062288,-0.0119686507,0.8776337115,0.0004450692,-0.0035133727,0.9246251768
0.0031910341,-0.0051011272,0.0070216460,0.0040033926,-0.0136579282,0.0165693462,-0.0018339139,-0.0060854879,0.8735818476,0.0012016666,0.0000219501,0.8597447677
0.0059986610,0.0161983349,0.0115428417,0.0084798090,0.0165566042,0.0079850806,0.0208638512,0.0189254026,0.0713128039,-0.0021773499,0.0029978202,1.0781226808
-0.0005823287,-0.0056086806,-0.0000677655,-0.0021814539,-0.0047997953,-0.0045638023,-0.0048268769,-0.0145735990,0.7965964344,-0.0054664446,-0.0012227405,1.1277622799
0.0012029339,-0.0028616870,0.0024131659,0.0004347917,0.0027236839,-0.0013779478,0.0074541083,-0.0080706975,0.0218800648,-0.0089046279,0.0027552762,1.1953887933
0.0047935008,-0.0215280649,0.0118077800,0.0032645575,-0.0316050744,0.0188817251,-0.0149329279,-0.0422605975,0.7042139384,-0.0063530216,-0.0001891205,1.1693534111
-0.0003571611,-0.0096675322,0.0102350061,-0.0012936394,-0.0131135068,-0.0010847716,0.0044154027,-0.0077993573,0.1552402459,-0.0079138398,0.0036178562,1.1917482319
0.0009079552,-0.0032393995,0.0083731894,0.0013647664,-0.0059458962,-0.0017561507,0.0114218026,-0.0016576276,0.0559157212,0.0073894510,0.0002657847,0.9906112983
-0.0003890035,0.0168124624,0.0133625414,0.0005640137,0.0108097616,-0.0073256390,0.0195666587,0.0131637697,0.3565640194,0.0032301370,0.0036699376,1.4852520049
-0.0018481527,0.0038828065,-0.0029905424,-0.0018274469,0.0006229102,-0.0052451531,0.0035766410,-0.0034327919,0.6418152350,-0.0119787091,-0.0026892520,0.8189671948
-0.0060560024,-0.0122357621,-0.0063903592,-0.0087244664,-0.0026865164,-0.0110324965,-0.0225919947,0.0021204502,0.8946515397,-0.0070455358,-0.0016072875,1.1538555154
0.0011095591,-0.0027777303,-0.0402628637,0.0012540546,-0.0032963078,0.0034789779,0.0018736992,-0.0070204031,0.6527461079,-0.0117638055,-0.0040055861,0.9249812634
0.0051087948,0.0196731808,0.0068148701,0.0101961494,0.0160521901,0.0122780359,0.0167857105,0.0054066766,0.0340356564,0.0017235915,0.0030685015,1.4921101474
0.0024641317,0.0104382514,0.0031427541,0.0086911636,0.0171671004,0.0034260974,0.0159034438,0.0003995463,0.9813614263,-0.0169919773,-0.0009360769,1.4610868079
0.0002978943,0.0038285125,0.0277396986,-0.0029616042,0.0107729254,-0.0064871470,0.0048498070,0.0047266872,0.4821717990,-0.0145616795,-0.0041449147,1.4274350730
-0.0025278060,-0.0006943376,-0.0247179986,-0.0060030902,-0.0011340851,-0.0049984302,-0.0074307214,0.0048928662,0.0259319287,-0.0078037815,0.0037644408,1.3936896668
0.0055462456,-0.0119785652,0.0415600582,0.0071810465,-0.0064390272,0.0231308546,-0.0032457738,-0.0049494967,0.8314424635,-0.0001019446,0.0012476127,1.2927622946
0.0016781268,0.0116462522,0.0093867151,0.0017548805,0.0083767644,0.0074228692,0.0104786789,0.0095950206,0.3646677472,-0.0063854932,-0.0046577189,1.3775751320
0.0018501255,-0.0075841529,-0.0035384204,0.0032878754,-0.0143523941,0.0092496503,-0.0020699775,-0.0130127176,0.7163695300,-0.0016870048,-0.0013724211,1.0416345014
0.0031886972,-0.0038725236,0.0327401563,0.0042533092,-0.0223641301,0.0056137953,-0.0007051207,-0.0127182232,0.7552674230,0.0014163919,0.0026360579,1.0061260317
0.0042386353,-0.0034503955,-0.0120838983,0.0054467358,-0.0024555358,0.0148844003,-0.0154455511,-0.0056007922,0.5218800648,-0.0054701767,0.0039455223,1.4079275831
0.0016027725,0.0050595638,0.0035307129,0.0031632462,0.0032776282,0.0082163730,0.0032324242,0.0008750699,0.3395461912,-0.0036998946,0.0001245766,0.9274749972
-0.0017645382,-0.0023008858,-0.0016425363,-0.0034045467,0.0027093520,-0.0029760712,0.0131979347,-0.0079191255,0.6029173420,-0.0033596090,-0.0024211231,1.1791439503
-0.0038869304,-0.0130857791,0.0129679966,-0.0063899915,-0.0175800953,-0.0166340535,-0.0384691570,-0.0018822847,0.8330632091,-0.0078168284,-0.0032832071,1.4890815265
-0.0000835810,0.0003091376,-0.0025966484,0.0002261945,-0.0055816301,-0.0002622214,-0.0018088191,-0.0023575891,0.4132901135,0.0041530750,-0.0038224892,0.8128734736
-0.0036187325,-0.0060574454,-0.0109315906,-0.0073650617,-0.0131374197,-0.0107569248,-0.0056732197,-0.0007426926,0.6012965964,-0.0049294059,0.0015142039,0.9918386545
-0.0011322842,-0.0019418602,0.0066425886,-0.0025930010,-0.0066897866,-0.0093302120,0.0078161687,0.0080931121,0.4181523501,-0.0139616069,-0.0036311437,0.9444948902
0.0051324287,0.0094118521,0.0104758080,0.0085987209,0.0128498991,0.0067413529,-0.0010833373,0.0318755252,0.4327390600,-0.0093127774,0.0013309806,1.3125292049
0.0031524429,-0.0001162705,0.0050724619,0.0047420376,0.0010674556,0.0085834761,0.0122904555,0.0080562292,0.6653160454,0.0016350785,-0.0008122948,0.9227598950
-0.0083698751,0.0006751128,0.0021569699,-0.0092428257,-0.0000533576,-0.0128199667,-0.0016750889,-0.0050308509,0.7868719611,-0.0169294003,-0.0033371663,1.1632423937
-0.0042644997,0.0027414541,0.0147735892,-0.0037743070,0.0090180565,-0.0120151311,0.0044449957,0.0026723346,0.6580226904,-0.0011605084,-0.0043175029,0.8632358724
0.0014314223,0.0076135301,0.0088880066,0.0018492992,0.0082366169,0.0033852176,-0.0029752627,0.0189816594,0.4432739060,-0.0000518210,-0.0020287828,1.0489709015
0.0032282951,0.0018251718,-0.0060544249,0.0057134983,0.0051516085,0.0088707547,0.0096328106,-0.0005454556,0.3966493731,0.0051152450,-0.0036499872,1.4645147579
0.0062575033,0.0052408956,0.0044633528,0.0091821413,0.0017783963,0.0174290049,0.0047865920,0.0053403322,0.2423014587,-0.0005214560,-0.0044857419,0.9835848310
-0.0037141852,-0.0147760931,-0.0176982347,-0.0049575702,-0.0134197752,-0.0039770467,0.0107382603,-0.0092894633,0.6401944895,-0.0133085021,0.0012333255,1.4686654189
-0.0006696110,-0.0015055488,-0.0023576800,-0.0022120009,-0.0041890032,-0.0024494930,0.0016851175,-0.0017771526,0.3379254457,0.0011845207,-0.0000450868,0.8525964472
0.0002409630,0.0268517196,0.0061998955,0.0000000000,0.0048320573,0.0028651700,-0.0110416736,0.0388286031,0.3784440843,-0.0045908106,-0.0042406659,1.2188002408
0.0009616025,-0.0024073276,-0.0348939224,0.0010868299,-0.0028567543,0.0030150658,0.0016238466,-0.0060842518,0.9676993882,-0.0195719175,-0.0039690625,0.8016375734
0.0071816499,-0.0286219823,-0.0082434643,-0.0001253425,-0.0672784027,0.0062713170,-0.0465904556,-0.0246304970,0.9991896272,-0.0007499206,0.0029001356,1.3652011763
0.0001001893,0.0080258088,0.0192022033,-0.0003457117,0.0163204392,0.0011617136,0.0225046573,0.0205198361,0.4384116694,0.0030748000,0.0023222489,1.1793306632
0.0029301664,0.0000000000,0.0002278273,0.0050063202,0.0006408424,0.0047018122,0.0041503394,-0.0083063284,0.1588330632,0.0028937360,0.0013723158,1.3313250919
-0.0011683501,-0.0027549761,-0.0175925192,-0.0026452085,-0.0001594681,-0.0055618625,0.0020716110,0.0003555047,0.0283630470,-0.0004951312,-0.0027879056,0.9747676062
-0.0086728616,0.0008740007,0.0051774563,-0.0109215951,-0.0109127973,-0.0380031384,-0.0027182015,-0.0122608192,0.8638573744,-0.0178500375,0.0020557517,1.4608415378
-0.0035630353,0.0191315750,-0.0084582679,-0.0045158277,0.0179284418,-0.0067542487,0.0094708523,0.0134951018,0.7123176661,-0.0060070450,-0.0002678988,1.4995474497
0.0064255294,-0.0020736066,0.0020559046,0.0063556107,-0.0076428536,0.0138482187,0.0042933794,-0.0083976953,0.7017828201,-0.0030694229,-0.0020265099,0.8237621850
-0.0030858783,-0.0016668233,-0.0108912748,-0.0041225512,0.0003515368,-0.0045583933,-0.0059131071,0.0011279205,0.7495948136,-0.0090606949,0.0029534184,0.8806974149
0.0035061307,0.0099872057,-0.0025306699,0.0053376154,0.0105976922,0.0067133440,-0.0073782302,0.0118868105,0.8445493985,-0.0120634845,0.0032891547,1.4034298557
-0.0029379543,0.0040850649,-0.0042278106,-0.0021659184,0.0049308095,-0.0108901557,0.0022928037,-0.0048389283,0.2090761750,-0.0008772179,-0.0001893812,1.0552880746
-0.0007788672,0.0055015307,-0.0015977961,-0.0006688041,0.0046113370,-0.0016687837,0.0110283366,0.0007288470,0.3200972447,-0.0064034732,0.0022476677,1.2874021431
-0.0196840282,-0.0397202681,-0.0317132195,-0.0277030857,-0.0455883632,-0.0376775548,-0.0600219982,-0.0390221216,0.9141004862,-0.0030614653,0.0003840149,1.2006994316
-0.0015551814,-0.0059055876,0.0019831361,-0.0026103349,0.0053423278,-0.0039719522,0.0040890716,-0.0054050774,0.4902755267,-0.0023849277,0.0038597775,1.0231267521
-0.0003926490,0.0070693736,-0.0100577537,-0.0027539397,-0.0005274820,-0.0012298147,-0.0014027476,0.0037018680,0.1807131280,-0.0113191156,0.0037009887,0.9630716323
-0.0021282130,0.0010061552,0.0023596263,-0.0023795046,0.0025614658,-0.0058562757,0.0045795723,0.0005781013,0.8589951378,-0.0148804932,-0.0011603611,0.8001662665
-0.0004106545,0.0017488743,0.0108135977,-0.0009714360,-0.0021421655,-0.0023519033,-0.0020600069,0.0052848511,0.9983792545,-0.0189301158,-0.0041145659,0.8066398035
-0.0029002538,-0.0135855013,0.0026616901,-0.0066606880,-0.0113583947,-0.0091938276,0.0134980954,-0.0125702863,0.8565640194,-0.0060155309,0.0037367711,1.1359129342
0.0111511561,0.0032112629,-0.0011117771,0.0169097044,0.0141493550,0.0137347664,0.0240803601,-0.0080299008,0.7658022690,-0.0093026870,-0.0007864300,1.3377913897
-0.0009025692,-0.0087049462,-0.0123410147,-0.0014143862,0.0083652184,0.0034449449,-0.0030882871,-0.0054598738,0.7171799028,-0.0171048718,-0.0003268923,1.3125902650
0.0045494367,-0.0054172599,-0.0060835333,0.0030111358,-0.0081330776,0.0087911633,-0.0018644242,-0.0043076391,0.7674230146,-0.0117480677,-0.0026639225,1.0010672942
-0.0036230710,-0.0138076822,-0.0046366692,-0.0081037425,-0.0093264611,-0.0081008091,-0.0197359832,-0.0028944629,0.9692058347,0.0000623894,-0.0007222687,0.8125117543
0.0006651498,0.0059855683,0.0094227682,0.0007005876,0.0011797465,-0.0002336852,0.0011514694,0.0015315222,0.6069692058,-0.0135809409,0.0045641570,1.0741410984
0.0001727320,-0.0042494988,0.0148840342,0.0025722172,0.0039776093,-0.0054754881,-0.0059460420,0.0043554311,0.0761750405,0.0010093342,0.0048233052,0.9812878561
0.0019549305,0.0103979956,0.0121385812,0.0025256359,0.0112489615,0.0046232795,-0.0040633934,0.0259237448,0.4432739060,0.0053509591,0.0024335282,1.4326067770
0.0038261550,0.0056409516,0.0067914643,0.0039691452,0.0076198162,0.0110805711,0.0063433865,0.0002394448,0.5251215559,0.0036034199,0.0014964665,0.9621701910
0.0070754126,0.0039476706,0.0244978060,0.0074057266,-0.0119115392,0.0134210872,0.0396197271,0.0107375275,0.7828200972,-0.0154214257,-0.0045305464,1.3814497624
-0.0057682382,-0.0028418561,0.0178644451,-0.0105277485,-0.0119561807,-0.0147977645,-0.0162347846,-0.0059647815,0.3905996759,-0.0101772315,0.0027958447,0.9543403463
0.0028651713,0.0013538691,-0.0021735932,0.0052869856,0.0118045923,0.0165671379,0.0104560751,-0.0031393222,0.2625607780,0.0050501099,0.0042775228,1.4783718411
-0.0070976595,-0.0089973098,-0.0102805935,-0.0139788831,-0.0101259512,-0.0127236294,-0.0062660854,0.0019444327,0.8978930308,-0.0050585179,-0.0034610409,1.3307669330
0.0000969831,0.0044042701,0.0006073397,0.0007490724,0.0089467911,0.0007471288,0.0056186809,0.0000000000,0.1029173420,0.0014295742,0.0024787160,1.1243665238
0.0014988513,-0.0001352397,0.0057332933,0.0036366401,0.0010951249,0.0012811118,0.0016224458,0.0088157365,0.1361426256,0.0002402979,-0.0040851316,1.2150579544
0.0039670849,-0.0163644408,0.0034195249,0.0048042835,-0.0076601737,0.0119862485,0.0118910281,-0.0197513363,0.6855753647,-0.0142654552,0.0038874808,0.9859200298
-0.0033350724,0.0021914346,-0.0099517237,-0.0038822663,0.0133315311,-0.0148920950,0.0134879633,0.0037577199,0.3922204214,-0.0132137568,-0.0017094863,1.3965354733
0.0007018234,0.0067371797,0.0105860509,-0.0011689852,0.0038350021,0.0007439684,0.0074162930,0.0122379892,0.6669367909,-0.0116163860,-0.0049491786,0.9969736724
0.0021700911,0.0092028686,0.0278760438,0.0039147381,0.0176014086,-0.0006330665,0.0072891770,0.0318763497,0.5397082658,-0.0137761583,-0.0027981680,1.1471130146
-0.0002921753,-0.0084418778,-0.0143771979,-0.0053815655,0.0006929591,-0.0135284097,0.0078823992,-0.0074847094,0.1215559157,0.0086139475,-0.0043848297,1.4261359517
0.0022364562,-0.0098885012,-0.0088793358,0.0043793946,-0.0020764365,0.0122601445,-0.0068574712,-0.0020433047,0.7188006483,0.0009422679,0.0007131894,1.1612553143
0.0074015033,-0.0113366603,0.0094475758,0.0076834813,-0.0256684583,0.0176329717,-0.0017027242,-0.0215708070,1.0000000000,-0.0086853607,-0.0023297173,1.2746113068
0.0037788259,-0.0029882447,0.0066933502,0.0036346442,-0.0044893453,0.0176821777,0.0023482705,-0.0031696040,0.6969205835,-0.0038001691,0.0035058173,1.3581982151
-0.0009357076,-0.0091257620,0.0191428237,-0.0019290140,-0.0082389117,-0.0071410050,-0.0163067328,0.0043257668,0.5478119935,0.0012621466,0.0019747146,1.2958540837
-0.0009587209,0.0073234334,0.0070214614,-0.0010956008,-0.0000129527,-0.0016594743,0.0032628992,0.0019186786,0.6871961102,-0.0028921463,-0.0031077846,0.8740838657
0.0047888090,0.0032083640,0.0152358946,0.0065422127,0.0021140456,0.0160958447,0.0098974485,0.0069443579,0.3330632091,0.0041062385,-0.0047075272,1.4166095314
-0.0033558344,-0.0039509206,-0.0006583401,-0.0064300831,-0.0110646854,-0.0113850172,-0.0078225665,-0.0015632962,0.8403565640,-0.0020046273,-0.0027137484,0.8036016195
0.0014398468,-0.0171788187,-0.0046242312,0.0028315569,-0.0090185236,0.0031752659,0.0054240977,-0.0201665064,0.3476499190,0.0031661844,0.0000746773,1.3725769169
0.0037455191,-0.0270993435,0.0148968258,0.0009086390,-0.0075981041,0.0161449446,0.0042848519,-0.0176375612,0.9359805511,-0.0176778410,-0.0017356642,0.9351930052
0.0000748552,-0.0201606198,-0.0055822586,-0.0015516720,-0.0215341891,0.0022402769,-0.0155910254,-0.0223825526,0.4635332253,-0.0071014250,-0.0049092760,0.8810906997
-0.0079724258,-0.0126949515,-0.0107714540,-0.0069807784,-0.0040556022,-0.0169757995,-0.0102483527,0.0195150969,0.8630470016,-0.0164908572,0.0026102790,1.3458917766
0.0107251450,-0.0110991149,0.0212758694,0.0132978964,-0.0123920278,0.0274760778,-0.0186696046,-0.0115453641,0.5364667747,0.0014377623,-0.0010784879,1.1025685487
-0.0079062674,-0.0035969819,-0.0269285776,-0.0086102808,0.0087427644,-0.0251760819,-0.0350739954,-0.0030088282,0.9205834684,-0.0171556401,0.0043722849,1.4524196739
0.0035140810,-0.0006252760,-0.0029286428,0.0051428039,-0.0009777075,0.0106574843,-0.0025069178,0.0052417641,0.7787682334,-0.0117684110,0.0020817209,0.8474859414
0.0003856241,0.0059731197,0.0035078476,-0.0010412783,0.0017794294,-0.0022451447,0.0019153238,0.0014472688,0.2001620746,-0.0025301430,-0.0044207954,1.2960004032
-0.0005075390,-0.0061805662,-0.0050905253,-0.0012235504,0.0002754167,-0.0014504242,-0.0028927524,-0.0040602232,0.1337115073,0.0060936211,0.0047348897,0.8320194237
0.0023375288,-0.0179428116,0.0152012328,0.0008118079,-0.0237575402,0.0082726933,-0.0117943286,-0.0144663623,0.9724473258,-0.0067730004,0.0009439586,1.1121708149
-0.0020542796,0.0081335534,-0.0083442845,0.0016877191,0.0194418275,-0.0056171237,0.0179972444,-0.0057019679,0.9570502431,-0.0191280314,-0.0017638978,0.8172108415
-0.0033533294,-0.0045118393,-0.0034567279,-0.0061558218,-0.0002959358,-0.0119780698,-0.0001402762,0.0020579793,0.3452188006,-0.0084020130,-0.0049897052,1.3731499503
0.0004616959,0.0072245690,0.0024721698,0.0001386697,0.0114302603,-0.0085934754,0.0043035627,0.0059545536,0.5607779579,-0.0070841535,-0.0004861298,1.4979871501
-0.0006091101,0.0219533900,-0.0020227137,0.0011421410,0.0283347938,-0.0154382534,0.0051882348,0.0320676097,0.6523500810,-0.0000050855,-0.0020162557,1.1689168673
-0.0010811673,0.0120510848,0.0113151383,-0.0013426694,-0.0011232966,-0.0022904622,0.0038939378,0.0098483206,0.0899513776,-0.0062984401,-0.0036866487,1.3409759460
-0.0047074056,0.0050737673,0.0243220996,-0.0034304422,0.0021192450,-0.0099339830,-0.0001737346,0.0105847044,0.4554294976,-0.0139282487,0.0023127007,1.4742656574
0.0008132368,0.0392542574,0.0068481239,0.0093465402,0.0242545552,0.0107277368,0.0129927521,0.0851223488,0.8752025932,-0.0059815070,-0.0010240560,1.0938091218
-0.0097953567,-0.0009909846,-0.0105512721,-0.0065909348,0.0014633217,-0.0229912793,0.0065762770,-0.0031693360,0.6191247974,-0.0115921559,-0.0028689530,1.4258694426
-0.0044162533,-0.0009865371,0.0070765341,-0.0057887939,-0.0141997504,-0.0141663916,-0.0119500391,-0.0079702987,0.4748784441,-0.0073782576,0.0036435825,1.2561667778
-0.0009257196,0.0114815802,-0.0002807673,-0.0017649222,0.0113881247,-0.0039945011,0.0164950279,-0.0011492227,0.1110210697,-0.0079252959,-0.0029629875,1.1802629641
-0.0022684352,0.0011211658,-0.0121308456,-0.0004832028,0.0147232727,-0.0062321485,0.0150116768,0.0103169105,0.5575364668,0.0013202999,0.0026102399,1.3396452913
-0.0043818451,0.0055284184,0.0012809019,-0.0094704422,-0.0112110330,-0.0141457431,-0.0096148627,0.0064318865,0.7771474878,-0.0118881154,0.0041183603,1.3577584795
0.0022865048,-0.0263477942,-0.0261229680,-0.0003327063,0.0023260647,0.0096768263,-0.0034521946,-0.0098175816,0.7714748784,-0.0017840030,-0.0001847765,1.2316552202
0.0022418097,0.0024275808,-0.0090187440,0.0052488757,0.0010969750,0.0100785173,0.0033428003,-0.0082082115,0.1053484603,0.0010926444,-0.0025246004,1.2188290856
-0.0014072193,-0.0018349564,-0.0013099227,-0.0027151260,0.0021607082,-0.0023734168,0.0105253530,-0.0063155026,0.6029173420,-0.0061972825,-0.0043579106,0.9403673087
0.0089004108,0.0131393018,0.0076997926,0.0123119805,0.0187020872,0.0177204425,0.0058823901,0.0107571198,0.3111831442,-0.0013065527,-0.0006675325,1.0281478248
-0.0054553630,0.0214513458,0.0019556310,-0.0027137793,0.0166054800,-0.0121085843,0.0137591235,0.0299264600,0.6645056726,-0.0164126459,-0.0042755311,1.1186541044
-0.0112474094,-0.0365760181,-0.0043292902,-0.0174139301,-0.0403748019,-0.0311231734,-0.0302936755,-0.0412045815,0.9157212318,-0.0071568014,-0.0020833742,1.1359571843
-0.0064536323,0.0107087834,0.0072930845,-0.0071928852,0.0008628287,-0.0165099498,0.0040550330,0.0045040286,0.6158833063,-0.0005618133,-0.0046038117,1.4020856780
0.0051922405,0.0019452713,0.0173007345,0.0096968513,0.0045951594,0.0198070673,0.0067782168,0.0005204472,0.6085899514,-0.0131674580,-0.0039720760,1.3244131474
-0.0113981764,-0.0217080876,-0.0193317872,-0.0175348753,-0.0016026434,-0.0271327850,-0.0236157601,-0.0363059662,0.9862236629,-0.0098844736,0.0011815573,0.8997468800
-0.0011226586,-0.0025223082,-0.0054037052,-0.0011425443,-0.0080116110,0.0029311637,-0.0024840608,-0.0055590050,0.3225283630,-0.0130298667,-0.0017353869,1.1917540784
-0.0011934115,0.0121655477,0.0034768588,-0.0037587326,0.0080856979,-0.0087180113,0.0017145375,0.0272853362,0.6393841167,0.0012568285,-0.0041749147,1.1739695442
-0.0027368337,0.0125650042,-0.0133790751,-0.0033738865,0.0158283312,-0.0028435761,0.0142448920,0.0091866470,0.5202593193,-0.0072641277,-0.0036728425,0.8550049480
-0.0016330557,0.0005994600,0.0117427946,-0.0031222537,-0.0025550571,-0.0062643223,-0.0026875928,-0.0016966923,0.2333873582,0.0015300052,0.0032144073,0.9406013629
0.0037748760,0.0078146409,0.0098909046,0.0065035527,0.0083888791,0.0125606078,0.0004474048,0.0082436857,0.1199351702,-0.0091079949,0.0013643025,0.9172378076
0.0051277062,0.0131564417,0.0005875622,0.0058105705,0.0065250426,0.0086424773,0.0052729908,0.0090623062,0.4092382496,0.0046318624,-0.0044802872,0.8221103014
0.0129251121,-0.0401529118,0.0101168284,0.0124057246,-0.0081079417,0.0250327963,-0.0009412667,-0.0215503116,0.7293354943,0.0001260275,0.0021408693,1.2963423636
-0.0027273477,0.0110993415,0.0275809011,-0.0029375825,0.0058447979,-0.0096567820,0.0013940409,0.0072854423,0.2447325770,0.0038491765,-0.0041988515,1.0376151348
-0.0031202679,0.0126983880,0.0315543930,-0.0033607906,0.0066868392,-0.0110480036,0.0015948759,0.0083350326,0.2447325770,-0.0004978085,0.0028383255,1.1871010168
0.0034556437,-0.0079234556,-0.0195638038,0.0049982644,-0.0065156785,0.0102479069,-0.0041059111,-0.0031729105,0.7366288493,-0.0068382353,0.0023158952,1.2505043866
-0.0029200187,0.0003301900,-0.0306862106,-0.0024994130,0.0012458323,-0.0063610222,-0.0065451642,-0.0075442638,0.2009724473,-0.0001441515,0.0015029419,1.3073785919
0.0029600771,-0.0065697709,-0.0000618132,0.0043995846,0.0020768958,0.0105923048,-0.0030038021,0.0024549910,0.2171799028,-0.0027681472,0.0024427907,1.0303122065
-0.0028239023,0.0117406619,0.0091560159,0.0005246594,0.0190102321,-0.0098773226,0.0079834263,0.0076479251,0.7155591572,-0.0071916772,0.0005536355,1.2610954429
0.0023762889,0.0116329219,-0.0016767366,0.0028129284,0.0043208437,0.0007645483,0.0066978516,0.0059000327,0.1401944895,-0.0047556524,0.0004247864,1.2572841135
0.0045997016,0.0053948276,-0.0136087797,0.0066606721,0.0090693909,0.0092466437,-0.0021603313,-0.0041822587,0.5794165316,-0.0118033163,0.0018022824,1.2552279804
-0.0009562045,-0.0020605320,0.0127203803,-0.0012506836,-0.0027808106,-0.0023123533,0.0011255708,0.0006329235,0.0113452188,-0.0060418866,0.0034045241,1.0928798521
0.0004538903,0.0050358125,0.0108841155,-0.0009541824,-0.0000274752,-0.0022087028,0.0028187285,0.0067890741,0.1758508914,-0.0034403616,0.0034624529,1.4725463860
-0.0001071561,0.0003963337,-0.0033290652,0.0002899955,-0.0071559980,-0.0003361842,-0.0023190189,-0.0030225762,0.4132901135,-0.0067121259,0.0048764956,1.0421544948
-0.0015316197,0.0026466219,0.0003649463,-0.0026409096,0.0014683841,-0.0054504797,-0.0112103374,0.0043587862,0.0372771475,-0.0000928541,0.0008805838,1.1803103664
0.0029635110,0.0057279422,0.0165514724,0.0041765024,0.0020419375,0.0096013399,0.0044300021,0.0055452872,0.2350081037,-0.0002263068,0.0009772357,1.0768606189
-0.0010740780,-0.0061295882,-0.0060574798,0.0000966091,0.0004475783,-0.0052961997,-0.0076355632,0.0012268499,0.2382495948,-0.0068459400,0.0009235033,1.0952046488
0.0010640057,-0.0011547550,0.0006789114,0.0015869726,0.0032898173,0.0004675355,-0.0061602236,0.0011296762,0.3630470016,-0.0011711383,0.0013156022,0.9474635323
0.0023187255,0.0053150649,0.0216053870,0.0028728936,0.0021637037,0.0033791426,-0.0005280475,0.0100276430,0.1620745543,0.0038992586,-0.0009468982,0.9650544658
0.0055104434,0.0101672071,0.0057693023,0.0092933310,0.0058339349,0.0161470142,0.0007497608,0.0050223887,0.8500810373,-0.0137499439,0.0047139509,0.9257781762
0.0062768423,-0.0041443201,-0.0008346571,0.0064921793,-0.0008867744,0.0169993997,-0.0067590580,-0.0028568533,0.7269043760,-0.0158863880,-0.0006283461,1.0891218223
-0.0041577100,0.0012495219,0.0004797393,-0.0018107457,-0.0009145917,-0.0123136188,-0.0058845987,-0.0026696399,0.7601296596,-0.0073049495,-0.0014076663,1.1117136785
-0.0028375336,0.0147347150,0.0028778751,-0.0036485749,0.0092516868,-0.0121883823,0.0142546105,0.0158245434,0.2917341977,0.0001251229,-0.0018785194,0.8666830556
-0.0011736328,0.0066350471,-0.0085173994,-0.0026058319,0.0015837458,-0.0053686072,0.0020848543,0.0102469272,0.7852512156,-0.0047177789,-0.0017480994,0.9806934029
-0.0022413058,0.0088740504,-0.0091039670,0.0018413729,0.0212118554,-0.0061285193,0.0196357542,-0.0062210880,0.9570502431,-0.0001740815,-0.0004621046,0.8916115625
0.0051038421,0.0103230777,0.0083976851,0.0066207626,0.0089893972,0.0141533358,0.0085013297,0.0045050265,0.6572123177,-0.0131769651,0.0001977395,0.8514477231
-0.0028627605,0.0025818138,0.0111970400,-0.0044002857,0.0017780684,-0.0077668575,-0.0038191984,0.0028640949,0.4440842788,-0.0058230923,-0.0025128573,1.3802183561
-0.0075090849,-0.0240373958,-0.0111753958,-0.0116910617,-0.0040222200,-0.0194124914,-0.0179145646,-0.0219872066,0.2455429498,-0.0091145913,-0.0033238078,1.2947440518
0.0019922763,-0.0014817630,-0.0113208506,0.0039428170,0.0051700942,0.0076946409,0.0001334797,-0.0033608956,0.1345218801,-0.0042105777,0.0003351193,1.2238767104
0.0030945920,0.0135170902,-0.0122259750,0.0027461022,0.0152343961,0.0169873890,0.0000000000,0.0218756926,0.7414910859,-0.0013015078,0.0008535436,1.3909193143
0.0019171592,0.0017892744,-0.0017037908,-0.0013079146,-0.0060352201,0.0028505401,-0.0071018293,-0.0020124270,0.3687196110,-0.0130034408,0.0048669298,1.1779340877
0.0088856612,0.0177839293,0.0188387474,0.0138637456,0.0090608339,0.0146801260,0.0140594405,0.0254527802,0.4262560778,0.0044695531,-0.0046065646,1.1718186696
-0.0004988932,-0.0061364817,-0.0006333989,-0.0015021452,-0.0011536414,-0.0024661777,-0.0016672223,0.0055563215,0.1799027553,-0.0081988188,-0.0041144442,0.9572908239
-0.0013822230,0.0037261342,0.0199900417,-0.0025843423,0.0054646505,-0.0041521048,0.0002520441,0.0032133146,0.2739059968,-0.0119076028,-0.0035165680,1.1550643661
0.0079910738,0.0020325124,-0.0001343309,0.0099292977,0.0082718250,0.0160257807,0.0138831604,-0.0047121535,0.7641815235,-0.0039224605,-0.0048262021,1.1359279571
-0.0084361091,-0.0151262052,0.0135450698,-0.0127621905,-0.0100348809,-0.0228069331,-0.0057792362,-0.0034043059,0.7050243112,0.0003081228,-0.0004526014,1.2473839565
-0.0071546698,-0.0028496414,-0.0032833674,-0.0117527354,-0.0098806997,-0.0195815274,-0.0148266792,0.0022483107,0.8387358185,-0.0115342884,0.0003224499,1.1652110326
-0.0014890560,-0.0004090138,-0.0145606446,-0.0035362435,-0.0006680561,-0.0029444280,-0.0043772190,0.0028822433,0.0259319287,-0.0041007205,0.0020468076,0.8209815129
0.0015994986,0.0111005704,0.0089469032,0.0016726561,0.0079842735,0.0070750727,0.0099877034,0.0091454486,0.3646677472,-0.0103990396,-0.0031165092,1.3130292428
0.0027592960,0.0065145206,0.0087826039,0.0025063324,-0.0024441059,0.0041012676,0.0263158145,-0.0005847869,0.2504051864,-0.0036290475,0.0036814225,1.2708214828
0.0001707702,0.0080670201,0.0163245472,0.0018612228,0.0078154166,0.0016114070,0.0054697846,0.0096921406,0.3095623987,0.0001370230,0.0047863129,0.9787145673
-0.0071846907,-0.0444196433,-0.0166320526,-0.0092199141,-0.0555822935,0.0029752722,-0.0488898592,-0.0405118145,0.9424635332,-0.0094811401,0.0011784724,1.2782736198
0.0008917626,0.0430446303,0.0075093755,0.0102490378,0.0265965638,0.0117636021,0.0142473262,0.0933417233,0.8752025932,-0.0181442847,0.0043094870,1.1994268226
-0.0017657115,-0.0032453106,0.0186156963,-0.0013234473,-0.0002756880,-0.0012191570,0.0102509115,0.0048529431,0.5413290113,-0.0034010993,0.0044087536,1.4430744579
0.0040151003,-0.0048761515,0.0412253037,0.0053556239,-0.0281601605,0.0070687022,-0.0008878643,-0.0160143589,0.7552674230,-0.0060089695,-0.0015142633,1.2668800619
0.0013964842,-0.0019230972,0.0065035648,0.0019652939,0.0017872925,0.0015666318,0.0032174980,-0.0078122850,0.4108589951,-0.0077463589,0.0036643867,1.2234677459
0.0017387417,-0.0001568847,0.0066509043,0.0042186826,0.0012703991,0.0014861531,0.0018821175,0.0102266910,0.1361426256,0.0042862834,0.0006701626,1.4095274152
-0.0052029559,0.0005243238,0.0031060195,-0.0065519987,-0.0065467209,-0.0227985485,-0.0016306824,-0.0073554157,0.8638573744,-0.0056283408,0.0026519086,0.8763767422
-0.0015118926,-0.0282628171,-0.0005534724,-0.0021115524,-0.0273364343,-0.0082153937,-0.0157284017,-0.0292181472,0.6961102107,-0.0017153994,0.0029781365,1.3654921594
0.0026220015,-0.0022408083,-0.0020694631,0.0023656544,0.0034539341,0.0072632124,-0.0005007303,-0.0081746759,0.4667747164,-0.0071543021,-0.0020313073,1.4082304379
0.0012023473,0.0145392432,0.0143339812,0.0022698107,0.0195391156,-0.0144908777,0.0063252303,0.0117651856,0.9797406807,-0.0133056902,-0.0013353847,0.8040310623
-0.0028379997,0.0152385253,-0.0067371102,-0.0035969101,0.0142802156,-0.0053798389,0.0075436456,0.0107490079,0.7123176661,-0.0095147826,0.0004849972,1.1944072491
0.0026297344,0.0114866054,-0.0103894366,0.0023335934,0.0129459443,0.0144356094,0.0000000000,0.0185896111,0.7414910859,-0.0085265218,-0.0048533294,1.1819808219
0.0046209836,-0.0131064494,-0.0074811120,0.0043402425,0.0018481792,0.0134929823,0.0037295533,-0.0010505909,0.1223662885,0.0016278565,0.0025934433,0.9179110696
0.0021852988,0.0137083567,0.0116177302,0.0023099920,0.0079135257,0.0036126756,0.0009139818,0.0189750818,0.3857374392,0.0051721968,0.0034716736,1.1796545655
-0.0061760686,-0.0153190940,-0.0048348608,-0.0098112875,-0.0020370036,-0.0130148602,0.0030841435,-0.0066681531,0.4116693679,-0.0119383268,-0.0035100814,1.3696364018
0.0020163102,0.0101550184,0.0058962952,0.0118219185,0.0150897866,-0.0089902364,0.0186478227,-0.0088916139,0.7374392220,-0.0067023413,0.0010790509,1.2061206585
-0.0048073636,-0.0110108219,-0.0008197432,-0.0076622867,-0.0021658056,-0.0111596636,-0.0108079660,-0.0178132324,0.1288492707,0.0036490216,0.0021549091,1.1845899669
-0.0045682312,-0.0282432755,-0.0105751332,-0.0058622842,-0.0353408067,0.0018917629,-0.0310855662,-0.0257585665,0.9424635332,-0.0155090756,-0.0049243713,0.8127628079
0.0039315535,0.0075989971,0.0219580761,0.0055407734,0.0027089445,0.0127376554,0.0058770798,0.0073566771,0.2350081037,-0.0074804351,0.0042703454,1.4286213843
-0.0117912515,-0.0066322886,-0.0048037103,-0.0169406260,-0.0181062196,-0.0291483375,-0.0062577711,-0.0158226602,0.9035656402,-0.0120032027,-0.0039857917,1.4541052188
-0.0001991456,-0.0060225884,-0.0151812906,-0.0019737048,-0.0192058915,0.0015921755,-0.0165728825,-0.0020993831,0.7115072934,-0.0114176149,-0.0019271004,0.9797435974
0.0074598921,0.0062479416,0.0053209928,0.0109465036,0.0021201179,0.0207780147,0.0057063430,0.0063664851,0.2423014587,-0.0008043735,-0.0041037366,1.1725821493
0.0018846673,-0.0050742091,-0.0021650155,0.0022103491,-0.0019043045,0.0058159596,-0.0095650405,-0.0155447471,0.1920583468,-0.0064681035,-0.0008645090,1.3013054720
-0.0030544861,0.0157270829,0.0043099835,-0.0032978922,0.0173404133,-0.0152501882,0.0107507152,0.0065917317,0.9416531605,-0.0057941745,-0.0031856165,0.9268045447
0.0016708115,0.0034266873,-0.0075784023,0.0041126525,0.0029312975,0.0058265415,0.0024449180,-0.0059036323,0.1985413290,-0.0060798475,0.0029340726,0.9292095907
-0.0051890058,-0.0156055936,-0.0107391428,-0.0097530756,-0.0273246809,-0.0095099999,-0.0235793755,-0.0193903853,0.8954619125,0.0003039184,-0.0001645435,0.9795939486
0.0014122099,-0.0072321691,0.0042843595,0.0015683265,-0.0030786763,0.0047762035,-0.0030258129,-0.0045309829,0.6628849271,-0.0039658218,0.0045140334,0.8303887730
-0.0043078946,-0.0110020833,0.0040228859,-0.0068512743,0.0034282043,-0.0143315856,0.0084093030,-0.0128514840,0.7990275527,-0.0076867721,0.0009353857,1.2465896441
0.0045322455,-0.0223543803,-0.0083044056,0.0032398364,-0.0252620383,0.0098938003,-0.0091333709,-0.0212551026,0.8865478120,-0.0066458583,-0.0008897153,0.9484313879
-0.0041873532,0.0012062408,-0.0013551487,-0.0047865258,-0.0029657210,-0.0105540211,-0.0065257679,-0.0071233769,0.7528363047,-0.0104599355,-0.0026312944,1.4300161864
-0.0004612098,0.0022349408,0.0012137338,-0.0009144415,-0.0016552037,-0.0052742779,-0.0053636285,0.0057122898,0.2771474878,0.0042520103,0.0017142467,1.3123706473
0.0040736575,0.0072838969,0.0016442533,0.0053275073,-0.0057504423,0.0083782528,0.0127023858,-0.0015929968,0.2617504052,-0.0001403176,-0.0004823232,0.8668747197
0.0012470382,0.0001169397,0.0109735608,-0.0000272118,-0.0079991507,0.0003527429,-0.0003242340,0.0023982346,0.3087520259,-0.0083828086,0.0036925962,0.9070886606
-0.0008965392,-0.0020142795,-0.0043153221,-0.0009124196,-0.0063979586,0.0023407856,-0.0019837356,-0.0044393423,0.3225283630,-0.0113109925,-0.0047636141,0.9517178601
-0.0065333682,-0.0082819889,-0.0094632466,-0.0128675079,-0.0093208989,-0.0117120517,-0.0057679074,0.0017898428,0.8978930308,-0.0080449821,-0.0026805290,1.2249658253
-0.0068571307,0.0003363225,0.0015243208,-0.0089282844,0.0003311970,-0.0174120537,-0.0071855927,0.0003070284,0.4222042139,-0.0130529499,-0.0035822561,1.2424108402
-0.0077998433,-0.0188920401,-0.0021232202,-0.0122528377,-0.0227853407,-0.0181085457,-0.0135161281,-0.0190363508,0.7512155592,-0.0094257802,-0.0007180039,1.2866011878
-0.0001304085,0.0053416775,0.0111631671,-0.0012885114,0.0049238768,-0.0037917047,0.0053117877,0.0058161087,0.5688816856,-0.0153723950,-0.0015890998,1.3071617960
0.0019509259,0.0083156331,-0.0163275528,0.0068536019,0.0191946923,-0.0015237872,0.0058553104,-0.0004077075,0.8808752026,-0.0043219757,0.0007838692,0.8728767546
-0.0001337680,0.0054792857,0.0114507441,-0.0013217051,0.0050507220,-0.0038893837,0.0054486260,0.0059659388,0.5688816856,-0.0103909079,0.0014528984,1.3408359092
-0.0008060812,-0.0018123875,-0.0028381877,-0.0026628184,-0.0050427441,-0.0029487125,0.0020285533,-0.0021393457,0.3379254457,-0.0088461264,-0.0014500369,1.0263600935
-0.0082607941,-0.0079498980,0.0046704767,-0.0100982079,-0.0159266355,-0.0247030706,-0.0238409005,-0.0118824566,0.8160453809,-0.0015231915,0.0016960262,1.1096869555
0.0012642960,0.0031536347,-0.0037075544,0.0045775212,0.0036768632,0.0033114613,-0.0109781235,0.0047784506,0.9132901135,-0.0083326628,0.0038007909,0.9635984573
-0.0013338019,0.0036209787,-0.0088419911,-0.0024168238,0.0085282656,-0.0042494452,-0.0013748521,-0.0100262491,0.0494327391,-0.0040076523,-0.0016699809,1.1730704506
-0.0012060734,0.0134433346,0.0126223648,-0.0014977866,-0.0012530699,-0.0025550771,0.0043438006,0.0109860873,0.0899513776,0.0023372700,0.0005778342,1.4958975529
0.0018190022,0.0134280541,0.0005796081,0.0058194954,0.0273095599,0.0027159108,0.0298385232,0.0120181046,0.9586709887,-0.0129153189,0.0008047501,1.1124466458
-0.0079627621,-0.0113342187,-0.0123628266,-0.0126408922,-0.0065388446,-0.0167987975,-0.0229898245,-0.0161438438,0.9829821718,-0.0060297239,-0.0029906631,0.9227120597
-0.0008522837,0.0105707639,-0.0002584944,-0.0016249136,0.0104847220,-0.0036776234,0.0151865024,-0.0010580566,0.1110210697,-0.0026564284,0.0032180644,1.0866344971
-0.0041647372,0.0075129756,0.0172779938,-0.0042509727,0.0030628919,-0.0122881996,0.0046683122,0.0050027899,0.7001620746,-0.0037033863,0.0029544996,1.0433000670
0.0000772198,-0.0073322681,-0.0054017270,-0.0007324239,-0.0059675268,0.0049438923,-0.0127799142,-0.0043850779,0.3703403566,0.0057798890,-0.0047997364,0.8838803014
-0.0159111632,-0.0321070291,-0.0256347026,-0.0223931967,-0.0368503782,-0.0304558454,-0.0485174983,-0.0315426973,0.9141004862,-0.0057098360,-0.0040707086,0.9705597012
0.0038646117,0.0066388787,0.0079322547,0.0100038758,0.0145995056,0.0087450919,0.0148332090,0.0090129010,0.7382495948,-0.0022770875,-0.0037228652,0.8623871025
0.0051322517,0.0129052386,-0.0006883827,0.0053971120,0.0104943929,0.0058772786,0.0090806893,0.0167190599,0.0664505673,-0.0074784253,-0.0043689097,1.1547869023
-0.0034295151,0.0027710389,0.0047386096,-0.0047513623,-0.0016473043,-0.0112466217,0.0158517408,0.0188410605,0.8492706645,-0.0116592166,-0.0011909047,0.9591501101
0.0065533190,0.0041032384,0.0057797864,0.0096451501,0.0079183186,0.0095141005,0.0186960843,0.0036350786,0.5186385737,-0.0041103409,-0.0019447569,1.4558704761
-0.0013789747,0.0017945207,-0.0187378825,-0.0019486483,0.0056524316,-0.0015262576,0.0064861504,-0.0023747996,0.5243111831,0.0036046286,0.0037333666,0.9957924769
-0.0080623317,-0.0014602086,-0.0041570249,-0.0127395399,0.0005907233,-0.0218109410,-0.0130676970,0.0028536411,0.7544570502,-0.0076053008,0.0049215801,1.4435743813
0.0029340112,0.0120175917,-0.0011886697,0.0039479145,0.0084006539,0.0053987858,-0.0009965387,0.0072150478,0.0226904376,-0.0002038444,-0.0010282122,1.0737299341
0.0020072821,-0.0042621925,-0.0031698297,0.0030202576,0.0016000310,-0.0002914118,-0.0149756100,-0.0013535205,0.6175040519,-0.0085625746,0.0037797432,1.3722147959
0.0019418017,-0.0085760202,0.0001577377,0.0019331338,-0.0030701392,0.0099149973,0.0014526766,0.0008430966,0.3192868720,-0.0089532189,0.0031873500,0.8988946345
0.0048251942,0.0063493871,0.0026383897,0.0117616507,0.0169447791,0.0170368868,0.0034614585,0.0058306679,0.7301458671,-0.0138309684,0.0019495109,1.0820861251
0.0029529025,0.0012804384,0.0234958522,0.0058826379,0.0218265340,0.0084501184,0.0039733478,0.0150890762,0.0081037277,0.0027384043,0.0032248056,1.4829271406
0.0022239249,-0.0065935964,0.0020536287,-0.0001055109,-0.0015006990,0.0072094305,0.0114935660,-0.0174825882,0.0397082658,-0.0041225288,0.0010637094,1.1355481081
-0.0034654344,-0.0056726888,0.0073015335,-0.0036134323,-0.0046514676,-0.0085874626,-0.0069895284,0.0038161271,0.1661264182,0.0036349318,-0.0032516137,1.2243770564
0.0078868776,0.0207342379,0.0265676790,0.0084843055,0.0238444463,0.0150055041,-0.0051737561,0.0283599967,0.7617504052,-0.0011134887,0.0016630689,1.4669582693
0.0066057981,0.0150392833,0.0108354973,0.0103516404,0.0267036232,0.0062342790,0.0193940204,0.0229926069,0.8484602917,-0.0179683648,-0.0036483371,0.8477206166
0.0001184138,0.0035112527,0.0195363530,-0.0014887644,0.0070643053,0.0009298654,-0.0061708595,0.0067163204,0.6863857374,0.0024525858,-0.0006750212,1.1846706751
-0.0066112282,0.0061585159,0.0066627895,-0.0071959813,-0.0044278209,-0.0124004468,-0.0145432750,0.0231326196,0.8841166937,-0.0100509332,-0.0039433532,1.1542993040
0.0066877446,0.0082680940,0.0112916218,0.0109344436,0.0081489199,0.0138247560,0.0063480612,0.0098310520,0.7285251216,-0.0169314950,0.0010255316,0.8002327543
0.0009525037,-0.0016809424,0.0014951868,0.0028032055,-0.0024551733,0.0069555012,0.0026158559,-0.0015894976,0.1426256078,-0.0101992635,0.0028076159,0.9064173972
0.0049524819,0.0058352246,0.0049542042,0.0053277858,0.0027530256,0.0092677195,0.0127455312,0.0233895077,0.2787682334,-0.0030956506,0.0025425354,0.9482287455
0.0018654575,0.0208727486,-0.0143113424,0.0024822363,0.0262298925,0.0056268816,0.0195629894,0.0158140828,0.5907617504,-0.0073008740,-0.0032933524,1.0081485338
-0.0019738032,0.0043022413,-0.0034974808,-0.0036350393,0.0056046075,-0.0045113958,0.0103659940,-0.0027345112,0.0923824959,-0.0048583220,-0.0039895419,0.8849694576
0.0058105634,0.0186698145,-0.0217649600,0.0115992299,0.0266978882,0.0179217693,0.0224122740,-0.0045670742,0.3168557536,-0.0008075241,0.0013318963,1.2841326389
0.0022791031,0.0108977689,0.0064740355,0.0034939759,0.0066434487,0.0049794109,0.0224215158,0.0059231609,0.1037277147,-0.0066212246,-0.0032624740,0.9628518770
-0.0050710847,-0.0157245934,-0.0102750756,-0.0070371730,0.0036677030,-0.0214005385,0.0021366736,-0.0054001744,0.9019448947,-0.0104977813,-0.0036928962,1.1689290247
-0.0022882039,-0.0026512516,0.0036505080,-0.0034265345,0.0027305514,-0.0074186613,-0.0064297358,0.0052383881,0.5129659643,-0.0077744726,-0.0008587025,0.9362357583
0.0019642516,0.0237524816,0.0234171492,0.0037081460,0.0319206769,-0.0236734679,0.0103334069,0.0192205572,0.9797406807,-0.0044113089,-0.0048896874,1.3135300664
0.0035094932,0.0141945046,-0.0017948822,0.0071694422,0.0170737057,0.0050296780,0.0151486127,0.0031302440,0.7706645057,-0.0093350326,0.0029033774,0.8936626154
0.0029320984,0.0000000000,0.0002279775,0.0050096210,0.0006412650,0.0047049123,0.0041530758,-0.0083118051,0.1588330632,-0.0088461365,0.0003531013,1.3322028762
-0.0016180703,0.0021287723,-0.0028928686,-0.0020399684,0.0011879439,-0.0071487254,0.0007634388,-0.0149464159,0.0316045381,0.0063700219,0.0012929881,1.0264502764
-0.0083688600,-0.0272151182,-0.0032212950,-0.0129571832,-0.0300416794,-0.0231578200,-0.0225406155,-0.0306590935,0.9157212318,-0.0183045481,-0.0012859143,0.8452316759
0.0032585186,0.0122837403,-0.0019600107,0.0080984521,0.0176972938,0.0029751439,0.0101478652,0.0109760389,0.8290113452,-0.0092025668,0.0034435708,1.1835716423
-0.0044374288,0.0098127465,-0.0104433215,-0.0062448311,0.0109892144,-0.0204386023,-0.0017779358,0.0042805803,0.4319286872,-0.0117752916,0.0036466039,0.9044664446
-0.0025417454,0.0114848075,-0.0060457820,-0.0014650104,0.0144295000,-0.0034353117,0.0162150813,0.0124166402,0.1750405186,-0.0022300426,-0.0012411171,1.3161499542
-0.0053019825,0.0209635363,0.0027261376,-0.0020067140,0.0236773119,-0.0105571859,-0.0029406286,0.0171979664,0.6410048622,0.0014316452,0.0045533469,1.3495115807
0.0001071384,-0.0288554233,-0.0079897561,-0.0022208718,-0.0308213810,0.0032064559,-0.0223150699,-0.0320356238,0.4635332253,0.0042212906,0.0030888346,1.2610845023
-0.0023005529,0.0055098010,-0.0030237374,-0.0032414847,0.0049177691,-0.0123642834,0.0002220702,0.0017749377,0.8144246353,0.0004621313,-0.0024694157,0.9955573998
-0.0001966676,0.0139640626,-0.0062180393,0.0026209216,0.0172005124,0.0014006942,0.0336971748,0.0132501923,0.4059967585,-0.0013159380,0.0015935392,1.1230342252
0.0019617193,0.0046810238,-0.0020346515,0.0050119045,0.0095885875,0.0076091131,0.0091315493,0.0132614818,0.5016207455,-0.0027375358,-0.0043334796,1.2456687775
-0.0054569985,-0.0223980641,-0.0131902154,-0.0075992512,-0.0099278545,-0.0171570406,-0.0137726897,-0.0176896309,0.3768233387,-0.0116543638,0.0048827527,1.4177216083
-0.0003342399,0.0144456177,0.0114813738,0.0004846123,0.0092879722,-0.0062943415,0.0168120805,0.0113105850,0.3565640194,-0.0127321822,-0.0041520798,1.2761594454
-0.0008821774,0.0081650760,0.0007931350,-0.0016504243,0.0232043261,0.0024567145,0.0137996216,0.0089352925,0.5753646677,0.0002889645,-0.0039463247,1.2613248739
0.0091296828,0.0133447676,-0.0193809294,0.0112385959,-0.0073083088,0.0253455414,0.0180498792,-0.0006433562,0.7058346840,-0.0023081797,-0.0014674859,1.4695509788
0.0165999442,0.0279722619,0.0194995637,0.0233693884,0.0213005857,0.0278742604,0.0354190276,0.0220667199,0.8614262561,0.0008007366,0.0044231539,1.4941118862
-0.0032149380,0.0032564451,0.0027873499,-0.0028564690,0.0053474927,-0.0136288990,0.0082749909,-0.0019151357,0.8119935170,-0.0146377485,-0.0040160435,0.9296368975
-0.0045526190,0.0234407411,0.0064239000,-0.0049154085,0.0258453612,-0.0227299439,0.0160236156,0.0098247766,0.9416531605,-0.0180422750,-0.0007570311,1.3813741195
-0.0026976045,0.0073146892,0.0110617041,-0.0031571732,0.0089694813,-0.0109691678,-0.0027012700,0.0019904999,0.4578606159,0.0033994103,0.0028248492,1.1602603106
0.0047220315,0.0037129047,0.0080650107,0.0066048128,0.0118682573,0.0133621225,0.0170512130,0.0062317844,0.9343598055,-0.0117048053,-0.0029431274,1.2372644982
-0.0054747725,-0.0169795836,-0.0267604174,-0.0073742622,-0.0212628610,-0.0114643159,-0.0227077795,-0.0179007206,0.3152350081,-0.0002742650,0.0003030213,1.3422436464
-0.0009925790,-0.0149644902,0.0066762877,-0.0023480431,-0.0184036026,-0.0036330152,0.0002766087,-0.0196777121,0.1207455429,-0.0047631454,-0.0037476643,1.4270702182
0.0054975224,0.0034421711,0.0048486127,0.0080912327,0.0066426088,0.0079812964,0.0156839829,0.0030494359,0.5186385737,-0.0035379326,0.0024807318,1.2213171127
-0.0003708818,0.0096078271,0.0002872049,-0.0005036558,0.0093784911,-0.0026431488,0.0094252820,0.0070402804,0.7933549433,-0.0170588369,-0.0038919204,0.9096469059
-0.0042512007,0.0094009294,-0.0100050407,-0.0059827507,0.0105280238,-0.0195808439,-0.0017033201,0.0041009348,0.4319286872,-0.0067994291,0.0005009194,0.8665081893
0.0001109405,0.0025479677,-0.0080065905,0.0014362384,0.0016392114,0.0021977418,-0.0133235180,0.0046159747,0.4505672609,-0.0090298465,0.0042831753,0.9145786610
0.0015956102,-0.0081713933,0.0048407589,0.0017720013,-0.0034784965,0.0053964774,-0.0034187678,-0.0051194106,0.6628849271,0.0011096487,0.0014581081,0.9382293429
0.0039393378,-0.0087432002,-0.0000822624,0.0058550670,0.0027639801,0.0140964795,-0.0039975280,0.0032671577,0.2171799028,0.0050556009,0.0034651434,1.3711628573
-0.0020260359,-0.0020000638,0.0001988169,-0.0021584046,0.0004120269,-0.0082296023,-0.0034304649,0.0202566247,0.1474878444,0.0036259601,-0.0003946050,0.9765687141
0.0029277933,0.0124794357,-0.0245030827,0.0102853365,0.0288058557,-0.0022867778,0.0087871805,-0.0006118547,0.8808752026,-0.0032798031,0.0015616184,1.3099434740
-0.0021543984,-0.0048399851,-0.0009203118,-0.0021710661,0.0026708069,-0.0012198337,0.0014172868,-0.0082190258,0.0332252836,0.0047314939,-0.0023066870,1.0240418828
0.0030018065,-0.0010199279,-0.0074529491,0.0032522396,0.0009280939,0.0096978320,0.0063978008,-0.0129753031,0.1977309562,-0.0086810132,-0.0036827123,0.8302216151
-0.0014579247,-0.0125786110,-0.0060264407,-0.0041617427,-0.0216908772,-0.0037514831,-0.0237566507,-0.0064751629,0.9732576985,-0.0004299821,-0.0001160587,0.8643096214
-0.0016325550,-0.0055598875,0.0031507203,-0.0056026170,-0.0102951116,-0.0105284216,-0.0003166574,-0.0194331854,0.3176661264,-0.0049083323,0.0025818501,1.0396685452
0.0127140768,-0.0017927769,0.0225839180,0.0152347438,0.0078643750,0.0288292374,0.0133875799,-0.0075395715,0.8541329011,-0.0164227148,-0.0034843063,1.2283583537
-0.0028662171,0.0259259733,0.0005641885,-0.0006533775,0.0291520536,-0.0074733475,0.0282582865,0.0252525449,0.9878444084,-0.0071526170,0.0026112154,1.4113260411
-0.0038001587,-0.0087388125,0.0087623372,-0.0055389020,-0.0032081884,-0.0125889161,0.0001017939,-0.0012863463,0.1790923825,-0.0006300773,0.0031175222,0.9125937218
-0.0034113410,-0.0023315918,0.0237118053,-0.0030859141,-0.0108780336,-0.0093537653,-0.0082309306,0.0118338613,0.5113452188,-0.0131298902,-0.0009850568,1.4942669659
-0.0001287984,0.0030476934,-0.0062538695,-0.0004661529,0.0048533990,0.0021377942,-0.0154894059,-0.0037303172,0.3030794165,-0.0068122156,0.0024234805,1.2602922189
0.0027517747,0.0117291734,-0.0230299600,0.0096669832,0.0270740508,-0.0021492969,0.0082588962,-0.0005750701,0.8808752026,-0.0150482573,-0.0014461543,1.2311898152
0.0016934843,-0.0121244599,0.0006522196,0.0006567003,0.0027720313,0.0014697063,0.0008952445,-0.0033193764,0.6717990276,-0.0062348069,0.0034804779,1.1770869671
-0.0003849575,-0.0136646058,0.0003196573,-0.0019049743,-0.0126935126,0.0020029545,-0.0100730434,-0.0133670427,0.7925445705,-0.0030107701,-0.0029751944,0.8247179485
0.0045814788,0.0021484351,-0.0064466023,0.0045252134,0.0160557889,0.0126201612,0.0087293330,-0.0129457683,0.6231766613,-0.0132540056,-0.0019439578,1.0288521314
