entry_idx,row,col,full_sample_value
0.000000000000000000e+00,0.000000000000000000e+00,0.000000000000000000e+00,1.005649717514123909e+00
1.000000000000000000e+00,0.000000000000000000e+00,1.000000000000000000e+00,9.493025696075531317e-02
2.000000000000000000e+00,0.000000000000000000e+00,2.000000000000000000e+00,2.127397636432233619e-01
3.000000000000000000e+00,0.000000000000000000e+00,3.000000000000000000e+00,-3.119878777774753864e-01
4.000000000000000000e+00,0.000000000000000000e+00,4.000000000000000000e+00,2.723281593912058041e-01
5.000000000000000000e+00,1.000000000000000000e+00,1.000000000000000000e+00,1.005649717514123909e+00
6.000000000000000000e+00,1.000000000000000000e+00,2.000000000000000000e+00,1.649722803203418908e-01
7.000000000000000000e+00,1.000000000000000000e+00,3.000000000000000000e+00,2.901303485821757344e-01
8.000000000000000000e+00,1.000000000000000000e+00,4.000000000000000000e+00,-5.488342996018203551e-02
9.000000000000000000e+00,2.000000000000000000e+00,2.000000000000000000e+00,1.005649717514124797e+00
1.000000000000000000e+01,2.000000000000000000e+00,3.000000000000000000e+00,4.458720859113635138e-01
1.100000000000000000e+01,2.000000000000000000e+00,4.000000000000000000e+00,2.882058251070906407e-01
1.200000000000000000e+01,3.000000000000000000e+00,3.000000000000000000e+00,1.005649717514123909e+00
1.300000000000000000e+01,3.000000000000000000e+00,4.000000000000000000e+00,-8.380389697794127235e-02
1.400000000000000000e+01,4.000000000000000000e+00,4.000000000000000000e+00,1.005649717514124131e+00
