1.518612540989154214e+00,-5.622497983286229850e-01,2.320525409947399309e-01,-1.169593175022902720e+00,1.913905217570811113e+00
2.462896270150634337e-01,-4.994133781369048952e-01,-8.279963232662029826e-01,-2.490847141095219541e+00,1.814502061175951239e-02
1.968790284141289648e-01,2.123124630875889915e-02,1.109334359693450400e+00,-2.687381981554133881e-01,8.835836123987253488e-02
1.691549636092427145e+00,-3.468106433855897008e-01,4.879264047818634431e-01,-8.092511842759068097e-01,9.309184487772288463e-01
2.957002256160000675e-01,2.276937697958325013e-01,1.840402541942377068e+00,4.519457833385771006e-01,1.281985151917793830e+00
1.481554592038451190e+00,-5.173666410488243494e-01,3.051593592196326088e-01,-1.289707171938567765e+00,8.607051081491157163e-01
1.716254935392896419e+00,-4.186236950332672957e-01,3.051593592196326088e-01,-1.469878167312065553e+00,-2.627083419006925880e-01
1.308617496935178481e+00,-1.672780142663952418e-01,8.900139050187723111e-01,-5.690231904445762767e-01,1.492625173802132998e+00
2.259771520003186485e+00,-6.250862185203411858e-01,-7.183360959288647152e-01,-1.650049162685563120e+00,-1.924950012725795412e-01
1.061564503930499503e+00,-8.854085307431729390e-01,-3.528020048044014367e-01,-1.049479178107237454e+00,-1.222816606444665360e-01
1.358028095536112811e+00,-1.583013828104353204e-01,-2.431417774670632248e-01,-4.489091935289115654e-01,3.692117237523246387e-01
1.382733394836580088e+00,-7.687123218156965976e-01,-1.700349592421705469e-01,-8.092511842759068097e-01,-3.329216825288056070e-01
9.256853577779275977e-01,-5.442965354167035308e-01,1.589457227698472530e-01,-1.049479178107237454e+00,-7.542017262974837211e-01
2.160950322801315604e+00,-5.442965354167035308e-01,8.583890454495458899e-02,-2.430790142637386353e+00,-6.137750450412576830e-01
1.703902285742662892e+00,-4.186236950332672957e-01,4.928549543250744513e-02,-2.250619147263889008e+00,1.585717018679855539e-01
7.774535619751220539e-01,-4.724834837690257139e-01,1.218994587030790111e+00,-6.891371873602420983e-01,8.607051081491157163e-01
1.605081088540791789e+00,-3.737405377534688822e-01,1.292101405255682733e+00,1.516607910494142120e-01,1.422411833174019868e+00
1.024506554979798700e+00,-6.879226387120590536e-01,9.265673141312193994e-01,1.516607910494142120e-01,1.071345130033454884e+00
1.469201942388217663e+00,-6.699693758001395993e-01,4.148195865569707652e-01,-8.993366819626559261e-01,5.798517456366636402e-01
7.898062116253556919e-01,6.855019740497786396e-01,7.072468594565414213e-01,-1.289707171938567765e+00,1.141558470661567792e+00
1.308617496935178481e+00,-6.340628499763009129e-01,-3.162485956919559027e-01,-1.049479178107237454e+00,1.843691876942697982e+00
-8.723191354125074681e-02,1.313866175966958982e+00,1.036227541468557556e+00,-2.687381981554133881e-01,1.585717018679855539e-01
8.762747591769931566e-01,-4.276003264892270783e-01,-2.382132279238522582e-02,-8.693081827337392209e-01,8.835836123987253488e-02
-1.860531107431218634e-01,-6.609927443441798722e-01,5.610332230067560655e-01,-5.089661919867439765e-01,-3.329216825288056070e-01
6.168691165220806516e-01,-4.724834837690257139e-01,8.900139050187723111e-01,1.516607910494142120e-01,-2.627083419006925880e-01
6.099988226155701743e-02,-2.570443288259925407e-01,3.119771860877997849e+00,1.653085752495228711e+00,1.703265195686471944e+00
4.809899703695086903e-01,-5.083900095928646223e-01,9.265673141312193994e-01,-1.019450678878320637e+00,-4.733483637850316450e-01
3.698161235174039496e-01,-5.532731668726632579e-01,-8.279963232662029826e-01,-7.491941858180745095e-01,-4.031350231569186260e-01
1.073917153580733252e+00,-3.916938006653883364e-01,1.584528678155251891e+00,-2.851020432408395491e-02,5.096384050085506212e-01
1.259206898334241709e+00,-5.891796926965021663e-01,-5.721224594790794704e-01,-1.049479178107237454e+00,-2.627083419006925880e-01
9.009800584774604326e-01,-7.507590589037771434e-01,1.218994587030790111e+00,9.023732717723214058e-01,8.835836123987253488e-02
7.156903137239517543e-01,-6.071329556084216206e-01,-2.382132279238522582e-02,-1.185957020108319715e-01,4.394250643804376577e-01
8.392168102262901330e-01,-4.545302208571062597e-01,-2.382132279238522582e-02,-6.891371873602420983e-01,2.989983831242116197e-01
9.380380074281612357e-01,-7.238291645358979620e-01,1.218994587030790111e+00,1.518294904832759827e-03,2.264971920711376097e+00
6.292217661723142896e-01,-4.814601152249854410e-01,1.036227541468557556e+00,-1.486242012397486767e-01,7.202784268928896783e-01
5.921638172216133755e-01,-4.724834837690257139e-01,1.589457227698472530e-01,3.018032871939956285e-01,1.814502061175951239e-02
3.451108242169345641e-01,-6.250862185203411858e-01,1.730742314605037135e+00,-1.199621674251818870e+00,7.202784268928896783e-01
6.099988226155701743e-02,-6.161095870643814587e-01,6.706934503440943329e-01,-4.489091935289115654e-01,-1.222816606444665360e-01
8.570518156202425186e-02,-7.507590589037771434e-01,-9.742099597159882274e-01,-1.199621674251818870e+00,-1.222816606444665360e-01
1.506259891338920687e+00,1.484422173630194131e+00,5.244798138943089771e-01,-1.890277156516893653e+00,1.984118558198924021e+00
6.909850144234845892e-01,-5.622497983286229850e-01,-2.065883683546160809e-01,-9.894221796494049315e-01,1.211771811289680922e+00
5.056952696699759109e-01,1.349772701790797891e+00,-9.011031414910956050e-01,-2.086811996975810601e-01,-6.839883856693707020e-01
1.086269803230969000e+00,-4.006704321213480635e-01,8.169070867938796887e-01,-1.349764170396400287e+00,8.835836123987253488e-02
2.957002256160000675e-01,1.475445542174234070e+00,-2.796951865795087588e-01,-5.990516896734929819e-01,2.287850424960985729e-01
6.099988226155701743e-02,-5.083900095928646223e-01,-9.742099597159882274e-01,-7.491941858180745095e-01,5.096384050085506212e-01
1.493907241688687160e+00,1.529305330909992433e+00,2.686059501071854649e-01,-1.786527004686654096e-01,7.904917675210026973e-01
1.703902285742662892e+00,1.125356915391804824e+00,-3.162485956919559027e-01,-1.049479178107237454e+00,1.585717018679855539e-01
1.110975102531436276e+00,-5.891796926965021663e-01,-9.011031414910956050e-01,-1.049479178107237454e+00,8.835836123987253488e-02
1.358028095536112811e+00,-2.839742231938715555e-01,1.223923136574001092e-01,-2.086811996975810601e-01,2.287850424960985729e-01
1.160385701132370606e+00,-5.442965354167035308e-01,-3.528020048044014367e-01,-6.290801889024096871e-01,5.798517456366636402e-01
6.099988226155701743e-02,-5.442965354167035308e-01,-1.193530414390666206e+00,-2.130505150348223520e+00,-5.435617044131446640e-01
1.024506554979798700e+00,-6.161095870643814587e-01,8.534604959063267771e-01,-6.891371873602420983e-01,-4.031350231569186260e-01
1.012153905329565173e+00,-5.263432725047840766e-01,1.954991318822927870e-01,-1.650049162685563120e+00,7.904917675210026973e-01
9.503906570783948737e-01,-3.916938006653883364e-01,1.145887768805897489e+00,-7.191656865891576933e-01,1.071345130033454884e+00
9.133327081276939596e-01,-5.981563241524618935e-01,-4.259088230292940591e-01,-9.293651811915726313e-01,1.281985151917793830e+00
6.909850144234845892e-01,-5.442965354167035308e-01,3.417127683320780873e-01,3.018032871939956285e-01,1.141558470661567792e+00
1.506259891338920687e+00,-5.712264297845827121e-01,-2.431417774670632248e-01,-9.593936804204882263e-01,1.281985151917793830e+00
3.574634738671681466e-01,-3.288573804736701911e-01,1.145887768805897489e+00,-8.092511842759068097e-01,1.585717018679855539e-01
8.886274088272267946e-01,-8.135954790954953442e-01,4.879264047818634431e-01,-8.392796835048235149e-01,5.798517456366636402e-01
-7.789802939543485349e-01,-1.253450420437521640e+00,-3.679162234037014478e+00,-2.671018136468716886e+00,-8.244150669255967401e-01
-8.283908925552829761e-01,-1.109824317142166006e+00,-3.162485956919559027e-01,-1.049479178107237454e+00,8.835836123987253488e-02
-4.454587533980321479e-01,-8.764318992872132119e-01,-1.266637232615559050e+00,-8.092511842759068097e-01,1.814502061175951239e-02
8.268641605760564950e-01,-9.751748453027702102e-01,-1.632171323740022384e+00,-4.489091935289115654e-01,-4.031350231569186260e-01
-7.789802939543485349e-01,-1.082894422774286936e+00,-7.548895050413102492e-01,-1.486242012397486767e-01,-8.946284075537097591e-01
-1.026033286959025181e+00,-7.956422161835757789e-01,5.975866321192015995e-01,-1.486242012397486767e-01,2.989983831242116197e-01
-7.789802939543485349e-01,-1.011081371126609119e+00,7.072468594565414213e-01,-4.188806942999948602e-01,-1.222816606444665360e-01
1.351157801629586930e-01,-1.190614000245803661e+00,-2.436346324213841008e+00,-1.349764170396400287e+00,-1.526548473206726930e+00
-7.789802939543485349e-01,-1.046987896950448027e+00,-1.632171323740022384e+00,3.154679413374947283e-02,-1.526548473206726930e+00
4.192267221183384462e-01,-1.253450420437521640e+00,-2.382132279238522582e-02,-7.491941858180745095e-01,7.202784268928896783e-01
-9.766226883580886309e-01,-1.029034634038528573e+00,-2.253579278651609119e+00,-8.092511842759068097e-01,3.599025392645523791e+00
-8.778014911562196376e-01,-6.520161128882201451e-01,-5.721224594790794704e-01,2.717747879650789233e-01,2.287850424960985729e-01
1.061564503930499503e+00,-7.417824274478174162e-01,1.109334359693450400e+00,1.653085752495228711e+00,-9.648417481818227781e-01
6.045164668718470136e-01,-6.071329556084216206e-01,-4.624622321417395931e-01,1.352800760206065656e+00,-8.946284075537097591e-01
-1.311601563984686643e-02,-5.981563241524618935e-01,8.534604959063267771e-01,3.154510713941042876e+00,2.756465305108167563e+00
-1.285438929613935466e+00,-1.118800948598125844e+00,-2.431417774670632248e-01,4.519457833385771006e-01,8.835836123987253488e-02
-1.656018419120952823e+00,-4.096470635773077906e-01,-1.632171323740022384e+00,-1.049479178107237454e+00,-1.924950012725795412e-01
3.629458296108759030e-02,-1.289356946261360548e+00,-2.399792915101394364e+00,-1.049479178107237454e+00,-9.648417481818227781e-01
-1.433670725416743341e+00,4.969927134746244257e-01,-4.990156412541867370e-01,-4.489091935289115654e-01,8.607051081491157163e-01
-8.283908925552829761e-01,-1.208567263157723115e+00,-1.522511096402683339e+00,-1.409821168854232587e+00,2.545825283223828173e+00
-3.713428554966304862e-01,1.376702596158677183e+00,1.223923136574001092e-01,1.052515767916902822e+00,8.835836123987253488e-02
-1.236028331013001136e+00,-1.271403683349441094e+00,-1.339744050840451672e+00,-1.486242012397486767e-01,-9.648417481818227781e-01
-3.466375561961610452e-01,-4.724834837690257139e-01,-6.086758685915248934e-01,-2.086811996975810601e-01,-9.648417481818227781e-01
-1.137207133811130033e+00,-1.082894422774286936e+00,5.244798138943089771e-01,1.352800760206065656e+00,-1.526548473206726930e+00
6.099988226155701743e-02,1.367725964702717345e+00,-1.700349592421705469e-01,9.023732717723214058e-01,-1.035055088809935908e+00
-1.433670725416743341e+00,-1.298333577717320164e+00,7.803536776814341547e-01,-4.489091935289115654e-01,-4.031350231569186260e-01
-4.084008044473313448e-01,-1.217543894613682731e+00,-4.624622321417395931e-01,-4.489091935289115654e-01,-5.206832001635351009e-02
-1.038385936609258930e+00,-6.520161128882201451e-01,-2.065883683546160809e-01,9.924587694590705222e-01,-6.839883856693707020e-01
-1.668371068771186350e+00,-5.981563241524618935e-01,9.265673141312193994e-01,1.953370744784391544e+00,-8.244150669255967401e-01
-1.680723718421419877e+00,-2.480676973700326193e-01,3.417127683320780873e-01,6.321167787120752779e-01,-1.105268429438048816e+00
-1.137207133811130033e+00,-9.033617936550923933e-01,-2.431417774670632248e-01,1.232686763290401055e+00,-2.088255198231631304e+00
-1.137207133811130033e+00,-4.545302208571062597e-01,-1.700349592421705469e-01,-2.987666973843301488e-01,-1.315908451322387984e+00
-1.236028331013001136e+00,-7.417824274478174162e-01,1.954991318822927870e-01,7.522307756277399893e-01,-9.648417481818227781e-01
-3.836955051468640687e-01,-7.238291645358979620e-01,-3.893554139168485806e-01,3.618602856518280397e-01,-1.386121791950500892e+00
-8.778014911562196376e-01,4.431329247388660630e-01,-5.355690503666322710e-01,-4.489091935289115654e-01,-8.244150669255967401e-01
-1.705429017721889373e+00,-3.109041175617507369e-01,-3.162485956919559027e-01,-4.489091935289115654e-01,-1.222816606444665360e-01
-6.554537974520080468e-01,-7.328057959918576891e-01,-6.086758685915248934e-01,-1.486242012397486767e-01,4.371372139554766889e+00
-1.470728674367444144e+00,-1.942079086342742567e-01,1.365208223480575356e+00,6.020882794831585727e-01,2.405398601967602357e+00
-8.778014911562196376e-01,-8.315487420074147984e-01,-1.412850869065344295e+00,-1.049479178107237454e+00,-1.035055088809935908e+00
-7.789802939543485349e-01,-1.136754211510045298e+00,-9.742099597159882274e-01,-2.987666973843301488e-01,-8.244150669255967401e-01
-8.778014911562196376e-01,7.483383942414965073e-01,-5.721224594790794704e-01,-4.489091935289115654e-01,-8.244150669255967401e-01
-1.137207133811130033e+00,-2.301144344581131651e-01,-2.436346324213841008e+00,-5.990516896734929819e-01,-1.924950012725795412e-01
-4.948693519989688094e-01,-8.943851621991326661e-01,-1.705278141964915006e+00,-2.987666973843301488e-01,-8.244150669255967401e-01
-8.160382429050493380e-01,1.020209294123966826e-01,3.417127683320780873e-01,4.519457833385771006e-01,-1.222816606444665360e-01
-1.458376024717210617e+00,-5.532731668726632579e-01,-1.778384960189807629e+00,1.518294904832759827e-03,-9.648417481818227781e-01
-6.060431988510734946e-01,-5.442965354167035308e-01,-1.412850869065344295e+00,3.018032871939956285e-01,-1.035055088809935908e+00
-7.172170457031782353e-01,1.917872439719935929e-01,-3.528020048044014367e-01,7.522307756277399893e-01,-6.839883856693707020e-01
-9.272120897571540787e-01,-5.442965354167035308e-01,-9.011031414910956050e-01,-1.486242012397486767e-01,-1.386121791950500892e+00
-3.466375561961610452e-01,-5.263432725047840766e-01,-3.162485956919559027e-01,9.023732717723214058e-01,-1.105268429438048816e+00
-9.642700387078549928e-01,-9.392683194789313017e-01,-1.559064505515129540e+00,-1.486242012397486767e-01,-5.435617044131446640e-01
-1.717781667372123122e+00,-8.854085307431729390e-01,1.218994587030790111e+00,1.516607910494142120e-01,-4.031350231569186260e-01
-1.903071412125629358e+00,1.260006387231201064e+00,-1.997705414864484830e+00,1.518294904832759827e-03,5.096384050085506212e-01
-5.936905492008399676e-01,8.406766650047721445e-02,-7.183360959288647152e-01,4.519457833385771006e-01,-8.244150669255967401e-01
-1.532491922618614444e+00,3.084834528994702674e-01,2.023169587504607847e+00,1.516607910494142120e-01,2.287850424960985729e-01
-1.964834660376799658e+00,-1.432983049556716182e+00,4.879264047818634431e-01,4.519457833385771006e-01,-8.244150669255967401e-01
-1.137207133811130033e+00,-8.495020049193342526e-01,4.879264047818634431e-01,9.023732717723214058e-01,-1.105268429438048816e+00
-2.434235347085687895e+00,-7.417824274478174162e-01,-6.086758685915248934e-01,6.020882794831585727e-01,-1.035055088809935908e+00
-1.458376024717210617e+00,-7.776889532716563247e-01,-1.376297459952897873e+00,3.918887848807447449e-01,-9.648417481818227781e-01
-7.172170457031782353e-01,-6.520161128882201451e-01,-6.452292777039720928e-01,9.023732717723214058e-01,5.798517456366636402e-01
-2.848743079449929660e-01,9.817308120964495233e-01,-1.412850869065344295e+00,-1.049479178107237454e+00,-1.386121791950500892e+00
-1.236028331013001136e+00,9.817308120964495233e-01,-1.339744050840451672e+00,-1.486242012397486767e-01,-8.946284075537097591e-01
-1.915424061775865328e+00,5.713777213259782495e-02,1.954991318822927870e-01,1.516607910494142120e-01,-2.627083419006925880e-01
-1.779544915623291201e+00,-2.570443288259925407e-01,3.156325269990443161e+00,2.704083225507298849e+00,1.352198492545906960e+00
-7.172170457031782353e-01,1.879393957692421457e+00,1.328654814368128267e+00,2.103513240928973183e+00,1.585717018679855539e-01
6.099988226155701743e-02,3.109192467158903739e+00,-8.645497323786500710e-01,6.020882794831585727e-01,-9.648417481818227781e-01
-1.396612776466042538e+00,1.771674380220904732e+00,8.583890454495458899e-02,4.519457833385771006e-01,-1.245695110694274854e+00
-1.149559783461363560e+00,-1.583013828104353204e-01,-7.183360959288647152e-01,4.519457833385771006e-01,-1.035055088809935908e+00
-7.048643960529447083e-01,-7.238291645358979620e-01,-2.796951865795087588e-01,6.020882794831585727e-01,-9.648417481818227781e-01
-1.495433973667913641e+00,-1.852312771783147238e-01,1.511421859930359268e+00,2.704083225507298849e+00,-5.435617044131446640e-01
-7.789802939543485349e-01,-6.340628499763009129e-01,-2.431417774670632248e-01,1.502943256350647294e+00,-8.244150669255967401e-01
-1.186617732412066584e+00,1.762697748764945116e+00,4.928549543250744513e-02,7.522307756277399893e-01,-1.386121791950500892e+00
-1.737004610928882531e-01,-8.854085307431729390e-01,-1.700349592421705469e-01,-4.489091935289115654e-01,1.562838514430245906e+00
-1.489951617924188121e-01,5.867590280342217524e-01,1.223923136574001092e-01,1.516607910494142120e-01,2.989983831242116197e-01
-2.354637093440563322e-01,-2.365191097103955600e-02,1.223923136574001092e-01,1.352800760206065656e+00,-1.222816606444665360e-01
-3.713428554966304862e-01,1.089450389567965916e+00,-2.382132279238522582e-02,6.020882794831585727e-01,4.394250643804376577e-01
-6.060431988510734946e-01,-9.841514767587299373e-01,-4.259088230292940591e-01,-5.990516896734929819e-01,-1.035055088809935908e+00
-4.948693519989688094e-01,1.109975608683562154e-01,-6.086758685915248934e-01,-2.987666973843301488e-01,-4.031350231569186260e-01
-9.272120897571540787e-01,2.139716269915253211e+00,6.341400412316487989e-01,4.519457833385771006e-01,-7.542017262974837211e-01
-5.813378995506063296e-01,2.848870154936071764e+00,9.996741323561121328e-01,1.653085752495228711e+00,-2.627083419006925880e-01
6.045164668718470136e-01,1.125356915391804824e+00,-6.452292777039720928e-01,1.518294904832759827e-03,-8.244150669255967401e-01
-1.984057603933554736e-01,5.598291336663423490e-01,8.900139050187723111e-01,1.352800760206065656e+00,8.835836123987253488e-02
-8.723191354125074681e-02,4.251796618269466088e-01,1.218994587030790111e+00,4.519457833385771006e-01,-2.627083419006925880e-01
4.439320214188056668e-01,2.007638754279535143e-01,-6.037473190483074598e-02,1.516607910494142120e-01,-7.542017262974837211e-01
6.415744158225479277e-01,7.483383942414965073e-01,1.292101405255682733e+00,1.202658264061484239e+00,-1.924950012725795412e-01
7.651009123248861954e-01,2.346178793402327489e+00,-6.037473190483074598e-02,1.516607910494142120e-01,-5.435617044131446640e-01
-9.272120897571540787e-01,1.385679227614636799e+00,-6.086758685915248934e-01,-2.987666973843301488e-01,8.607051081491157163e-01
1.968790284141289648e-01,1.107403652479885370e+00,-7.914429141537574486e-01,4.519457833385771006e-01,1.585717018679855539e-01
1.086269803230969000e+00,2.426968476505964922e+00,-4.990156412541867370e-01,1.516607910494142120e-01,-1.386121791950500892e+00
-1.613478114426546428e-01,2.040973323899696990e+00,4.148195865569707652e-01,6.020882794831585727e-01,-9.648417481818227781e-01
3.945214228178712257e-01,8.111748144332148192e-01,4.928549543250744513e-02,6.020882794831585727e-01,-5.435617044131446640e-01
9.805783121225786214e-02,1.403632490526556253e+00,-2.382132279238522582e-02,6.020882794831585727e-01,9.309184487772288463e-01
6.168691165220806516e-01,7.034552369616980938e-01,9.265673141312193994e-01,1.352800760206065656e+00,1.633051855058359036e+00
-2.601690086445257455e-01,2.995068214435103737e-01,4.148195865569707652e-01,7.522307756277399893e-01,8.607051081491157163e-01
1.351157801629586930e-01,-3.916938006653883364e-01,1.401761632593020890e+00,1.803228248639810127e+00,1.141558470661567792e+00
2.833475759657664850e-01,8.650346031689728488e-01,-3.162485956919559027e-01,-2.987666973843301488e-01,-1.222816606444665360e-01
-5.195746512994360300e-01,-9.392683194789313017e-01,-9.742099597159882274e-01,1.516607910494142120e-01,2.287850424960985729e-01
2.092316780643626029e-01,2.561617948345360940e+00,-1.700349592421705469e-01,7.522307756277399893e-01,-4.733483637850316450e-01
1.036859204630032449e+00,1.601118382557670472e+00,4.928549543250744513e-02,1.518294904832759827e-03,-7.542017262974837211e-01
-6.801590967524774323e-01,6.226655538580603277e-01,9.996741323561121328e-01,2.253655737073554377e+00,-1.924950012725795412e-01
1.654491687141726342e+00,-5.891796926965021663e-01,1.218994587030790111e+00,1.653085752495228711e+00,-1.222816606444665360e-01
5.921638172216133755e-01,-5.981563241524618935e-01,9.996741323561121328e-01,9.023732717723214058e-01,-7.542017262974837211e-01
-7.913329436045821730e-01,1.340796070334838275e+00,4.928549543250744513e-02,4.519457833385771006e-01,-8.244150669255967401e-01
8.515694598765237711e-01,8.291280773451339403e-01,6.341400412316487989e-01,1.516607910494142120e-01,5.096384050085506212e-01
-1.860531107431218634e-01,8.381047088010937784e-01,7.803536776814341547e-01,7.522307756277399893e-01,4.394250643804376577e-01
-5.017396459054770941e-02,9.996840750083689775e-01,-6.037473190483074598e-02,-2.987666973843301488e-01,4.394250643804376577e-01
9.627433067286285118e-01,3.802965045471477512e-01,-2.431417774670632248e-01,7.522307756277399893e-01,-6.839883856693707020e-01
9.009800584774604326e-01,1.816557537500703923e+00,-3.893554139168485806e-01,9.023732717723214058e-01,-8.244150669255967401e-01
5.551058682709103520e-01,1.224099861407362155e+00,8.534604959063267771e-01,1.052515767916902822e+00,7.904917675210026973e-01
-2.231110596938227220e-01,9.278710233606911606e-01,-2.431417774670632248e-01,1.518294904832759827e-03,-8.244150669255967401e-01
7.156903137239517543e-01,2.187171383398729685e-01,1.182441177918343023e+00,1.502943256350647294e+00,3.692117237523246387e-01
4.933426200197423284e-01,2.031996692443736485e+00,1.803849132829929758e+00,1.653085752495228711e+00,8.607051081491157163e-01
-9.889753380083243783e-01,6.226655538580603277e-01,-1.700349592421705469e-01,-1.486242012397486767e-01,-2.627083419006925880e-01
-2.848743079449929660e-01,4.816114067663829212e-02,-3.162485956919559027e-01,1.518294904832759827e-03,-9.648417481818227781e-01
1.432143993437516860e+00,1.558807181481546567e-01,4.148195865569707652e-01,1.516607910494142120e-01,-6.137750450412576830e-01
8.762747591769931566e-01,2.974542995319508165e+00,3.051593592196326088e-01,3.018032871939956285e-01,-3.329216825288056070e-01
4.933426200197423284e-01,1.412609121982516314e+00,4.148195865569707652e-01,1.052515767916902822e+00,1.585717018679855539e-01
3.327581745667009261e-01,1.744744485853026106e+00,-3.893554139168485806e-01,1.516607910494142120e-01,1.422411833174019868e+00
2.092316780643626029e-01,2.276937697958325013e-01,1.273208632006191977e-02,1.516607910494142120e-01,1.422411833174019868e+00
1.395086044486816057e+00,1.583165119645750574e+00,1.365208223480575356e+00,1.502943256350647294e+00,-2.627083419006925880e-01
