-0.00036629068,-2.54398e-06,-1.2505331e-05,-5.832526e-05,0.00025677262,-0.00011215902,0.0001427866,-6.563351e-07,0.00020233163,1.6426156e-05,-4.513048e-05,-5.0453313e-05,-2.2358483e-05,-4.8172213e-05,-0.000113572496,2.1847536e-05,-4.6213652e-05,-2.5212248e-05,-3.5386744e-05,-2.8788209e-06,1.2649945e-05,0.00010561975,0.00041048857,0.00063391123,0.00030415197,-4.1687286e-05,-6.9637594e-05,-6.3134874e-05,-5.160655e-06,3.251791e-05,7.834098e-05,0.0019797008,-2.8963621e-05,-3.1912932e-05,-1.3913594e-05,8.446407e-05,0.00016243717,0.00012589773,-1.2798556e-05,3.0958865e-06,1.3324162e-05,1.0036223e-05,1.1391667e-05,1.9617397e-05,6.140256e-05,0.00015587504,0.00020868304,0.00012223746,-2.1545025e-05,-2.1092344e-05
-0.00037467177,-2.54398e-06,-1.2505331e-05,-6.161302e-05,2.1581234e-05,-0.00011215902,7.079785e-05,-1.4005063e-05,3.7811707e-05,5.821097e-07,-4.6093613e-05,-3.6277357e-05,-6.861426e-06,-4.224215e-05,-0.0001076099,0.000120781784,-3.986691e-05,-1.8604756e-05,-3.0318097e-05,0.00010449728,0.0002513505,0.00031838685,0.00015696844,4.651252e-05,1.2280125e-05,-6.925845e-05,-6.9637594e-05,-6.3134874e-05,-3.1301274e-06,4.23131e-05,0.000107272994,0.0021532718,-2.2584158e-05,-3.5825073e-05,3.188873e-06,-7.124187e-06,0.00010438368,0.00029058638,2.0461111e-06,4.654735e-05,0.00017038619,9.79498e-05,3.8606395e-05,0.00020471052,0.00024197593,0.000109588786,7.191082e-06,-1.664545e-05,-9.057555e-06,-2.1092344e-05
-0.00037467177,-2.54398e-06,-1.2505331e-05,-6.796058e-05,1.2385061e-05,-0.00011215902,7.201265e-05,2.9722585e-05,0.002406863,0.00014092961,-5.947515e-05,-6.50635e-05,-3.8419264e-05,-3.6144855e-05,-0.00011109506,-2.4271409e-05,-2.9126364e-05,1.011655e-06,2.440902e-05,7.465181e-07,2.7055494e-05,0.00018383721,0.0009203755,0.0026166437,0.0009629935,9.0154695e-05,-6.3793574e-05,-5.651355e-05,9.689089e-06,0.00020395368,0.000117926174,4.7493028e-05,2.9731631e-05,-3.5016615e-06,-1.5460204e-05,0.0001450887,0.00015373497,8.3749976e-05,3.463702e-06,0.00011366345,0.00018948002,2.869505e-05,0.00010772266,2.01704e-05,7.627718e-05,0.0002770412,0.0006396581,0.00045032092,-1.9655727e-05,-2.1092344e-05
-0.00037467177,-2.54398e-06,-1.2505331e-05,-6.793444e-05,1.8157756e-05,-0.00011215902,0.00014038118,1.8645193e-05,0.00094462995,4.805746e-05,-5.947515e-05,-5.8197325e-05,-3.1720072e-05,-3.3487202e-05,-0.00010725459,-1.3244171e-05,-2.6961587e-05,1.0116787e-06,2.843291e-05,4.396557e-05,0.000180428,0.0007801106,0.002193237,0.0008055652,0.00020531552,-2.214126e-05,-6.659545e-05,-6.0005677e-05,1.1220073e-05,0.00026730305,0.00023630963,0.000107997075,2.4197781e-05,-1.3939639e-05,-6.5023596e-06,8.774878e-05,0.00023242005,0.00023191805,7.697834e-06,0.00021539774,0.00056341634,9.335807e-05,0.00025669555,0.000105500985,0.0002910877,0.0004717064,0.00026575278,8.073054e-05,-1.256085e-05,-2.1092344e-05
-0.00034433522,-2.54398e-06,-1.2505331e-05,-5.7666868e-05,0.0011790576,-0.00011215902,0.00039387855,0.00011269489,0.0008214608,8.826736e-05,-3.9875016e-05,-6.2187435e-05,-3.5504156e-05,-4.8172213e-05,-0.000112951115,-1.562571e-05,-4.6213652e-05,-2.2124786e-05,-3.5078643e-05,-2.1058928e-05,-3.332632e-05,-3.319894e-05,4.2301806e-05,0.00034748839,0.0015625312,0.00010815666,-6.51018e-05,-5.7392106e-05,-2.0286357e-06,6.693698e-05,0.00017384521,0.0011353417,-3.7154277e-05,-2.703007e-05,-2.3547955e-05,0.0001013602,2.264799e-05,2.8506338e-06,-1.5398848e-05,-3.951327e-06,-5.5165365e-06,-4.567745e-06,2.3186365e-05,-1.2351497e-05,-1.9727617e-05,-2.7331816e-06,0.00012180021,0.000526005,-2.8349239e-05,-2.1092344e-05
-0.00037467177,-2.54398e-06,-1.2505331e-05,-6.893514e-05,7.904162e-06,-0.00011215902,9.6522446e-05,4.4825578e-05,0.0025457772,0.000162234,-5.947515e-05,-6.50635e-05,-3.8419264e-05,-3.5463876e-05,-0.000110434026,-2.529167e-05,-2.6661677e-05,1.3866496e-05,6.478374e-05,1.443973e-05,7.4780015e-05,0.00037581145,0.0017415611,0.0022632615,0.00056224887,8.1996506e-05,-6.1953484e-05,-5.4271186e-05,1.5118673e-05,0.00026295468,0.00012953568,3.809093e-05,6.035075e-05,4.760799e-07,-1.194643e-05,0.00019342621,0.00023558357,0.0001309825,7.0158117e-06,0.00019793987,0.0002778072,4.100967e-05,0.00013906932,3.471595e-05,0.00012670911,0.00045441804,0.00094305346,0.00047206512,-1.6957285e-05,-2.1092344e-05
-0.00037467177,-2.54398e-06,-1.2505331e-05,-6.7463014e-05,1.94515e-05,-0.00011215902,0.00021107767,7.2216276e-06,0.00022195672,1.9554716e-05,-5.947515e-05,-4.463394e-05,-1.8708992e-05,-3.1673426e-05,-0.00010186956,6.7184237e-06,-2.3492472e-05,5.6862312e-08,2.3984632e-05,0.00021630945,0.0007563043,0.0012870429,0.00043356585,0.000108651075,2.7919747e-05,-6.077289e-05,-6.9637594e-05,-6.3134874e-05,8.491537e-06,0.0002139293,0.00036907423,0.0003162272,4.6888795e-06,-2.3763945e-05,4.0959917e-06,8.177802e-06,0.00014096263,0.00033411203,1.2042646e-05,0.00027992323,0.0010920387,0.00029042712,0.0003971701,0.0003078488,0.000489206,0.0002654313,5.8983675e-05,-3.955875e-07,-2.987055e-06,-2.1092344e-05
-0.00037467177,-2.54398e-06,-1.2505331e-05,-6.788602e-05,1.9325184e-05,-0.00011215902,0.00018874847,2.8899609e-05,0.0009773325,5.2141313e-05,-5.947515e-05,-5.8189537e-05,-3.1762465e-05,-3.3085063e-05,-0.00010631497,-1.4471608e-05,-2.5175172e-05,6.97091e-06,4.8685084e-05,6.211831e-05,0.000248214,0.0010600411,0.0021141695,0.00060784124,0.00015645017,-2.957177e-05,-6.6546505e-05,-5.9993366e-05,1.7094915e-05,0.0003770066,0.0002784121,8.369616e-05,4.2814405e-05,-1.28739175e-05,-9.824194e-07,9.171752e-05,0.00029037628,0.00033995675,1.2961639e-05,0.00040518626,0.0009548592,0.000115318304,0.00036758807,0.00016106857,0.00045924998,0.00064823485,0.00027703724,7.2455965e-05,-8.2310235e-06,-2.1092344e-05
-0.00037467177,-2.54398e-06,-1.2505331e-05,-7.190352e-05,-6.241928e-07,-0.00011215902,0.000118155505,2.566769e-05,0.001757681,7.515146e-05,-5.947515e-05,-6.176903e-05,-3.516892e-05,-3.2930737e-05,-0.00010642399,-1.9812696e-05,-2.3221311e-05,2.1561418e-05,9.7876655e-05,7.051719e-05,0.00028819073,0.0012767768,0.0025437716,0.00071894383,0.0001773443,-9.097733e-06,-6.323825e-05,-5.6577792e-05,1.5947058e-05,0.0002693628,0.00013318194,3.9363757e-05,9.952054e-05,-4.7131475e-06,-5.9716094e-06,9.051996e-05,0.00023729027,0.00023644694,1.2674107e-05,0.00038427362,0.0005089254,0.00010304317,0.00019257845,0.00012835473,0.00038397522,0.00067920407,0.00035864033,0.000103584294,-9.816896e-06,-2.1092344e-05
-0.00037467177,-2.54398e-06,-1.2505331e-05,-6.8232395e-05,1.0547777e-05,-0.00011215902,8.059342e-05,6.438508e-05,0.002496362,0.00029751717,-5.947515e-05,-6.50635e-05,-3.8419264e-05,-3.8413218e-05,-0.00011379171,-3.0154955e-05,-2.7426186e-05,1.4897116e-05,6.127226e-05,1.0838654e-06,2.7822367e-05,0.00018619162,0.0009292975,0.002640547,0.00097191543,0.00026477952,-5.891399e-05,-4.901511e-05,1.5782018e-05,0.0002161696,8.5425934e-05,2.2323971e-05,7.683772e-05,1.878753e-05,-1.5675634e-05,0.00023220458,0.00016413766,7.008228e-05,6.2745326e-06,0.00017069816,0.00019798832,1.3800375e-05,0.000116635645,1.1478285e-05,5.3293625e-05,0.00024220503,0.00093595794,0.0011598871,-2.0094189e-05,-2.1092344e-05
-0.00037467177,-2.54398e-06,-1.2505331e-05,-6.5796434e-05,3.1045216e-05,-0.00011215902,0.0002513005,4.1536947e-05,0.00094550976,5.5584238e-05,-5.947515e-05,-5.825903e-05,-3.1865093e-05,-3.280027e-05,-0.00010545712,-1.5890759e-05,-2.3402288e-05,1.4000951e-05,7.39285e-05,6.5250846e-05,0.00026588823,0.0011675565,0.0023382907,0.000660286,0.00016518636,-2.1191716e-05,-6.499501e-05,-5.8429625e-05,2.0143229e-05,0.00047224257,0.00041521617,0.000105979554,4.5924895e-05,-1.043409e-05,1.5497017e-06,0.00016127652,0.00043599724,0.00040969235,1.0819567e-05,0.00031929562,0.00086193206,9.4535106e-05,0.00034481444,0.00014533669,0.00047314639,0.00093860313,0.0004478115,0.00012056625,-8.103335e-06,-2.1092344e-05
-0.00037467177,-2.54398e-06,-1.2505331e-05,-7.012663e-05,-1.2286242e-06,-0.00011215902,8.198792e-05,6.5560234e-05,0.002525371,0.0003010934,-5.947515e-05,-6.50635e-05,-3.8419264e-05,-3.8098282e-05,-0.000113510156,-3.0251687e-05,-2.6010988e-05,2.4049674e-05,8.7318636e-05,7.371104e-06,4.8711758e-05,0.00026719956,0.001277981,0.00256322,0.0007380158,0.000213417,-5.8570087e-05,-4.8847753e-05,1.6347602e-05,0.00019228274,6.9300826e-05,1.7381122e-05,0.00014081945,2.7881395e-05,-1.4188652e-05,0.00023176303,0.00019453302,8.948043e-05,7.434991e-06,0.00018911765,0.00019040426,1.5828095e-05,0.00010460199,1.9147581e-05,7.846649e-05,0.000329089,0.0011482153,0.0009637669,-1.8556186e-05,-2.1092344e-05
-0.00037467177,-2.54398e-06,-1.2505331e-05,-6.896969e-05,7.373167e-06,-0.00011215902,9.8411336e-05,4.5961064e-05,0.0025811703,0.00016464143,-5.947515e-05,-6.50635e-05,-3.8419264e-05,-3.3449218e-05,-0.000107802676,-2.3233864e-05,-2.3940844e-05,2.6429941e-05,0.000109486515,2.4090145e-05,0.000110100824,0.00052144047,0.002258732,0.0017783621,0.00042482236,8.69809e-05,-6.006715e-05,-5.1758743e-05,2.2333403e-05,0.000287045,0.00010844662,2.3200128e-05,0.00013001743,1.0993858e-05,-7.419513e-06,0.00023813383,0.00034840303,0.00020232436,9.455524e-06,0.000250553,0.0002587326,4.35125e-05,0.00017666501,5.5030465e-05,0.00020123505,0.00074365083,0.0012953249,0.00045452412,-1.3699196e-05,-2.1092344e-05
-0.00037467177,-2.54398e-06,-1.2505331e-05,-7.0130576e-05,-1.3095811e-06,-0.00011215902,6.4635926e-05,4.6978443e-05,0.002648915,0.00026328192,-5.947515e-05,-6.50635e-05,-3.8419264e-05,-3.8046688e-05,-0.00011345373,-3.0195266e-05,-2.5907524e-05,2.4367799e-05,8.8075176e-05,1.4827786e-05,7.494097e-05,0.00037244902,0.00172049,0.002239878,0.0005566746,0.00016424725,-5.8292386e-05,-4.886235e-05,1.6347596e-05,0.00016635514,5.4722084e-05,1.3335433e-05,0.0001859684,3.1906755e-05,-1.2832927e-05,0.00021913156,0.00022055526,0.000110622124,8.546912e-06,0.00020304606,0.0001767181,1.7973282e-05,0.00010544315,2.8729628e-05,0.000110619185,0.0004393114,0.0013018474,0.0007651884,-1.6901955e-05,-2.1092344e-05
-0.00037467177,-2.54398e-06,-1.2505331e-05,-7.190352e-05,-1.010368e-06,-0.00011215902,0.00015944288,3.8963637e-05,0.0018531937,8.377989e-05,-5.947515e-05,-6.175361e-05,-3.5201458e-05,-3.1998545e-05,-0.00010456879,-2.131032e-05,-1.9205243e-05,4.750876e-05,0.00019244017,0.00013152258,0.0005357058,0.002229647,0.0017324163,0.00040090134,0.00010071495,-2.8845483e-05,-6.3078136e-05,-5.6627596e-05,2.2698525e-05,0.00033078302,0.0001382871,3.1085696e-05,0.0001862728,7.974961e-07,-7.544845e-08,9.583622e-05,0.00029888007,0.00034920836,1.6805874e-05,0.000491827,0.00043096647,9.934095e-05,0.00024229912,0.00019470106,0.0006114163,0.000937618,0.00036001933,9.1311405e-05,-4.714218e-06,-2.1092344e-05
-0.00037467177,-2.54398e-06,-1.2505331e-05,-6.794514e-05,1.8485794e-05,-0.00011215902,0.00025600183,4.280849e-05,0.00096097233,5.66715e-05,-5.947515e-05,-5.6076613e-05,-3.0081888e-05,-3.0825104e-05,-0.00010183457,-1.6130973e-05,-1.8011051e-05,3.6647463e-05,0.00015863364,0.00017213185,0.0007067379,0.0025160958,0.0012667666,0.00028978597,7.271056e-05,-3.775641e-05,-6.314266e-05,-5.6796183e-05,3.2904012e-05,0.0007100414,0.00039143758,6.258426e-05,8.7715685e-05,-8.882271e-06,6.717993e-06,9.0694644e-05,0.0003427014,0.00049482594,2.0557778e-05,0.00078600296,0.0013214997,0.00015432911,0.0005043496,0.00028346915,0.00095761445,0.0011378241,0.0003218964,7.218556e-05,8.081975e-07,-2.1092344e-05
-0.00037467177,-2.54398e-06,-1.2505331e-05,-7.046995e-05,7.5323635e-07,-0.00011215902,0.00012863934,6.580309e-05,0.002500187,0.00018584357,-5.947515e-05,-6.50635e-05,-3.8419264e-05,-3.272994e-05,-0.0001063842,-2.4443934e-05,-2.0349411e-05,5.464723e-05,0.00020614162,5.226986e-05,0.0002173973,0.0009760001,0.0027424947,0.0010014548,0.00024228483,3.6399637e-05,-5.9576316e-05,-5.19434e-05,3.0456338e-05,0.00031797902,0.00010466417,1.7805814e-05,0.00025828255,2.4149092e-05,-5.2352084e-06,0.00020245608,0.00036092,0.00024388975,1.5356152e-05,0.00038525322,0.0002825447,5.379812e-05,0.0001856849,0.00010968013,0.0004092129,0.0015464148,0.0012055937,0.0003031175,-7.701089e-06,-2.1092344e-05
-0.00037467177,-2.54398e-06,-1.2505331e-05,-6.899875e-05,6.9265197e-06,-0.00011215902,0.00016243134,8.9952395e-05,0.0021719204,0.00020225176,-5.947515e-05,-6.50635e-05,-3.8419264e-05,-3.2850952e-05,-0.00010652638,-2.4575786e-05,-2.0552101e-05,5.392064e-05,0.00020405276,5.0497765e-05,0.00020983329,0.0009380869,0.002649096,0.0009635415,0.00023472082,5.3970438e-05,-5.741694e-05,-4.9395185e-05,3.956726e-05,0.0004762936,0.000156611,2.2313661e-05,0.00025631604,2.3731343e-05,-4.214755e-06,0.0003241131,0.00047991372,0.00025595125,1.8333229e-05,0.0005148611,0.00036683047,3.8253267e-05,0.00023856027,8.777237e-05,0.00033903823,0.001415865,0.0018279254,0.0004490701,-8.593707e-06,-2.1092344e-05
-0.00037467177,-2.54398e-06,-1.2505331e-05,-6.79677e-05,1.8165469e-05,-0.00011215902,0.00034418533,6.017718e-05,0.00088379625,6.0408853e-05,-5.947515e-05,-5.6195804e-05,-3.019586e-05,-2.9885961e-05,-0.00010065817,-1.7399709e-05,-1.5691438e-05,5.2387903e-05,0.0002194633,0.00023469256,0.0009798263,0.0026949171,0.0009620958,0.00021789924,5.406593e-05,-3.9994095e-05,-6.1030885e-05,-5.51535e-05,3.5476874e-05,0.00069114415,0.00031782838,4.8674356e-05,0.00015663673,-4.9849027e-06,1.4023035e-05,0.00011708217,0.00045171467,0.0006790354,2.8007267e-05,0.00123742,0.0015568576,0.00013285881,0.00063856744,0.000421428,0.001541936,0.0011870587,0.00027662987,5.562462e-05,9.788558e-06,-2.1092344e-05
-0.00037467177,-2.54398e-06,-1.2505331e-05,-7.0877286e-05,-6.866979e-06,-0.00011215902,4.6237736e-05,8.208257e-05,0.0018625951,0.0007668542,-5.947515e-05,-6.50635e-05,-3.8419264e-05,-3.8770606e-05,-0.000114306844,-3.2688535e-05,-2.0531936e-05,9.1835995e-05,0.00023552589,1.1752603e-05,6.0253602e-05,0.00029155472,0.0012410574,0.0016103452,0.00044085112,0.00032750153,-5.1042207e-05,-3.960766e-05,2.5891548e-05,0.00014086686,3.404018e-05,5.8005994e-06,0.00038412277,0.0001359277,-1.3205608e-05,0.0003442293,0.00022798554,9.021894e-05,1.0494283e-05,0.00015309354,7.791314e-05,9.807477e-06,6.831266e-05,2.5775977e-05,0.000107262844,0.0004805771,0.002068213,0.0016203966,-1.5041452e-05,-2.1092344e-05
-0.00037467177,-2.54398e-06,-1.2505331e-05,-7.190352e-05,-1.3779949e-06,-0.00011215902,0.00027828768,7.688574e-05,0.0015852355,9.790355e-05,-5.947515e-05,-6.010286e-05,-3.3642646e-05,-2.9747263e-05,-0.00010144695,-2.1906444e-05,-1.2885179e-05,9.563323e-05,0.0003839056,0.0001787642,0.0007383979,0.0026190667,0.0013241417,0.00030190512,7.557737e-05,-2.5484653e-05,-5.8663834e-05,-5.2861404e-05,4.0997704e-05,0.00048792455,0.00016102624,2.3265682e-05,0.0002851839,6.741875e-06,1.1659675e-05,0.00016340225,0.00054319017,0.0006372178,3.0175375e-05,0.001000698,0.0004953357,8.137196e-05,0.00031241955,0.00032657746,0.001226272,0.0015405327,0.0003822005,8.4390325e-05,5.6201216e-06,-2.1092344e-05
-0.0003628882,-2.54398e-06,-1.2505331e-05,-4.5285014e-05,2.4397641e-05,-0.00011215902,3.827685e-05,-1.8659697e-05,7.1934887e-06,-1.1787328e-05,-2.4760111e-05,6.4207874e-05,0.0001460142,-4.2025273e-05,-0.000103793514,0.0011812283,-4.0162773e-05,-2.343018e-05,-4.1552543e-05,0.00043630245,0.0006098301,0.00024925865,4.437645e-05,-3.7354114e-06,-6.752348e-06,-7.4030126e-05,-6.9637594e-05,-6.3134874e-05,-7.076278e-06,5.8430032e-06,2.1245301e-05,0.0002548896,-2.8049186e-05,-4.0426843e-05,0.00012282394,-1.511042e-05,0.000117334566,0.0005759109,-1.2361719e-05,1.0089423e-06,4.141035e-06,5.621743e-05,-4.439148e-07,0.0008505447,0.00032929186,5.4545922e-05,-2.7187993e-05,-3.1422474e-05,2.3751809e-05,-2.1092344e-05
-0.00037467177,-2.54398e-06,-1.2505331e-05,-6.979558e-05,1.1503831e-06,-0.00011215902,6.515545e-05,0.00014627853,0.0010867929,0.00096209504,-5.947515e-05,-6.50635e-05,-3.8419264e-05,-3.9062186e-05,-0.00011468234,-3.264776e-05,-2.2354112e-05,6.954994e-05,0.00019006735,-1.3835764e-06,1.6473397e-05,0.00012795863,0.0005847846,0.0013983919,0.0006274026,0.0006832731,-5.154281e-05,-3.7506485e-05,3.5759644e-05,0.00020536242,5.294246e-05,7.3307833e-06,0.00022050894,0.00014341071,-1.169475e-05,0.0006385827,0.0002980039,9.594353e-05,1.0433425e-05,0.00021083339,0.00013705972,6.0966418e-06,0.00010431281,1.673684e-05,7.630562e-05,0.0003628998,0.0016672942,0.0021705204,-1.637633e-05,-2.1092344e-05
-0.00037467177,-2.54398e-06,-1.2505331e-05,-7.0347014e-05,-3.298545e-06,-0.00011215902,5.6183988e-05,0.00011102211,0.0014533087,0.00088812155,-5.947515e-05,-6.50635e-05,-3.8419264e-05,-3.883903e-05,-0.000114381226,-3.275098e-05,-2.0718844e-05,9.089056e-05,0.00023337213,3.6146805e-06,3.2264525e-05,0.00018208307,0.0007643861,0.0013557721,0.00049233506,0.00051324005,-5.066005e-05,-3.738964e-05,3.409468e-05,0.00016525396,3.966044e-05,5.561552e-06,0.0004034479,0.00018306094,-9.485171e-06,0.0006661972,0.0003766603,0.0001259666,1.3056008e-05,0.00020074165,0.00010038186,7.465466e-06,8.522014e-05,2.6691187e-05,0.0001119631,0.00050768396,0.0021886441,0.0017180087,-1.40430775e-05,-2.1092344e-05
-0.00037467177,-2.54398e-06,-1.2505331e-05,-6.998475e-05,8.710435e-06,-0.00011215902,0.0004611704,8.232183e-05,0.00076940056,6.343297e-05,-5.947515e-05,-5.6406647e-05,-3.0332892e-05,-2.7583463e-05,-9.7827964e-05,-1.9555522e-05,-9.153344e-06,0.000100721845,0.00041299363,0.00042159166,0.0017734044,0.0022557944,0.0005242576,0.00011497623,2.7299498e-05,-4.8635786e-05,-5.826193e-05,-5.3564825e-05,5.1007595e-05,0.00088080065,0.00031243794,3.7572867e-05,0.00025914487,-1.0189466e-06,2.7248101e-05,0.00010264111,0.00046838028,0.0009702271,3.806603e-05,0.0017813002,0.00093711884,0.00015057618,0.00075335376,0.00062466605,0.0021259792,0.0010574922,0.0002264656,4.0218438e-05,2.3183917e-05,-2.1092344e-05
-0.00037467177,-2.54398e-06,-1.2505331e-05,-7.104862e-05,-6.2892987e-06,-0.00011215902,0.00012982052,0.00012664133,0.001767112,0.00037763052,-5.947515e-05,-6.50635e-05,-3.8419264e-05,-3.478355e-05,-0.00010889799,-2.9679226e-05,-1.389466e-05,0.00017033494,0.00048858597,4.6721318e-05,0.00018857009,0.0008093792,0.0022705414,0.00083483383,0.0002134576,9.7135286e-05,-5.2021685e-05,-4.3595e-05,3.7645204e-05,0.00021281614,5.5745062e-05,8.177036e-06,0.00083685823,0.00011314465,-2.4514736e-06,0.0005277841,0.0006251708,0.00026133325,2.2221358e-05,0.00032868356,0.00013427867,1.5587564e-05,0.00010863614,7.10808e-05,0.00027883315,0.0012007627,0.0023939342,0.0006728636,-8.760298e-06,-2.1092344e-05
-0.00037467177,-2.54398e-06,-1.2505331e-05,-7.190352e-05,-1.8479057e-06,-0.00011215902,0.0002817375,7.812281e-05,0.0016025533,9.9092395e-05,-5.947515e-05,-6.015849e-05,-3.3842236e-05,-2.680806e-05,-9.834304e-05,-2.4358273e-05,-8.446756e-07,0.00023101969,0.0009395904,0.000313684,0.0013122755,0.0025697718,0.00070483657,0.0001596626,3.959983e-05,-3.8092796e-05,-5.5506956e-05,-5.108884e-05,5.5812863e-05,0.0005112149,0.00014860994,1.7829887e-05,0.00051346293,1.0719217e-05,2.4248666e-05,0.00014830031,0.00059592084,0.00095530105,3.838346e-05,0.000884721,0.000310704,8.515239e-05,0.0003256193,0.0004833786,0.0018891023,0.0014439082,0.0003210817,6.528286e-05,1.7322536e-05,-2.1092344e-05
-0.00037467177,-2.54398e-06,-1.2505331e-05,-7.03672e-05,-3.7447771e-06,-0.00011215902,6.753821e-05,0.00015043661,0.0011117011,0.0009841592,-5.947515e-05,-6.50635e-05,-3.8419264e-05,-3.851549e-05,-0.00011385317,-3.3075645e-05,-1.732761e-05,0.00014491894,0.00031740323,1.4842547e-05,6.620698e-05,0.0002816513,0.00086794293,0.0007626077,0.00025613263,0.0003132365,-4.777728e-05,-3.4986024e-05,4.2499567e-05,0.0001535503,3.398084e-05,3.703458e-06,0.00074686436,0.00028236018,-9.054597e-06,0.00067756727,0.00038324657,0.00012840451,1.5215395e-05,0.00016961366,6.686776e-05,8.444164e-06,6.803165e-05,3.9613366e-05,0.00016106495,0.0007167452,0.002604945,0.001334625,-1.0791379e-05,-2.1092344e-05
-0.00037467177,-2.54398e-06,-1.2505331e-05,-7.0000846e-05,8.321068e-06,-0.00011215902,0.00046453121,8.312367e-05,0.00077464455,6.3937376e-05,-5.947515e-05,-5.453716e-05,-2.8816065e-05,-2.3734588e-05,-9.167885e-05,-2.0622798e-05,4.3754426e-06,0.00018294503,0.00075622473,0.00055209675,0.0022296892,0.001713491,0.00037424592,7.95143e-05,1.7919874e-05,-5.12011e-05,-5.539809e-05,-5.1815914e-05,7.034166e-05,0.0009886367,0.00028436873,2.808657e-05,0.00027368177,-1.8849644e-06,4.0368588e-05,0.00012280671,0.00057660637,0.0013484244,6.222023e-05,0.0021407814,0.0006172552,0.00011449106,0.0007847042,0.0009057993,0.00246453,0.0008633818,0.00017395838,2.5253903e-05,4.1751715e-05,-2.1092344e-05
-0.00035237928,-2.54398e-06,-1.2505331e-05,-7.190352e-05,4.192677e-05,-0.00010815869,4.297859e-05,0.00040929473,0.0002091594,0.00084661733,-5.38192e-05,-6.50635e-05,-3.8419264e-05,-4.2485513e-05,-0.00011818719,-3.409359e-05,-3.2520304e-05,-8.63795e-06,-6.537471e-06,-3.4023717e-05,-4.2053973e-05,-5.3484844e-05,-3.322039e-05,4.1446798e-05,0.00020607283,0.0004621439,-5.672648e-05,-3.9475537e-05,4.097337e-05,0.0011296401,0.0006543087,6.0323357e-05,-3.3122116e-05,-1.87357e-05,-3.27315e-05,-2.3061162e-05,-2.5564614e-05,-1.5560217e-05,-2.8151248e-06,2.1885013e-05,5.663136e-05,-3.977761e-06,0.0002998973,-2.769108e-05,-3.343792e-05,-4.463827e-05,-1.1877883e-05,0.00013789674,-3.8415306e-05,-2.1092344e-05
-0.00037467177,-2.54398e-06,-1.2505331e-05,-7.190352e-05,-5.7501315e-06,-0.00011215902,3.8779886e-05,0.00016206353,0.0006235204,0.0018526954,-5.947515e-05,-6.50635e-05,-3.8419264e-05,-4.1993546e-05,-0.00011806395,-3.605156e-05,-2.2145288e-05,8.905892e-05,0.00016427954,-4.6646205e-06,2.6836356e-06,6.658966e-05,0.00028484003,0.0005203744,0.00032745805,0.0009280588,-4.7742626e-05,-2.6957106e-05,3.7302158e-05,0.000117597876,2.2661228e-05,1.2109972e-06,0.00029949838,0.00037875937,-1.4653494e-05,0.000572909,0.000169932,4.8334226e-05,1.0803394e-05,0.0001398587,6.234959e-05,1.903549e-06,5.109808e-05,4.4660724e-06,3.3443663e-05,0.00019295425,0.0009493377,0.0026882796,-1.8425922e-05,-2.1092344e-05
-0.00032806522,1.4420734e-05,-2.811416e-06,0.0004693545,-1.8057153e-05,-9.5185016e-05,2.1023785e-05,-1.9836783e-05,5.1336016e-08,-1.1787328e-05,0.0008253975,-3.769574e-05,1.1354893e-05,-4.8172213e-05,-0.00012452719,0.00031999894,-4.6213652e-05,-3.806889e-05,-6.0406684e-05,-1.6099548e-05,-2.2197239e-05,9.7175025e-06,0.00020094232,0.00093158864,0.0012108816,-2.4106494e-06,-6.8618836e-05,-6.1921266e-05,-2.1677877e-05,-2.169123e-05,-3.2429693e-05,-2.2114352e-06,-4.5701538e-05,-4.0426843e-05,-2.7537262e-06,0.0018259686,0.000509041,0.000119114506,-1.5398848e-05,-2.4043846e-05,-3.6560727e-05,-1.1462656e-05,-3.581e-05,1.0326236e-05,6.54158e-05,0.00033568454,0.0015092689,0.0011833648,-2.1126456e-05,-2.1092344e-05
-0.00032786382,-2.54398e-06,-1.2505331e-05,2.110097e-05,0.00022025224,-0.000101160025,0.0005801285,1.2469424e-05,1.9388455e-05,1.5714915e-06,5.502817e-05,-3.2040098e-05,1.7047266e-06,-4.8172213e-05,-0.00011021719,0.00031244414,-4.6213652e-05,-2.3952338e-05,-3.9716542e-05,6.5026848e-06,5.3463005e-05,0.00029981902,0.0014315321,0.0018710312,0.000461729,3.084597e-05,-6.445164e-05,-5.7457743e-05,-8.533966e-06,1.5949809e-06,1.0111477e-05,0.00012817104,-3.2191296e-05,-3.057339e-05,1.7463259e-05,0.0017915473,0.0014116389,0.00033359966,-1.5398848e-05,-9.203872e-06,-1.3155321e-05,-1.7688969e-06,-1.003676e-05,5.5013894e-05,0.00023241279,0.0010418164,0.0020811055,0.0005786244,-1.2725406e-05,-2.1092344e-05
-0.0003524779,-2.54398e-06,-1.2505331e-05,-6.553827e-05,0.00022981112,-0.00010535582,0.0002413221,0.00086192304,0.0002225838,0.00023646618,-4.8156515e-05,-6.50635e-05,-3.8419264e-05,-3.55486e-05,-0.00011043106,-2.3883695e-05,-2.898194e-05,4.3006726e-06,4.001893e-05,-2.0276539e-05,-3.2521937e-05,-3.2544755e-05,3.6088077e-05,0.00027129336,0.0008168422,0.0016794032,-5.614258e-05,-3.9942333e-05,5.344686e-05,0.0012561829,0.0016008252,8.524879e-05,-2.147518e-05,-1.1646185e-05,-2.274381e-05,0.000121546225,1.6088185e-05,-1.2660416e-06,-4.6841777e-07,5.632299e-05,0.0001771809,-2.6432156e-06,0.0006563178,-1.203762e-05,-1.8970875e-05,2.4624126e-06,0.00016203779,0.0008543623,-2.991128e-05,-2.1092344e-05
-0.00037467177,-2.54398e-06,-1.2505331e-05,-6.582672e-05,3.0188496e-05,-0.00011215902,0.0009784407,8.617801e-05,0.0002685653,3.4232515e-05,-5.947515e-05,-4.731134e-05,-2.342254e-05,-1.5967546e-05,-7.658694e-05,-1.8633236e-05,2.5819249e-05,0.00021102917,0.00083503354,0.00096940657,0.0026375481,0.0009271586,0.00018921895,3.276513e-05,4.3223076e-06,-5.9625367e-05,-5.550796e-05,-5.2403775e-05,0.00012215323,0.0024559346,0.0008918734,4.5004577e-05,0.00019986961,-7.6158785e-06,0.00012752287,7.699737e-05,0.00047135635,0.00198706,9.0507034e-05,0.0026693707,0.00097167626,0.00015569234,0.0020723997,0.0017438793,0.0022119484,0.00050672627,8.4868654e-05,8.6984363e-07,0.00010731556,-2.1092344e-05
-0.00037467177,-2.54398e-06,-1.2505331e-05,-6.808334e-05,1.652366e-05,-0.00011215902,0.00081907184,0.00014510762,0.0005241755,6.626904e-05,-5.947515e-05,-5.277523e-05,-2.7380118e-05,-1.8310475e-05,-8.338667e-05,-2.19498e-05,2.7948125e-05,0.00031960607,0.0013380514,0.0006414491,0.002187574,0.0010889957,0.00023828191,4.7842674e-05,9.413685e-06,-5.227409e-05,-4.9459515e-05,-4.7774476e-05,0.00012050114,0.0014515975,0.00035520524,2.4478897e-05,0.00037315814,3.0666106e-07,7.826713e-05,0.000158858,0.0007856297,0.0021801945,8.671929e-05,0.0020468528,0.00050026836,8.572719e-05,0.00082924037,0.0013321495,0.0025777866,0.0007012396,0.00013153361,1.34114825e-05,8.807296e-05,-2.1092344e-05
-0.00035169817,1.263611e-05,-9.820411e-06,0.00034219204,-2.3649822e-05,-9.6296884e-05,-1.31202905e-05,-3.061743e-05,-7.1336244e-06,-1.1787328e-05,0.00014310802,-3.732102e-05,1.8387596e-05,-4.8172213e-05,-0.00012452719,0.00015517593,-4.6213652e-05,-3.806889e-05,-6.0406684e-05,-1.0601418e-05,-2.9929702e-06,7.425738e-05,0.0004133915,0.0010219397,0.0004560095,-3.0821477e-05,-6.9637594e-05,-6.3134874e-05,-2.1677877e-05,-2.169123e-05,-3.2429693e-05,-9.222849e-06,-4.5701538e-05,-4.0426843e-05,2.7517923e-05,0.001430272,0.0011241082,0.000266838,-1.5398848e-05,-2.4043846e-05,-3.6560727e-05,-1.1462656e-05,-3.581e-05,4.1820473e-05,0.00018591816,0.0008437835,0.0017025536,0.00046841908,-1.7051834e-05,-2.1092344e-05
-0.00037467177,-2.54398e-06,-1.2505331e-05,-6.5865584e-05,2.9754237e-05,-0.00011215902,0.0013196622,0.00011010625,0.0002304635,3.4249435e-05,-5.947515e-05,-4.7789417e-05,-2.38251e-05,-1.33210515e-05,-7.231805e-05,-2.0096588e-05,3.9983133e-05,0.00028063214,0.0011228984,0.0012299356,0.0023950103,0.0006463606,0.00012578022,1.672841e-05,-2.0874148e-07,-6.1284234e-05,-5.2709212e-05,-5.0822062e-05,0.00017689136,0.0025030465,0.00071212003,3.243939e-05,0.00026945648,-4.761105e-06,0.00017264597,8.228789e-05,0.0004999222,0.002112263,0.00012945404,0.002551021,0.0007240651,0.0001531755,0.0017159492,0.0017448526,0.002213189,0.00050704536,8.4958294e-05,9.022676e-07,0.00010739536,-2.1092344e-05
-0.00037467177,-2.54398e-06,-1.2505331e-05,-7.004544e-05,7.2420366e-06,-0.00011215902,0.0011040786,0.00019098529,0.00042615287,6.658812e-05,-5.947515e-05,-5.3346517e-05,-2.770146e-05,-1.3989818e-05,-7.8166406e-05,-2.3972569e-05,5.861565e-05,0.00057168136,0.0023083652,0.0007468296,0.0019016551,0.0007045816,0.00015308106,2.6341837e-05,3.216391e-06,-5.551293e-05,-4.5999474e-05,-4.593663e-05,0.00016833944,0.0009168104,0.0002201111,1.415363e-05,0.00042901302,1.4933262e-06,0.00011922152,0.00012056894,0.00064698636,0.0023318203,0.00014269524,0.0012721763,0.00029496546,7.166114e-05,0.0005182329,0.0017918306,0.0022730643,0.00052244647,8.9284484e-05,2.4671956e-06,0.00013939687,-2.1092344e-05
-0.00037467177,-2.54398e-06,-1.2505331e-05,-6.4150125e-05,4.1171537e-05,-0.00010932306,0.0018647687,0.00031234924,0.00026821418,6.189612e-05,-5.947515e-05,-5.177885e-05,-2.6435562e-05,-8.458654e-06,-6.8809444e-05,-2.4476669e-05,9.274494e-05,0.00070794584,0.0024624297,0.0006284633,0.0014028939,0.00058621535,0.00013213913,2.1841e-05,2.058071e-06,-5.4727356e-05,-4.384358e-05,-4.4923156e-05,0.00028816803,0.0013151463,0.00030704576,1.4354163e-05,0.0006360238,9.617181e-06,0.00018174552,0.00018537931,0.00094021636,0.0026184681,0.00017627032,0.0012925656,0.000297778,6.440685e-05,0.0007182166,0.0012186762,0.002371811,0.000641183,0.00012097678,1.1308116e-05,0.00016037423,-2.1092344e-05
-0.00037467177,-2.54398e-06,-1.2505331e-05,-6.656664e-05,1.8618015e-05,-0.00010937663,0.0012023913,0.000427322,0.00035030735,0.000100041536,-5.947515e-05,-5.736439e-05,-3.1460368e-05,-1.5034801e-05,-8.428231e-05,-2.6378058e-05,8.704996e-05,0.0014008053,0.0027118048,0.00041604927,0.0009876828,0.0006071549,0.00015928721,3.2307078e-05,5.9164663e-06,-4.786183e-05,-4.064334e-05,-4.2621097e-05,0.00027631334,0.0005608158,0.0001311968,7.131429e-06,0.0012383146,3.439613e-05,0.0001575055,0.0002659759,0.0012874536,0.0025483344,0.00013935564,0.00066630007,0.00015575849,2.5355506e-05,0.00029079017,0.0009273125,0.002522197,0.000884895,0.00017974735,2.716836e-05,0.00012714768,-2.1092344e-05
-0.00036411625,-2.54398e-06,-1.2505331e-05,-3.7313406e-05,-7.51928e-06,-9.7459866e-05,-2.8936363e-06,-2.9112682e-05,-5.4239695e-06,-1.1787328e-05,1.6108228e-05,0.0018283654,0.00071862544,-2.592044e-05,-8.9783185e-05,0.00016114269,-2.9977664e-05,-2.368355e-05,-4.3794877e-05,0.0009843528,0.00021645006,9.615515e-06,-3.8629147e-05,-3.103207e-05,-2.2002308e-05,-8.077311e-05,-6.686651e-05,-6.1002414e-05,-9.6674985e-06,1.5365595e-06,5.6644362e-06,4.4096647e-05,-2.5391397e-05,-4.0426843e-05,0.00031574408,-4.8772486e-05,-4.316984e-06,9.109307e-05,2.5496904e-06,-2.1972251e-07,-3.5973824e-06,0.00033050298,-5.640815e-06,0.0003656807,6.357067e-05,-3.0902655e-05,-5.4137352e-05,-4.2848005e-05,0.00021036067,-2.1092344e-05
-0.00036176608,-2.54398e-06,-1.2505331e-05,-3.4096898e-05,0.00010706628,-9.469072e-05,8.7098e-05,-1.1677328e-05,6.3154384e-06,-8.918763e-06,-1.2127957e-05,0.0001631767,0.00010062797,-2.101787e-05,-7.514702e-05,0.00011836356,-2.2055672e-05,-1.6508739e-05,-3.0835567e-05,0.0020409836,0.0015717171,0.00032886385,4.3285523e-05,-7.65507e-06,-8.506003e-06,-6.9830625e-05,-5.9514277e-05,-5.5384397e-05,2.57607e-06,2.138754e-05,7.27344e-05,8.261801e-05,-3.899719e-06,-2.7752172e-05,0.001142996,6.542978e-06,0.00018973996,0.0008141797,8.798938e-06,2.1600817e-05,5.0500123e-05,0.00017186608,3.5486824e-05,0.0022483282,0.00061945483,0.00010783893,-1.5648473e-05,-2.8603556e-05,0.00032835934,-2.1092344e-05
-0.00031661065,-2.54398e-06,-1.2505331e-05,-5.424541e-05,0.00022925726,-9.733522e-05,0.00040022074,0.00153186,4.3149994e-05,3.468163e-05,-3.644615e-05,-5.262568e-05,-2.702324e-05,-3.265197e-05,-0.000103454644,-1.4044274e-05,-2.2142069e-05,1.5461175e-05,8.655764e-05,-1.5538542e-05,-2.523665e-05,-1.193941e-05,8.0623635e-05,0.00027035832,0.00031886555,0.0019623595,-5.2096577e-05,-2.8198616e-05,4.2103155e-05,0.00024949593,0.0010094707,9.172688e-05,-2.1098625e-05,-1.2271276e-05,-1.7619439e-05,0.00020316469,3.5113644e-05,3.6877059e-06,3.1886802e-07,3.77521e-05,0.00014460181,-2.5508477e-06,0.0004694463,-8.857546e-06,-9.307317e-06,3.0493355e-05,0.00022899974,0.0007471893,-2.18182e-05,-1.8352417e-05
-0.00036549804,-2.54398e-06,-1.2505331e-05,-7.190352e-05,-5.6359845e-06,-0.000106625695,-4.2118727e-06,0.00025944677,4.226915e-05,0.0003132854,-5.947515e-05,-6.50635e-05,-3.8419264e-05,-4.374429e-05,-0.00011999252,-3.789197e-05,-2.2576332e-05,0.00010240544,0.00012236826,-2.2190397e-05,-4.0323175e-05,-5.3833952e-05,-4.0388783e-05,-2.7516521e-06,3.0329455e-05,0.00060302095,-4.631554e-05,5.630641e-05,0.00019144706,0.00016191792,3.0200814e-05,-2.969877e-06,-1.2273287e-06,0.00016899993,-2.8848912e-05,8.083343e-06,-1.6224532e-05,-1.0372369e-05,9.6639915e-06,0.0001908053,0.00010660151,-7.025793e-06,9.51937e-05,-1.7342683e-05,-2.8676208e-05,-3.644304e-05,4.640055e-06,0.00014983855,-3.8415306e-05,-1.5039842e-05
-0.00036408292,-2.54398e-06,-1.2505331e-05,-5.3346852e-05,0.0012704988,-9.617361e-05,0.0015862253,0.00017930716,4.3696815e-05,1.5626367e-05,-4.197335e-05,-3.744691e-05,-1.654334e-05,-7.865367e-06,-4.5943056e-05,-1.1543286e-05,2.2969529e-05,7.7652025e-05,0.00023077615,0.00029356737,0.00080629723,0.00066853216,0.00018914916,4.0272822e-05,7.32244e-06,-4.566388e-05,-4.354557e-05,-4.3817075e-05,8.961571e-05,0.00044478377,0.0017204848,6.218118e-05,0.00018237943,2.7685728e-06,0.00021649459,0.00038426416,0.0016706648,0.0013152261,3.6187463e-05,0.00035622466,0.0011153239,5.6896875e-05,0.0008836652,0.0005189005,0.0016595218,0.0008478896,0.00018513674,2.9761379e-05,0.000114637165,-2.1092344e-05
-0.00036508578,-2.54398e-06,-1.2505331e-05,-7.190352e-05,1.3241568e-05,-0.000104026556,5.3390986e-06,0.0004898584,4.3661348e-05,0.00023523616,-5.947515e-05,-6.50635e-05,-3.8419264e-05,-4.0582738e-05,-0.000116343086,-3.546263e-05,-1.7469796e-05,0.00018009529,0.00024855213,-2.0816678e-05,-3.661495e-05,-4.83967e-05,-3.237403e-05,5.5025102e-06,3.0599076e-05,0.0006473126,-4.0586012e-05,9.7443866e-05,0.00034440195,0.00027977556,6.09794e-05,-4.334789e-07,2.3948758e-05,0.00029548968,-2.1260703e-05,7.987425e-05,3.8883377e-06,-4.2905713e-06,1.9162093e-05,0.00046340213,0.00022792346,-6.0689754e-06,0.00016242937,-1.3833806e-05,-2.3370141e-05,-2.1215928e-05,4.4211934e-05,0.00022192577,-2.8985996e-05,-1.3290172e-05
-0.00037467177,-2.54398e-06,-1.2505331e-05,-7.190352e-05,-9.689593e-06,-0.00010758268,-6.848042e-06,0.0002013505,3.9524995e-05,0.00032161965,-5.947515e-05,-6.50635e-05,-3.8419264e-05,-4.3475175e-05,-0.00011977277,-3.8672766e-05,-1.7830402e-05,0.00014969434,9.9375764e-05,-1.8994579e-05,-3.4250177e-05,-4.5580175e-05,-3.0764535e-05,1.6527856e-06,2.0366617e-05,0.00039641882,-3.1184758e-05,0.00017983327,9.1439986e-05,5.7218953e-05,2.0993725e-06,-1.0130333e-05,8.21871e-05,0.0013404128,-1.9630355e-05,0.00013202059,1.8111428e-05,1.567434e-07,1.9620722e-05,0.00013009987,3.404943e-05,-7.91875e-06,2.0725694e-05,-1.1406612e-05,-1.9622463e-05,-1.0958446e-05,7.0736336e-05,0.00026940947,-2.5092932e-05,-1.3002586e-05
-0.00036234205,-2.54398e-06,-1.2505331e-05,-7.190352e-05,-6.139999e-06,-0.000106433574,-6.839196e-06,0.00025591525,2.875159e-05,0.00018303131,-5.947515e-05,-6.50635e-05,-3.8419264e-05,-4.3771703e-05,-0.00012003889,-3.801005e-05,-2.1946737e-05,0.00011364695,0.00011787733,-2.2730508e-05,-4.1869393e-05,-5.6913468e-05,-4.652128e-05,-1.4565263e-05,1.2507349e-05,0.00030805776,-4.4260745e-05,0.0001111172,0.0002842289,0.0002061785,4.179108e-05,-2.363456e-06,-9.310597e-06,0.00012039417,-3.174574e-05,-7.5051717e-06,-2.08314e-05,-1.2692281e-05,1.3375008e-05,0.00034413714,0.00020999886,-7.951588e-06,0.000119194636,-2.135203e-05,-3.258955e-05,-4.4349392e-05,-2.0906878e-05,6.6741944e-05,-3.8415306e-05,-1.20541135e-05
-0.00036799157,-2.54398e-06,-1.2505331e-05,-7.190352e-05,-6.1134333e-06,-0.00010631503,-6.1522737e-06,0.0002619852,2.9608182e-05,0.00018706496,-5.947515e-05,-6.50635e-05,-3.8419264e-05,-4.3639284e-05,-0.00011992726,-3.8089536e-05,-1.9583262e-05,0.00013781265,0.00010617408,-2.1891274e-05,-3.979779e-05,-5.4166776e-05,-4.2698495e-05,-1.0936794e-05,1.3459903e-05,0.00033906655,-3.984601e-05,0.00016759343,0.00019840072,0.00012232999,2.0028381e-05,-4.1572334e-06,7.219644e-06,0.00029794028,-2.5533638e-05,2.6010783e-05,-1.0857042e-05,-8.32218e-06,1.8559882e-05,0.00029435352,0.00011765132,-7.879446e-06,6.633859e-05,-1.7025774e-05,-2.8422524e-05,-3.6485915e-05,4.0490145e-09,0.0001137255,-3.5268542e-05,-1.1673423e-05
-0.00036484483,-2.54398e-06,-1.2505331e-05,-4.302184e-05,0.00017973509,-8.9759495e-05,0.0001748902,9.377654e-07,9.079646e-06,-4.311178e-06,-3.1349526e-05,2.5784311e-05,9.210845e-06,2.071267e-05,7.307503e-05,1.1246051e-06,8.505347e-06,-3.094093e-07,-7.4304967e-06,0.0017250859,0.00064589025,0.00012703691,-4.3691343e-06,-2.052508e-05,-1.26260065e-05,-7.0775954e-05,-4.9245846e-05,-4.9747865e-05,3.2708012e-05,8.0738515e-05,0.00024452765,3.8781545e-05,6.0118633e-05,-1.7762686e-05,0.0021102512,-6.3389843e-06,0.00012380233,0.00043095366,3.1902542e-05,7.5120995e-05,0.0001277636,0.00044865982,0.00015969867,0.0010875067,0.00031661696,4.456634e-05,-3.0650557e-05,-3.213615e-05,0.0011252743,-1.9868163e-05
-0.00032104287,-2.54398e-06,-7.047605e-06,-7.190352e-05,-4.7057706e-06,-9.989116e-05,4.5758993e-06,0.00051367143,1.7009357e-05,5.4172804e-05,-4.4689972e-05,-6.50635e-05,-3.8419264e-05,-3.6523983e-05,-0.00011103225,-2.9365e-05,-2.4444624e-05,4.8875467e-05,0.00018514373,-3.452494e-05,-4.5386045e-05,-6.322549e-05,-5.467301e-05,-2.383914e-05,6.81679e-06,0.0001394978,-5.463935e-05,1.50771e-06,0.0002597459,0.001511626,0.0011672522,2.0725052e-05,-3.417183e-05,-1.7248147e-05,-3.7524278e-05,-4.144424e-05,-3.1562373e-05,-2.4299372e-05,-3.1250278e-07,6.387866e-05,0.00022545175,-8.569896e-06,0.0021052493,-3.090757e-05,-3.8650967e-05,-5.352526e-05,-4.3407086e-05,1.23130985e-05,-3.8415306e-05,-1.3265447e-05
-0.0003608454,-2.54398e-06,-1.2505331e-05,-7.190352e-05,-7.2250855e-06,-0.00010619801,-9.610007e-06,0.00022220403,1.997706e-05,0.00011029009,-5.947515e-05,-6.50635e-05,-3.8419264e-05,-4.2401858e-05,-0.00011851756,-3.6843347e-05,-2.107375e-05,0.00013089809,0.00016817525,-2.6484084e-05,-4.3826847e-05,-6.0734357e-05,-5.236264e-05,-2.2484912e-05,4.2226607e-06,0.00016214594,-4.784432e-05,8.392045e-05,0.00049531914,0.00033568835,7.51127e-05,-4.7347106e-07,-1.827434e-05,4.3338016e-05,-3.7524278e-05,-2.7229597e-05,-2.6158785e-05,-1.6399872e-05,1.2274145e-05,0.0004192356,0.00036517778,-8.90416e-06,0.0001705746,-2.4886464e-05,-3.5637942e-05,-4.9027567e-05,-3.4040466e-05,3.1066476e-05,-3.8415306e-05,-1.0877497e-05
-0.00033720775,2.69512e-05,2.9713513e-06,-3.2354826e-06,-3.0165329e-05,-5.673253e-05,-1.4844862e-05,-2.2367336e-05,-2.9325909e-06,-1.1787328e-05,0.00013932408,6.474079e-05,0.00031226044,-4.8172213e-05,-0.00011692364,0.001978108,-4.6213652e-05,-3.211455e-05,-4.932256e-05,-1.0732914e-05,-3.2706662e-06,7.349131e-05,0.00041094652,0.0010165694,0.0004535645,0.00047955828,-5.6300658e-05,-4.4245226e-05,-2.1677877e-05,-2.169123e-05,-3.2429693e-05,-6.9658354e-06,-4.5701538e-05,-3.5520392e-05,-1.0040366e-05,8.991299e-05,2.5796244e-05,4.0451046e-06,-1.5398848e-05,-2.4043846e-05,-3.6560727e-05,-1.1462656e-05,-3.581e-05,7.607526e-06,4.5943612e-05,0.0001945137,0.00047170042,0.0003314112,-1.3755418e-05,-1.7531922e-05
-0.00035453783,-2.54398e-06,-1.2505331e-05,0.0004927697,-3.0517554e-06,-7.741614e-05,-1.1536194e-05,-2.5815716e-05,-4.418574e-06,-1.1787328e-05,0.00053836964,0.0008563663,0.00022483419,-1.8852425e-05,-6.657574e-05,4.153914e-05,-2.6201795e-05,-2.3042117e-05,-4.242577e-05,0.0011395136,0.0003804666,6.064027e-05,-2.3261551e-05,-2.6876074e-05,-1.6407284e-05,-7.382325e-05,-4.956883e-05,-5.070904e-05,-1.3369169e-05,-6.507926e-06,-1.0023688e-05,1.4471048e-06,-3.0319147e-06,-2.6317026e-05,0.001774353,-3.8007536e-05,1.2723724e-05,7.422786e-05,-4.7119024e-06,-9.300323e-06,-1.7953676e-05,6.373029e-05,-1.7386827e-05,0.00040086516,0.00015606875,7.1858094e-06,-4.113019e-05,-3.587939e-05,0.0014339407,-1.6357766e-05
-0.00030574686,-2.54398e-06,-1.2505331e-05,-4.801049e-05,0.000121049445,-8.102503e-05,4.632909e-05,0.00016084702,8.331944e-06,8.605442e-06,-3.768629e-05,-4.5372737e-05,-2.220386e-05,-9.076825e-06,-5.440061e-05,-1.9997924e-05,4.2233416e-05,0.00016485307,0.00053065515,-1.1382399e-05,-2.0884096e-05,-2.3332066e-05,-7.2519842e-06,9.089976e-06,1.077304e-05,0.00010972831,-1.4824083e-05,5.1414834e-05,8.8749744e-05,0.000101693295,0.00020226787,1.0283164e-05,1.71791e-05,5.1510266e-05,-8.458362e-06,9.7745775e-05,2.746085e-05,5.8467726e-06,1.3263848e-05,9.151942e-05,0.00027784833,-2.318039e-09,0.0003147491,-4.5539628e-06,-4.552033e-06,1.1570123e-05,4.9943e-05,6.446302e-05,-1.1940104e-05,-3.6567276e-06
-0.00035317385,-2.54398e-06,-1.2505331e-05,-5.651173e-05,0.00046686886,-8.78683e-05,8.083431e-05,0.00038298516,1.41102755e-05,1.6108654e-05,-4.65584e-05,-5.0084866e-05,-2.5233205e-05,5.5923883e-06,-4.487613e-05,-2.6739799e-05,0.00019108686,0.000880409,0.0016425854,-6.0149764e-06,-1.4534894e-05,-2.1640937e-05,-1.7184682e-05,-6.6483626e-06,-5.1914657e-07,1.1516108e-05,2.7925877e-05,4.7177167e-05,0.0006594822,0.00025572372,0.00019130025,2.7090182e-06,0.00025135535,0.00043684003,2.2505035e-06,0.00015782099,6.273394e-05,2.0438121e-05,8.6278334e-05,0.0008802515,0.0010490383,2.196508e-06,0.0005053803,6.83426e-06,1.8993207e-05,4.3403255e-05,5.86291e-05,4.2223353e-05,4.0815505e-07,-2.934214e-06
-0.0003589374,-2.54398e-06,-1.2505331e-05,-5.7786183e-05,0.00073732366,-8.529125e-05,6.11608e-05,0.0002999556,1.2724058e-05,1.4704422e-05,-4.7607264e-05,-5.1365147e-05,-2.6207106e-05,2.8026017e-05,-3.346233e-05,-3.3171207e-05,0.00056895206,0.0017649373,0.0006604845,-3.6358015e-06,-1.7135239e-05,-3.5161007e-05,-3.782233e-05,-2.3967239e-05,-1.1583684e-05,-4.5640612e-05,0.00017342367,2.4597719e-05,0.0014651634,0.0001423692,7.359328e-05,-1.943858e-06,0.0009991935,0.0008851621,3.998093e-05,0.00010211426,8.3287516e-05,4.1536325e-05,0.00033302262,0.0007888904,0.00027408442,3.3958204e-06,0.00018715787,6.779752e-06,6.250389e-06,-2.0993846e-06,-1.1633736e-05,-1.0751428e-05,1.7377417e-05,4.4593326e-06
-0.00036306586,-2.54398e-06,-1.2505331e-05,-7.190352e-05,-9.709538e-06,-0.00010512268,-1.6772428e-05,8.4538275e-05,7.721432e-06,3.0345855e-05,-5.947515e-05,-6.50635e-05,-3.8419264e-05,-3.5070003e-05,-0.00011192343,-4.1268715e-05,4.5266574e-06,0.00029251966,7.302172e-05,-2.6053525e-05,-4.658361e-05,-6.549611e-05,-6.059076e-05,-3.6941634e-05,-1.705227e-05,-2.9419003e-05,-1.06565485e-05,0.0020706945,0.00036852952,3.6870653e-05,-1.8821694e-06,-6.902358e-06,-6.135373e-07,0.00048579488,-3.13916e-05,-3.0752315e-05,-2.5882975e-05,-1.5534855e-05,9.961879e-05,0.00040098384,8.983731e-05,-1.1462656e-05,2.3854373e-05,-1.9165886e-05,-3.6038447e-05,-5.3219715e-05,-4.910811e-05,-2.1500999e-05,-2.9320976e-05,1.1790394e-05
-0.00018676862,5.0347467e-06,7.0796373e-06,-6.517987e-05,-1.601025e-05,-8.674274e-05,-1.5108215e-05,3.656553e-05,-4.510002e-06,5.1882485e-06,-4.3790606e-05,-5.5663164e-05,-2.9820552e-05,-2.0748259e-05,-8.7332715e-05,-2.7392312e-05,3.7889113e-05,0.00045112337,0.0018400187,-2.4693687e-05,-4.4750577e-05,-6.207827e-05,-5.5787747e-05,-2.9906829e-05,-8.465453e-06,4.4103534e-05,-3.902569e-05,0.00042374633,0.00012665226,6.3308464e-05,8.374324e-05,-5.395993e-08,-2.7905615e-05,-7.866711e-06,-3.7524278e-05,-4.883572e-05,-3.5039742e-05,-1.9966497e-05,7.798806e-06,9.0851216e-05,0.0003345473,-6.2021622e-06,0.00027879598,-2.128761e-05,-3.900603e-05,-5.6734178e-05,-5.303649e-05,-2.4485207e-05,-3.5784087e-05,2.430267e-06
4.7515487e-06,4.795516e-05,6.199115e-05,-5.3759457e-05,-3.2468262e-05,2.2188833e-05,-1.8236025e-05,-8.091384e-06,-1.2620411e-05,-1.1423476e-06,-2.268956e-05,-3.0284615e-05,-1.0495581e-05,-2.5774101e-05,-8.609106e-05,1.0109488e-05,-1.9388199e-05,-2.40914e-06,1.3151136e-05,-2.4432718e-05,-4.2497646e-05,-5.7767138e-05,-4.7653364e-05,-1.7996423e-05,4.2026827e-06,0.00024980798,-4.339352e-05,0.00014627163,-8.3431705e-06,-7.639612e-06,-1.2568336e-05,-4.8438474e-06,-4.316001e-05,-2.6786149e-05,-3.2679425e-05,-5.182688e-05,-3.642525e-05,-2.090121e-05,-1.5398848e-05,-1.111621e-05,-1.735205e-05,-1.1462656e-05,-1.2948355e-05,-2.1479356e-05,-3.786443e-05,-5.4758373e-05,-4.9457405e-05,-1.9644827e-05,-3.0974155e-05,5.617253e-07
0.0009599167,1.9803598e-05,1.0853866e-05,-3.289168e-05,-2.0864014e-05,0.00014845862,-1.6283675e-05,-1.2486082e-05,-1.0348245e-05,-1.6064778e-06,-3.2593657e-06,3.4469827e-05,1.9700297e-05,-1.753663e-05,-5.671535e-05,2.6543115e-05,-1.7918783e-05,-1.2165827e-05,-2.1847081e-05,-1.6742433e-05,-2.9971183e-05,-3.857472e-05,-2.5316274e-05,-4.0959953e-06,4.293818e-06,0.000104737315,-1.9714713e-05,7.6314784e-05,-7.997011e-06,-7.661319e-06,-1.2983892e-05,-6.315677e-06,-2.7076416e-05,-1.980043e-05,-1.748656e-05,-3.7083486e-05,-2.6183683e-05,-1.4302241e-05,-1.5398848e-05,-1.1158112e-05,-1.8977926e-05,-7.694611e-06,-1.6052887e-05,-1.3412932e-05,-2.4894254e-05,-3.545625e-05,-2.7889231e-05,-8.80342e-06,-1.6277269e-05,3.8827156e-06
0.0011861362,1.6148742e-05,7.4471695e-06,-2.9272855e-05,-1.9227266e-05,0.0001501257,-1.6131864e-05,-1.2327652e-05,-1.03337115e-05,-1.5413541e-06,-4.8391657e-06,2.655918e-05,1.3631338e-05,-1.2800512e-05,-4.1246185e-05,1.5691136e-05,-1.406647e-05,-9.860081e-06,-1.8148194e-05,-1.5096697e-05,-2.7501796e-05,-3.5535326e-05,-2.3859042e-05,-5.400495e-06,2.1503934e-06,7.0525806e-05,-1.2098521e-05,6.7887806e-05,-6.554353e-06,-6.56548e-06,-1.1437926e-05,-5.9685394e-06,-2.363806e-05,-1.6315265e-05,-1.5585574e-05,-3.40587e-05,-2.3911181e-05,-1.2815787e-05,-1.2928301e-05,-9.482397e-06,-1.63782e-05,-3.7886844e-06,-1.4430959e-05,-1.1785417e-05,-2.2451075e-05,-3.245276e-05,-2.6470707e-05,-1.013819e-05,-1.4153764e-05,4.353908e-06
-0.00024816993,9.918075e-05,0.00022316814,-5.894653e-05,-3.7714944e-05,1.21737285e-05,-2.3591521e-05,-1.4168086e-05,-1.2620411e-05,-7.603358e-06,-3.3469314e-05,-3.5394503e-05,-1.3989974e-05,-2.7136355e-05,-8.983185e-05,4.2148013e-06,-2.011369e-05,-6.722689e-07,2.107511e-05,-2.6448372e-05,-4.6655874e-05,-6.484461e-05,-5.837866e-05,-3.1830365e-05,-8.601897e-06,5.0435912e-05,-4.876131e-05,0.00013656108,-8.057682e-06,-8.385865e-06,-1.4350827e-05,-8.828578e-06,-4.5701538e-05,-3.2888613e-05,-3.7524278e-05,-5.85811e-05,-4.0128838e-05,-2.631386e-05,-1.5398848e-05,-1.1858435e-05,-1.846945e-05,-1.1462656e-05,-1.4889738e-05,-2.5213449e-05,-4.167709e-05,-6.173854e-05,-6.059973e-05,-3.534394e-05,-3.8415306e-05,1.905505e-06
-0.00025569374,-2.54398e-06,-7.4740033e-06,-5.430947e-05,3.0617227e-06,-6.135339e-05,-1.2399061e-05,1.9944087e-05,-7.103761e-06,2.2532408e-06,-4.43124e-05,-4.9981696e-05,-2.5721563e-05,2.8470611e-05,-4.5337833e-06,-2.7649503e-05,0.00029680016,0.00065380806,0.0007399105,-2.0916246e-05,-3.9157523e-05,-5.6424502e-05,-5.1671872e-05,-2.9920793e-05,-1.2920219e-05,-2.2183794e-05,6.1827e-05,0.0005209574,7.604167e-05,1.6308504e-05,1.204294e-05,-8.292132e-06,2.592786e-05,0.00022441322,-1.9535788e-05,-4.2226256e-05,-2.9102333e-05,-1.5770323e-05,3.466742e-05,0.00011938066,0.00021550055,-2.8360164e-06,8.947388e-05,-1.7026074e-05,-3.2475622e-05,-4.9557366e-05,-4.8003283e-05,-2.7059223e-05,-1.862577e-05,2.5393381e-05
-0.00034047847,5.8890864e-06,-6.6046437e-06,0.00053300953,-2.4749437e-05,3.6365844e-05,-2.6785105e-05,-3.1182863e-05,-1.2620411e-05,-1.1787328e-05,0.000117012496,0.00044114213,0.000105066836,-1.8837733e-05,-7.117613e-05,-8.800361e-06,-2.9957884e-05,-3.2770433e-05,-5.4864202e-05,0.00011491258,4.7819303e-05,-2.243938e-05,-4.5499357e-05,-3.3689015e-05,-2.0238265e-05,-7.4412426e-05,-2.6583915e-05,-4.7611342e-05,-2.1677877e-05,-1.5549624e-05,-2.1024749e-05,-1.6069904e-05,7.7208515e-06,-2.102131e-05,5.5673452e-05,-5.6431796e-05,-3.161892e-05,-1.0926688e-05,-1.1171011e-05,-1.8575565e-05,-3.0510786e-05,2.3040842e-05,-2.668138e-05,8.835811e-06,-1.8581903e-05,-5.0255894e-05,-6.0160546e-05,-4.4600427e-05,0.00033513847,-5.569072e-06
-0.0003497146,-2.54398e-06,-1.2505331e-05,-5.0699036e-05,0.00020429166,-4.7346613e-05,-5.8529854e-06,2.7356435e-05,-3.854601e-06,2.996791e-06,-4.6901536e-05,-5.0810737e-05,-2.6003849e-05,0.00023300294,0.00013694103,-4.1268715e-05,0.0020906164,0.00029911834,0.00010290602,-1.2797326e-05,-3.2446394e-05,-5.3932643e-05,-5.4277472e-05,-3.521838e-05,-1.8828163e-05,-6.556167e-05,0.0008747335,1.45240765e-05,0.00019343861,1.904889e-05,5.954034e-06,-1.0395051e-05,0.0010864701,0.001050286,6.163745e-06,-3.2267046e-05,-1.5527092e-05,-4.4239264e-06,0.00026210834,0.00013680695,7.6181306e-05,2.6543414e-06,2.397947e-05,-9.738193e-06,-2.5615323e-05,-4.6972025e-05,-5.234887e-05,-3.633745e-05,6.216143e-06,2.8548611e-05
-0.00015184542,4.713901e-06,-8.749209e-07,0.000116898394,-1.6772296e-05,0.0005483147,-2.2063727e-05,-2.146927e-05,-1.2620411e-05,-8.002068e-06,-7.715871e-06,3.1593627e-05,3.4100667e-06,6.309933e-05,0.00024524494,-1.4942101e-05,1.567298e-06,-1.4653599e-05,-3.3545613e-05,3.669983e-06,-1.3042515e-05,-3.8577968e-05,-4.5535264e-05,-3.1454154e-05,-1.733922e-05,-6.495003e-05,0.00013699297,-2.395837e-05,-6.7853075e-06,-8.465944e-06,-1.5721262e-05,-1.4518958e-05,8.6694396e-05,2.0188529e-05,6.73375e-06,-4.9005277e-05,-2.7359933e-05,-1.1102413e-05,-1.1881051e-06,-8.547064e-06,-1.7940429e-05,6.9043435e-06,-1.8613937e-05,-3.9945207e-06,-2.0288055e-05,-4.4449847e-05,-5.284801e-05,-3.8409646e-05,3.7660622e-05,7.78725e-06
-0.0003602486,4.0932562e-05,-8.5754175e-07,-5.6974844e-05,-3.7714944e-05,0.00012054505,-3.438931e-05,-3.2880387e-05,-1.2620411e-05,-1.1787328e-05,-4.0480518e-05,0.0009458202,0.0019149012,-3.886881e-05,-0.00010907776,8.2024184e-05,-3.837029e-05,-3.4355162e-05,-5.627705e-05,-1.1123093e-05,-1.5621197e-05,-9.708671e-06,8.7526605e-06,1.5745965e-05,9.2663195e-06,6.727873e-05,-3.2176504e-05,-5.807087e-06,-2.1677877e-05,-2.169123e-05,-3.2429693e-05,-1.8447538e-05,-4.5701538e-05,-3.1353335e-05,-2.1635851e-05,-5.7719506e-05,-3.778075e-05,-2.0806421e-05,-1.5398848e-05,-2.4043846e-05,-3.6560727e-05,-1.1462656e-05,-3.581e-05,-1.3809185e-05,-2.7228773e-05,-4.4090546e-05,-4.627622e-05,-3.077458e-05,-1.1795851e-05,7.2490698e-06
-0.00034777794,-2.54398e-06,-1.2505331e-05,0.0008680661,-5.6661943e-06,0.0002631019,-2.2921198e-05,-2.3268964e-05,-1.2620411e-05,-1.1787328e-05,-1.5149107e-06,-1.031249e-05,-1.0333055e-05,0.00017957625,0.00044615002,-2.4775445e-05,-2.0820207e-06,-2.258858e-05,-4.481887e-05,9.675753e-06,-2.5389787e-05,-5.5861914e-05,-5.9538535e-05,-4.068368e-05,-2.9020202e-05,-8.608924e-05,-8.192825e-06,-4.8528287e-05,-2.9927025e-06,-7.0854653e-06,-1.4639039e-05,-1.7041255e-05,0.00030418305,-6.4010683e-06,6.1102546e-05,-5.7783123e-05,-3.3128996e-05,-1.1667767e-05,5.792016e-06,-1.0823275e-05,-2.24706e-05,0.00016427181,-1.9570154e-05,-1.1409375e-06,-2.7329805e-05,-5.594545e-05,-6.346155e-05,-4.5660767e-05,0.00024267564,-4.903736e-06
-0.00033431404,8.2421575e-06,-5.450577e-06,0.00027357676,-2.59804e-05,0.00010474932,-2.8007475e-05,-3.1641273e-05,-1.2620411e-05,-1.1787328e-05,4.371492e-05,0.00015656587,3.4875164e-05,-1.0804969e-05,-5.4237724e-05,-1.7790333e-05,-2.8617502e-05,-3.4028977e-05,-5.6269382e-05,2.2228578e-05,-1.5137254e-05,-5.023684e-05,-5.6353787e-05,-3.9560622e-05,-2.2191773e-05,-7.817624e-05,7.1812883e-07,-4.6927664e-05,-2.1677877e-05,-1.4645186e-05,-2.2580174e-05,-1.8447538e-05,3.5900637e-05,-1.6486003e-05,1.5510699e-05,-6.069994e-05,-3.723835e-05,-1.7241638e-05,-9.313507e-06,-2.0838474e-05,-3.303676e-05,2.0350064e-05,-2.902245e-05,-1.7562959e-06,-2.5940895e-05,-5.4488217e-05,-6.2255895e-05,-4.5614226e-05,0.00018655634,-3.4952322e-06
-0.0003570543,6.780234e-05,6.3300763e-06,-5.7324396e-05,-3.7714944e-05,0.00038517657,-3.8088274e-05,-3.0314917e-05,-1.2620411e-05,-1.1787328e-05,-4.153552e-05,0.00203871,0.000749095,-3.338851e-05,-0.00010206157,4.1452306e-05,-3.5098867e-05,-3.2897267e-05,-5.4714976e-05,-1.6444543e-05,-3.0378898e-05,-4.2760406e-05,-3.7263086e-05,-2.033879e-05,-8.800234e-06,-5.605462e-06,8.269195e-06,5.3933163e-05,-2.1677877e-05,-2.169123e-05,-3.2429693e-05,-1.8447538e-05,-3.901843e-05,-2.9717476e-05,-2.4653624e-05,-6.3095504e-05,-4.25687e-05,-2.429189e-05,-1.5398848e-05,-2.4043846e-05,-3.59405e-05,-1.1462656e-05,-3.502079e-05,-1.9054398e-05,-3.6179445e-05,-5.618765e-05,-5.829959e-05,-3.9412855e-05,-1.8093364e-05,3.6162895e-05
-2.9693718e-05,2.3199958e-05,5.344501e-05,-5.9720853e-05,-3.5282636e-05,-3.325184e-05,-3.4844186e-05,-2.0177607e-05,-1.2620411e-05,-1.1787328e-05,-5.338312e-05,-4.9174312e-05,-2.601008e-05,9.1123686e-05,0.00012027828,-2.8521958e-05,0.00043232698,0.00028132158,0.00023316576,-3.1218195e-05,-5.2318388e-05,-7.249119e-05,-6.912465e-05,-4.6226698e-05,-2.6506657e-05,-6.0029954e-05,4.0311756e-06,0.0022646296,2.0789212e-06,-6.8943964e-06,-1.5788386e-05,-1.8447538e-05,-2.6980477e-05,9.141008e-07,-3.514346e-05,-6.076856e-05,-4.0254083e-05,-2.2196033e-05,4.6493383e-06,3.804512e-06,5.2613555e-06,-8.373834e-06,-1.0459358e-05,-2.716211e-05,-4.6318444e-05,-6.819755e-05,-7.027717e-05,-4.8908114e-05,-2.9257477e-05,8.671381e-05
-0.0003460895,1.0989024e-05,-6.7825094e-06,-7.173856e-06,-3.1965832e-05,3.9913088e-05,-3.606774e-05,-3.4473895e-05,-1.2620411e-05,-1.1787328e-05,-2.7705357e-05,8.820721e-05,1.9665082e-05,-2.2203705e-05,-8.587016e-05,-2.3016404e-05,-3.412092e-05,-3.806889e-05,-6.0406684e-05,4.199292e-06,-2.4758901e-05,-5.4225053e-05,-5.824818e-05,-4.040402e-05,-2.2680897e-05,-7.816204e-05,4.030774e-05,-4.4540604e-05,-2.1677877e-05,-2.169123e-05,-2.8777262e-05,-1.8447538e-05,7.792606e-06,-1.878855e-05,-1.1340222e-05,-6.8045476e-05,-4.5607525e-05,-2.610415e-05,-1.5398848e-05,-2.4043846e-05,-3.6560727e-05,9.203492e-06,-3.4854882e-05,-1.4275001e-05,-3.5763544e-05,-6.059793e-05,-6.618141e-05,-4.735497e-05,4.7123467e-05,1.0264556e-06
-0.00018623275,-2.5197778e-07,-1.7119946e-06,8.223332e-05,-1.9123207e-05,0.0021907084,-2.9203246e-05,-2.4225592e-05,-1.2620411e-05,-1.1787328e-05,-3.4751618e-05,-2.9984303e-05,-1.6710379e-05,0.00047489893,0.0014973196,-2.9771734e-05,3.3434586e-05,-1.5799887e-05,-3.8803337e-05,-1.532436e-05,-3.8050563e-05,-6.10094e-05,-6.108466e-05,-4.0972056e-05,-2.2374697e-05,-7.704179e-05,0.0004879889,-3.3144683e-05,-6.1202636e-06,-1.2801355e-05,-2.2533895e-05,-1.8447538e-05,0.0007603748,0.00015829668,-8.6752025e-06,-6.277512e-05,-4.0522318e-05,-2.1697628e-05,3.654347e-06,-1.1636491e-05,-2.313487e-05,1.0920158e-05,-2.4739173e-05,-1.7124295e-05,-3.6914855e-05,-6.043356e-05,-6.521341e-05,-4.6759902e-05,7.640766e-06,2.5396614e-05
-0.00030017967,1.0951832e-05,1.8392922e-05,-6.863383e-05,-3.3179946e-05,-8.488132e-05,-4.001645e-05,-2.1784983e-05,-1.2620411e-05,-1.1787328e-05,-5.947515e-05,-5.440293e-05,-3.2641008e-05,3.1322594e-05,-5.801016e-05,-4.1268715e-05,0.0011332828,0.000591231,0.00012380397,-3.6940444e-05,-5.86161e-05,-7.9188394e-05,-7.634658e-05,-5.373376e-05,-3.3728582e-05,-7.2534e-05,-2.0464493e-05,0.0008335619,1.7972669e-05,-8.579749e-06,-1.940864e-05,-1.8447538e-05,-2.8457629e-05,1.2594217e-05,-3.7524278e-05,-6.454041e-05,-4.3655276e-05,-3.1197633e-05,5.0453036e-05,0.0001155732,0.00015231603,-1.1462656e-05,-6.587854e-06,-3.1487845e-05,-5.116048e-05,-7.3431984e-05,-7.603094e-05,-5.541514e-05,-3.6196914e-05,9.258957e-05
-4.7576978e-05,4.432459e-06,-9.764542e-07,3.652733e-05,-2.2238484e-05,0.0018699644,-3.7454753e-05,-2.5398645e-05,-1.2620411e-05,-1.1787328e-05,-4.100124e-05,-3.9196417e-05,-2.1930362e-05,0.0008577317,0.0009630028,-3.8520368e-05,3.3334083e-05,-1.7908698e-05,-4.1618667e-05,-2.0163034e-05,-4.2650594e-05,-6.50091e-05,-6.436707e-05,-4.296718e-05,-2.4179231e-05,-7.841779e-05,0.0004944211,-3.522428e-05,-8.11117e-06,-1.6801387e-05,-2.7189031e-05,-1.8447538e-05,0.0013892659,0.00027355403,-1.7023965e-05,-6.875787e-05,-4.674387e-05,-2.749682e-05,2.0478044e-06,-1.5734258e-05,-2.760251e-05,8.717256e-06,-3.03461e-05,-2.3891702e-05,-4.3886615e-05,-6.720775e-05,-7.087295e-05,-5.0994848e-05,-5.271183e-06,3.6947873e-05
-0.0002649687,-2.54398e-06,-1.0264938e-05,-4.6726986e-05,-1.409761e-05,0.00012299872,-4.001645e-05,-2.5760553e-05,-1.2620411e-05,-1.1787328e-05,-5.6933015e-05,-6.244402e-05,-3.8419264e-05,0.00044913377,1.9101934e-05,-4.1268715e-05,0.00022382474,-5.8682303e-06,-3.770146e-05,-3.541224e-05,-5.7098885e-05,-7.7732504e-05,-7.500038e-05,-5.2500603e-05,-3.261733e-05,-7.8659024e-05,0.000668462,-2.834269e-05,-4.430297e-07,-1.9018931e-05,-2.975895e-05,-1.8447538e-05,0.00021110795,0.000461579,-2.240183e-05,-7.147131e-05,-4.9510985e-05,-3.019264e-05,6.632729e-05,-3.966237e-06,-1.8813036e-05,-4.2624424e-06,-2.8691355e-05,-3.356992e-05,-5.3480988e-05,-7.598743e-05,-7.881589e-05,-5.8340363e-05,-2.0288955e-05,0.00024429036
-0.00024472192,-2.54398e-06,4.510515e-07,-5.8093014e-05,-2.319147e-05,-5.5861303e-05,-4.001645e-05,-3.725346e-05,-1.2620411e-05,-1.1787328e-05,-5.947515e-05,-6.50635e-05,-3.8419264e-05,0.00015362671,-5.0841027e-05,-4.1268715e-05,0.000226231,8.1012655e-07,-3.581097e-05,-3.6940444e-05,-5.86161e-05,-7.9188394e-05,-7.634658e-05,-5.373376e-05,-3.3728582e-05,-8.358256e-05,0.00033728563,-9.880284e-06,-2.6181124e-06,-2.169123e-05,-3.2429693e-05,-1.8447538e-05,2.2449793e-05,0.00066810224,-2.6026995e-05,-7.422494e-05,-5.224052e-05,-3.279128e-05,0.00011680267,-5.5998345e-07,-1.7037804e-05,-1.1462656e-05,-2.9076971e-05,-3.356992e-05,-5.3480988e-05,-7.598743e-05,-7.881589e-05,-5.8340363e-05,-3.0349529e-05,0.0016445093
0.0001801759,4.3670457e-06,3.8032754e-06,-5.2727297e-05,-2.3911887e-05,3.7148575e-06,-4.001645e-05,-3.725346e-05,-1.2620411e-05,-1.1787328e-05,-5.947515e-05,-6.50635e-05,-3.8419264e-05,0.00035192503,-7.2273197e-06,-4.1268715e-05,0.000109500994,-1.3488128e-05,-4.196171e-05,-3.6940444e-05,-5.86161e-05,-7.9188394e-05,-7.634658e-05,-5.373376e-05,-3.3728582e-05,-8.288142e-05,0.00037419636,-2.5839498e-05,-9.036639e-06,-2.169123e-05,-3.2429693e-05,-1.8447538e-05,0.0001155721,0.0010285578,-2.8239274e-05,-7.422494e-05,-5.224052e-05,-3.279128e-05,2.5453119e-05,-1.0628253e-05,-2.4162857e-05,-8.231678e-06,-3.3153767e-05,-3.356992e-05,-5.3480988e-05,-7.598743e-05,-7.881589e-05,-5.8340363e-05,-3.0011817e-05,0.00051483617
2.560325e-09,0.0,0.0,4.8957804e-06,2.4583735e-05,3.1356951e-06,0.0,0.0,0.0,0.0,2.72297e-06,0.0,0.0,3.587764e-10,0.0,0.0,0.0,0.0,0.0,0.0,0.0,0.0,0.0,0.0,0.0,0.0,1.6556825e-08,0.0,0.0,0.0,0.0,0.0,0.0,0.0,0.0,0.0,0.0,0.0,0.0,0.0,0.0,0.0,0.0,0.0,0.0,0.0,0.0,0.0,0.0,1.0303041e-06
8.555131e-09,0.0,0.0,1.1863561e-06,1.0432866e-07,4.3863903e-07,1.01911816e-07,0.0,0.0,0.0,3.2831806e-05,2.486252e-05,2.4570008e-05,1.5090973e-06,2.1129897e-06,4.029496e-06,3.975918e-07,1.3663465e-08,1.5854775e-08,1.4521484e-06,5.5732954e-07,1.0290114e-07,5.130418e-10,0.0,0.0,0.0,3.927755e-08,0.0,6.613581e-07,1.3729738e-06,2.9503647e-06,6.915325e-06,2.5205642e-07,3.976167e-09,1.0833942e-06,0.0,4.124137e-08,2.8075243e-07,2.0664918e-06,1.2157768e-06,1.4975033e-06,3.1848892e-06,2.0411742e-06,6.5029036e-07,1.0157154e-07,5.564748e-10,0.0,0.0,1.5318138e-06,0.0
8.362598e-07,5.0215294e-07,6.503666e-08,9.841754e-08,0.0,0.0,0.0,0.0,0.0,0.0,0.0,0.0,0.0,0.0,0.0,0.0,0.0,0.0,0.0,0.0,0.0,0.0,0.0,0.0,0.0,0.0,0.0,0.0,0.0,0.0,0.0,0.0,0.0,0.0,0.0,0.0,0.0,0.0,0.0,0.0,0.0,2.7051217e-07,0.0,0.0,0.0,0.0,0.0,0.0,0.0,0.0
