0.00021510807,-1.15319665e-08,2.325419e-06,3.0872382e-06,-1.8841378e-05,1.7438322e-05,-5.6376695e-05,-3.1990625e-05,-0.00016789329,-4.1668358e-05,5.4520306e-06,-1.10794645e-05,-8.704104e-06,2.8546551e-06,1.6460492e-05,-9.931881e-06,-1.2380063e-05,-3.7697428e-05,-8.073658e-05,-5.0898107e-05,-9.905971e-05,-0.0001257181,-0.00014983297,-0.00012185235,-4.980866e-05,-3.145698e-05,4.138128e-06,-5.0661856e-06,-2.4466677e-05,-9.1695176e-05,-5.11517e-05,-2.6411491e-05,-4.6239915e-05,-2.4088738e-05,-2.2759461e-05,-4.7648682e-05,-6.890471e-05,-0.00010038559,-8.350927e-06,-0.00010616481,-7.468482e-05,-1.37300585e-05,-6.98634e-05,-7.020282e-05,-0.00012193775,-9.95986e-05,-0.00011508532,-7.8242236e-05,-1.4797342e-05,-3.6417993e-07
-1.15319665e-08,0.00010021519,2.8954037e-07,4.550894e-08,-2.7743147e-07,5.897336e-07,-4.97805e-07,-3.2013256e-07,-1.1906856e-06,-3.2403813e-07,1.290565e-07,1.7706598e-06,1.3792886e-06,-1.9352894e-08,-1.5441422e-07,6.418416e-07,4.9620127e-08,-1.7262873e-07,-4.7138374e-07,-4.191536e-07,-8.0971114e-07,-1.0079416e-06,-9.697305e-07,-3.1571443e-07,2.7902722e-08,6.932198e-08,-5.346949e-08,8.3234926e-07,-2.2150067e-07,-6.9298306e-07,-4.539649e-07,-2.3607245e-07,-3.907849e-07,-2.4292126e-07,-2.5423523e-07,-1.8835976e-10,-3.57322e-07,-7.089686e-07,-1.0740846e-07,-7.75356e-07,-5.8147555e-07,-1.3045295e-07,-5.7512375e-07,-5.4374453e-07,-9.140842e-07,-6.490628e-07,-3.5394515e-07,-3.036866e-07,-1.4718123e-07,5.1637098e-08
2.325419e-06,2.8954037e-07,0.00010066482,-4.4459384e-08,-8.2071836e-07,7.0034275e-07,-2.0232271e-06,-1.1699556e-06,-5.6679373e-06,-1.4382813e-06,1.19036436e-07,-3.1477526e-08,3.2876972e-08,8.308705e-08,3.6273283e-07,-4.591714e-08,7.0511774e-08,-9.146897e-07,-2.2805189e-06,-1.8285314e-06,-3.508279e-06,-4.453238e-06,-5.185687e-06,-4.009537e-06,-1.5794097e-06,-8.7608385e-07,2.0003231e-08,1.7111172e-06,-8.4346357e-07,-3.07392e-06,-1.7792619e-06,-9.519768e-07,-1.6857305e-06,-8.8582897e-07,-9.262732e-07,-1.684632e-06,-2.4311985e-06,-3.4575864e-06,-3.0487527e-07,-3.5625112e-06,-2.4917072e-06,-5.06825e-07,-2.3198118e-06,-2.463657e-06,-4.2418274e-06,-3.531817e-06,-3.918939e-06,-2.656553e-06,-6.219013e-07,1.9678569e-07
3.0872382e-06,4.550894e-08,-4.4459384e-08,0.00011991559,-3.2183477e-06,8.301453e-06,-9.81465e-06,-6.791405e-06,-3.1390573e-05,-8.325317e-06,9.95782e-06,6.377924e-06,1.1326124e-06,2.1931091e-06,7.604904e-06,2.0586742e-06,-3.294881e-06,-8.152068e-06,-1.7132656e-05,-5.49176e-07,-1.4877789e-05,-2.2609587e-05,-2.4573248e-05,-1.2136238e-05,-7.975875e-07,-8.467384e-06,3.6125087e-07,-4.990139e-06,-4.9519654e-06,-1.7346225e-05,-9.8425735e-06,-4.5976067e-06,-4.0395703e-06,-5.711666e-06,7.983488e-06,7.081325e-06,-4.2842826e-06,-1.5260342e-05,-1.668092e-06,-1.989951e-05,-1.4491547e-05,-1.653968e-07,-1.3739698e-05,-8.760954e-06,-1.9783554e-05,-1.2877239e-05,-5.8044243e-06,-6.8215336e-06,1.069407e-05,-1.1652933e-06
-1.8841378e-05,-2.7743147e-07,-8.2071836e-07,-3.2183477e-06,0.00014112476,-6.5485083e-06,3.166894e-05,1.3959194e-05,1.3982843e-05,2.4348353e-06,-2.2909453e-06,-3.7546815e-06,-2.302012e-06,-8.5198053e-07,-3.7056152e-06,-4.4086772e-07,8.292422e-06,1.9071393e-05,1.8354302e-05,1.00621255e-05,1.646792e-05,1.2637346e-05,9.628659e-06,1.2056911e-05,2.2848522e-05,8.378135e-06,5.403248e-07,-2.9297244e-06,1.6043026e-05,1.6243528e-05,3.391524e-05,2.0924825e-05,1.2798172e-05,9.506795e-06,7.958631e-06,1.2412541e-05,2.7932088e-05,2.4084933e-05,3.8728645e-06,1.8768109e-05,2.4847563e-05,2.0827438e-06,2.103752e-05,1.3748322e-05,2.7556118e-05,1.5867536e-05,9.845642e-06,1.16536185e-05,3.4700606e-06,-1.3872344e-06
1.7438322e-05,5.897336e-07,7.0034275e-07,8.301453e-06,-6.5485083e-06,0.00019595656,-1.8609056e-05,-1.1037306e-05,-5.110495e-05,-1.3195426e-05,2.7640954e-08,8.886441e-06,5.0319923e-06,2.9261646e-05,5.8771602e-05,-3.5145977e-06,-9.407421e-07,-1.1787516e-05,-2.663426e-05,-1.4733994e-05,-3.11099e-05,-4.0981267e-05,-4.8292783e-05,-3.8461072e-05,-1.6188791e-05,-1.3777939e-05,2.4004816e-05,-3.8586645e-06,-7.3038545e-06,-2.8247767e-05,-1.6624188e-05,-9.200299e-06,3.223721e-05,2.8494924e-06,-5.9927197e-06,-1.8001934e-05,-2.2781463e-05,-3.0897623e-05,-2.0934856e-06,-3.20959e-05,-2.3556953e-05,-2.8795641e-06,-2.2453823e-05,-2.12738e-05,-3.823355e-05,-3.3323977e-05,-3.825997e-05,-2.6264644e-05,-1.7326174e-06,1.8544035e-06
-5.6376695e-05,-4.97805e-07,-2.0232271e-06,-9.81465e-06,3.166894e-05,-1.8609056e-05,0.00023925732,3.1751864e-05,8.671236e-05,1.319018e-05,-7.702392e-06,-9.01096e-06,-4.8751044e-06,-4.111668e-06,-1.3563997e-05,-6.433423e-07,2.9706928e-06,5.0516446e-05,0.00015651685,7.387482e-05,0.00018512899,0.00013425898,8.071958e-05,4.554887e-05,2.1090938e-05,8.9846835e-06,-8.840476e-06,-9.054631e-06,1.969263e-05,0.00014509146,7.795454e-05,1.5372543e-05,5.198358e-05,4.3674518e-07,1.9047868e-05,3.7667825e-05,0.00011128327,0.00021971407,1.15544035e-05,0.00016645466,8.2955026e-05,1.2737509e-05,0.0001085227,0.00013156151,0.000245755,0.00010679278,5.286807e-05,2.4637206e-05,1.2809416e-05,-4.302507e-06
-3.1990625e-05,-3.2013256e-07,-1.1699556e-06,-6.791405e-06,1.3959194e-05,-1.1037306e-05,3.1751864e-05,0.00014912696,3.721686e-05,2.0792671e-05,-5.1221245e-06,-7.36656e-06,-4.3285186e-06,-3.248794e-06,-9.649755e-06,-3.2407027e-06,2.099407e-06,2.4300603e-05,4.843618e-05,8.47656e-06,2.6757989e-05,2.4720171e-05,2.5401503e-05,2.5011974e-05,2.0525418e-05,5.858763e-05,-3.9915935e-06,1.2516068e-06,1.8542729e-05,5.45468e-05,4.9643357e-05,4.1906e-06,1.8247305e-05,1.1637707e-05,3.9145363e-07,1.4717743e-05,2.2076083e-05,3.873121e-05,3.8774206e-06,4.0706233e-05,2.6811354e-05,1.4238145e-06,4.5253335e-05,1.9083513e-05,4.2542837e-05,2.4114664e-05,2.925089e-05,3.9766557e-05,-4.4066076e-07,-2.427962e-06
-0.00016789329,-1.1906856e-06,-5.6679373e-06,-3.1390573e-05,1.3982843e-05,-5.110495e-05,8.671236e-05,3.721686e-05,0.0008993487,0.00012416297,-2.6466443e-05,-2.8611721e-05,-1.653254e-05,-1.5578167e-05,-4.850351e-05,-1.09864195e-05,-8.393695e-06,3.632372e-05,0.00012237916,4.531763e-05,0.0001671649,0.0003941697,0.00065047917,0.00055343343,0.00017761269,5.9039958e-05,-2.6448783e-05,-2.247309e-05,1.6017293e-05,0.0001669337,7.0558155e-05,2.7514569e-05,0.000104176455,1.7712871e-05,7.983043e-07,0.00010799471,0.00015293714,0.00016356031,8.64944e-06,0.00020663765,0.000160322,2.3367362e-05,0.00010873903,8.3699946e-05,0.00023457952,0.00033098654,0.00044238867,0.0002657066,-1.7032269e-06,-9.804094e-06
-4.1668358e-05,-3.2403813e-07,-1.4382813e-06,-8.325317e-06,2.4348353e-06,-1.3195426e-05,1.319018e-05,2.0792671e-05,0.00012416297,0.00018450964,-6.81595e-06,-8.03552e-06,-4.760972e-06,-4.58421e-06,-1.306953e-05,-4.0051004e-06,-2.2059364e-06,1.1877884e-05,2.8097977e-05,3.6172914e-06,1.579275e-05,3.6769954e-05,8.452003e-05,9.7827535e-05,3.968422e-05,5.1135677e-05,-6.0165316e-06,-2.006906e-06,7.729498e-06,3.8182152e-05,1.817186e-05,3.1778277e-06,3.0938565e-05,2.087941e-05,-1.4179975e-06,4.014261e-05,2.8010432e-05,2.1454696e-05,1.8319691e-06,3.1582167e-05,1.9832041e-05,1.7750974e-06,1.9926942e-05,8.8892375e-06,2.5755031e-05,4.750112e-05,0.00012713563,0.00013268604,-1.8882995e-06,-2.5711286e-06
5.4520306e-06,1.290565e-07,1.19036436e-07,9.95782e-06,-2.2909453e-06,2.7640954e-08,-7.702392e-06,-5.1221245e-06,-2.6466443e-05,-6.81595e-06,0.00011223155,5.8478263e-06,1.9653426e-06,-1.026513e-06,1.4913722e-07,6.4795104e-06,-3.1570394e-06,-6.727779e-06,-1.409339e-05,1.1804577e-06,-1.1950853e-05,-1.8316954e-05,-1.8820156e-05,-5.1617235e-06,5.23136e-06,-4.766074e-06,-1.2672194e-06,-3.7735492e-06,-4.0736677e-06,-1.44674905e-05,-7.748154e-06,-3.1920833e-06,-8.077406e-06,-5.617142e-06,8.612872e-06,1.3345668e-05,-2.0521338e-06,-1.2482324e-05,-1.5433691e-06,-1.7026081e-05,-1.20878385e-05,-1.2831039e-06,-1.1148545e-05,-6.4271785e-06,-1.6218259e-05,-9.332962e-06,1.3535525e-06,1.3240984e-07,7.552757e-06,-1.409232e-06
-1.10794645e-05,1.7706598e-06,-3.1477526e-08,6.377924e-06,-3.7546815e-06,8.886441e-06,-9.01096e-06,-7.36656e-06,-2.8611721e-05,-8.03552e-06,5.8478263e-06,0.00019603437,5.060659e-05,-2.169516e-06,-3.6821734e-06,7.676262e-06,-4.601025e-06,-8.136078e-06,-1.6280681e-05,2.823392e-05,-2.3361179e-06,-1.819793e-05,-2.5394285e-05,-1.997831e-05,-8.434801e-06,-7.962381e-06,-2.1743392e-06,-3.7365903e-06,-5.0375575e-06,-1.4839676e-05,-8.616249e-06,-2.8612112e-06,-9.242843e-06,-7.524243e-06,2.2837332e-05,-1.0165281e-05,-1.0497964e-05,-9.8280925e-06,-1.8375401e-06,-1.6758426e-05,-1.2683007e-05,5.5057644e-06,-1.2068548e-05,6.939017e-06,-1.3911493e-05,-1.6999575e-05,-2.1306352e-05,-1.534981e-05,1.8365326e-05,-9.574666e-07
-8.704104e-06,1.3792886e-06,3.2876972e-08,1.1326124e-06,-2.302012e-06,5.0319923e-06,-4.8751044e-06,-4.3285186e-06,-1.653254e-05,-4.760972e-06,1.9653426e-06,5.060659e-05,0.00015003403,-1.7171201e-06,-3.1889413e-06,1.1731699e-05,-2.9083644e-06,-4.719401e-06,-9.237063e-06,1.0351345e-05,-1.8467858e-06,-9.383129e-06,-1.2183684e-05,-7.1385575e-06,-2.6295495e-06,-1.778726e-06,-1.6786774e-06,-2.221417e-06,-2.9648436e-06,-8.358095e-06,-5.021112e-06,-1.1702073e-06,-5.7938787e-06,-4.553741e-06,7.166946e-06,-4.16782e-06,-4.9242035e-06,-4.7731737e-06,-1.1983342e-06,-9.304723e-06,-7.19679e-06,1.8102426e-06,-6.9034677e-06,3.0704537e-06,-7.3724023e-06,-8.407829e-06,-9.447033e-06,-7.285515e-06,5.2639243e-06,-6.0820093e-07
2.8546551e-06,-1.9352894e-08,8.308705e-08,2.1931091e-06,-8.5198053e-07,2.9261646e-05,-4.111668e-06,-3.248794e-06,-1.5578167e-05,-4.58421e-06,-1.026513e-06,-2.169516e-06,-1.7171201e-06,0.000114866525,1.8933762e-05,-2.6892762e-06,8.51224e-06,7.3454586e-08,-4.030279e-06,-2.735815e-06,-6.749322e-06,-1.1504604e-05,-1.5825306e-05,-1.4038681e-05,-6.4234137e-06,-6.3871476e-06,1.4643878e-05,1.2819153e-06,-5.3538514e-07,-6.6990733e-06,-4.298035e-06,-3.550858e-06,1.8027435e-05,1.116198e-05,-5.498937e-07,-6.929309e-06,-6.4673536e-06,-6.2406707e-06,1.1098736e-06,-6.1055425e-06,-5.2730215e-06,-3.486752e-07,-5.1672696e-06,-4.1232597e-06,-8.272234e-06,-1.0095639e-05,-1.395946e-05,-1.0004702e-05,1.2398039e-07,6.3833922e-06
1.6460492e-05,-1.5441422e-07,3.6273283e-07,7.604904e-06,-3.7056152e-06,5.8771602e-05,-1.3563997e-05,-9.649755e-06,-4.850351e-05,-1.306953e-05,1.4913722e-07,-3.6821734e-06,-3.1889413e-06,1.8933762e-05,0.00014153824,-4.7591493e-06,4.3374794e-06,-7.0709175e-06,-1.9007817e-05,-8.836529e-06,-2.2922904e-05,-3.477759e-05,-4.524618e-05,-3.8566228e-05,-1.6635737e-05,-1.4428944e-05,1.6727698e-05,-3.3259104e-07,-5.1179727e-06,-2.354102e-05,-1.3370353e-05,-8.374172e-06,1.8934235e-05,1.4547386e-06,-1.1301973e-06,-1.6555732e-05,-1.884144e-05,-2.3093713e-05,-8.330393e-07,-2.5301328e-05,-1.8934195e-05,-1.480247e-06,-1.7852602e-05,-1.4527905e-05,-2.9188823e-05,-2.8898972e-05,-3.7178947e-05,-2.6152882e-05,5.520495e-07,1.0239696e-06
-9.931881e-06,6.418416e-07,-4.591714e-08,2.0586742e-06,-4.4086772e-07,-3.5145977e-06,-6.433423e-07,-3.2407027e-06,-1.09864195e-05,-4.0051004e-06,6.4795104e-06,7.676262e-06,1.1731699e-05,-2.6892762e-06,-4.7591493e-06,0.00015648367,-3.8670246e-06,-4.5981606e-06,-8.065959e-06,8.125417e-06,5.503768e-06,2.0458447e-07,6.3904217e-06,2.341332e-05,1.2229685e-05,5.817065e-06,-3.5742364e-06,-4.2254705e-06,-2.8189972e-06,-6.1498154e-06,-3.0965812e-06,6.09413e-06,-5.958992e-06,-5.1333245e-06,3.8837916e-06,1.3045913e-05,6.8085824e-06,5.204848e-06,-1.3011584e-06,-7.1849317e-06,-4.763373e-06,8.2426794e-07,-5.077016e-06,1.1408435e-05,1.03257e-06,5.1499833e-06,1.590787e-05,6.815115e-06,1.087058e-06,-1.7258194e-06
-1.2380063e-05,4.9620127e-08,7.0511774e-08,-3.294881e-06,8.292422e-06,-9.407421e-07,2.9706928e-06,2.099407e-06,-8.393695e-06,-2.2059364e-06,-3.1570394e-06,-4.601025e-06,-2.9083644e-06,8.51224e-06,4.3374794e-06,-3.8670246e-06,0.0001647424,3.0318832e-05,2.0745565e-05,-1.1531535e-07,1.6323847e-06,-5.50573e-06,-1.16808205e-05,-1.1176432e-05,-5.552919e-06,-5.963943e-06,2.2832211e-05,2.1643013e-05,1.4465413e-05,3.063894e-06,3.686079e-08,-3.3317674e-06,3.132975e-05,3.2073192e-05,-4.6045292e-07,-4.3717496e-06,-5.3675615e-07,5.7309007e-06,9.165415e-06,1.3580668e-05,6.632945e-06,-3.5360551e-07,3.603345e-06,2.1720402e-06,4.313701e-06,-4.7994763e-06,-1.0219561e-05,-7.4624486e-06,-4.451906e-07,7.108696e-06
-3.7697428e-05,-1.7262873e-07,-9.146897e-07,-8.152068e-06,1.9071393e-05,-1.1787516e-05,5.0516446e-05,2.4300603e-05,3.632372e-05,1.1877884e-05,-6.727779e-06,-8.136078e-06,-4.719401e-06,7.3454586e-08,-7.0709175e-06,-4.5981606e-06,3.0318832e-05,0.00018507271,0.0001285695,2.3143208e-05,6.358791e-05,4.2806965e-05,2.1439622e-05,9.654144e-06,2.0655875e-06,3.1977718e-06,3.0269616e-06,2.243894e-05,4.5832057e-05,5.4436754e-05,1.8629615e-05,-5.551123e-07,5.600528e-05,3.076694e-05,4.5157312e-06,1.3151937e-05,4.2073785e-05,9.389569e-05,1.37904435e-05,8.5477994e-05,3.9343766e-05,2.9476791e-06,4.1820767e-05,4.8339043e-05,9.952705e-05,3.8981947e-05,2.1002386e-05,1.2100462e-05,3.3561275e-06,-1.1510834e-07
-8.073658e-05,-4.7138374e-07,-2.2805189e-06,-1.7132656e-05,1.8354302e-05,-2.663426e-05,0.00015651685,4.843618e-05,0.00012237916,2.8097977e-05,-1.409339e-05,-1.6280681e-05,-9.237063e-06,-4.030279e-06,-1.9007817e-05,-8.065959e-06,2.0745565e-05,0.0001285695,0.00042749755,8.3443876e-05,0.00022904754,0.00016034805,8.230131e-05,3.7727033e-05,1.02007525e-05,7.2348776e-06,-7.3755173e-06,1.4141133e-05,5.3343647e-05,0.0001776396,6.0078037e-05,1.7384483e-06,0.00010062406,2.2645816e-05,1.4053333e-05,3.5029007e-05,0.00012213488,0.0002923308,2.1117972e-05,0.00023279965,0.000100626086,1.1758375e-05,0.00012961712,0.00016602858,0.0003208738,0.00012874171,6.606252e-05,3.289589e-05,1.1936495e-05,-4.001932e-06
-5.0898107e-05,-4.191536e-07,-1.8285314e-06,-5.49176e-07,1.00621255e-05,-1.4733994e-05,7.387482e-05,8.47656e-06,4.531763e-05,3.6172914e-06,1.1804577e-06,2.823392e-05,1.0351345e-05,-2.735815e-06,-8.836529e-06,8.125417e-06,-1.1531535e-07,2.3143208e-05,8.3443876e-05,0.00024503877,0.00018358012,0.000101262565,3.6191912e-05,8.433719e-06,6.096524e-07,-9.761658e-06,-8.32137e-06,-9.35363e-06,9.328379e-06,9.991407e-05,4.0408973e-05,8.850571e-06,2.7021235e-05,-3.2965147e-06,9.150376e-05,9.292657e-06,5.555282e-05,0.00015678907,7.232386e-06,0.00012376401,5.241558e-05,2.4166417e-05,7.436125e-05,0.00016286311,0.00017428758,6.034407e-05,1.3489234e-05,1.3136625e-07,5.1462073e-05,-3.8277203e-06
-9.905971e-05,-8.0971114e-07,-3.508279e-06,-1.4877789e-05,1.646792e-05,-3.11099e-05,0.00018512899,2.6757989e-05,0.0001671649,1.579275e-05,-1.1950853e-05,-2.3361179e-06,-1.8467858e-06,-6.749322e-06,-2.2922904e-05,5.503768e-06,1.6323847e-06,6.358791e-05,0.00022904754,0.00018358012,0.00051373587,0.00032158894,0.00013756595,4.229597e-05,9.107865e-06,-1.4245753e-05,-1.6181531e-05,-1.7400873e-05,2.422541e-05,0.0002701152,0.00010151997,1.8296298e-05,7.638157e-05,-3.4554123e-06,5.9317856e-05,3.356175e-05,0.00014892926,0.0003725497,1.7782986e-05,0.00035524822,0.00015807006,3.3227218e-05,0.00019967798,0.0002837223,0.00046039434,0.00019227219,5.8719957e-05,1.2526093e-05,3.4662593e-05,-7.2223384e-06
-0.0001257181,-1.0079416e-06,-4.453238e-06,-2.2609587e-05,1.2637346e-05,-4.0981267e-05,0.00013425898,2.4720171e-05,0.0003941697,3.6769954e-05,-1.8316954e-05,-1.819793e-05,-9.383129e-06,-1.1504604e-05,-3.477759e-05,2.0458447e-07,-5.50573e-06,4.2806965e-05,0.00016034805,0.000101262565,0.00032158894,0.0006445856,0.000398515,0.00015870329,4.1407944e-05,-4.718717e-06,-2.2263028e-05,-2.30069e-05,1.6111642e-05,0.00021244983,9.4178766e-05,2.6035566e-05,8.276756e-05,-1.7910049e-06,1.7978833e-05,5.9840266e-05,0.00016531615,0.00027181781,1.18870485e-05,0.00030958513,0.00022557031,3.5522862e-05,0.00016079519,0.0001698248,0.00041180267,0.00032328579,0.0001701646,5.8370453e-05,1.0390684e-05,-9.355745e-06
-0.00014983297,-9.697305e-07,-5.185687e-06,-2.4573248e-05,9.628659e-06,-4.8292783e-05,8.071958e-05,2.5401503e-05,0.00065047917,8.452003e-05,-1.8820156e-05,-2.5394285e-05,-1.2183684e-05,-1.5825306e-05,-4.524618e-05,6.3904217e-06,-1.16808205e-05,2.1439622e-05,8.230131e-05,3.6191912e-05,0.00013756595,0.000398515,0.0007997272,0.00044262083,0.00012651825,3.2557546e-05,-2.6696816e-05,-2.5721543e-05,9.411551e-06,0.00013980333,6.871225e-05,2.9747163e-05,8.1538565e-05,6.5757054e-06,9.042662e-07,0.00012280847,0.00016549409,0.00014120383,5.810955e-06,0.0001714183,0.00017495452,2.512597e-05,9.695092e-05,6.817846e-05,0.00020083904,0.00034260214,0.00040955152,0.00018907076,-2.6227226e-06,-1.06730895e-05
-0.00012185235,-3.1571443e-07,-4.009537e-06,-1.2136238e-05,1.2056911e-05,-3.8461072e-05,4.554887e-05,2.5011974e-05,0.00055343343,9.7827535e-05,-5.1617235e-06,-1.997831e-05,-7.1385575e-06,-1.4038681e-05,-3.8566228e-05,2.341332e-05,-1.1176432e-05,9.654144e-06,3.7727033e-05,8.433719e-06,4.229597e-05,0.00015870329,0.00044262083,0.0006313212,0.000181186,6.689654e-05,-2.1460797e-05,-1.9443556e-05,5.0885706e-06,7.4895186e-05,3.8715836e-05,2.8247108e-05,5.008166e-05,9.687381e-06,-3.0270564e-06,0.00014413083,0.00012166399,6.24438e-05,1.8836537e-06,7.400954e-05,7.668871e-05,9.598447e-06,4.5540677e-05,2.1360955e-05,7.3723604e-05,0.00019464403,0.00039848202,0.0002610298,-5.5405867e-06,-8.469445e-06
-4.980866e-05,2.7902722e-08,-1.5794097e-06,-7.975875e-07,2.2848522e-05,-1.6188791e-05,2.1090938e-05,2.0525418e-05,0.00017761269,3.968422e-05,5.23136e-06,-8.434801e-06,-2.6295495e-06,-6.4234137e-06,-1.6635737e-05,1.2229685e-05,-5.552919e-06,2.0655875e-06,1.02007525e-05,6.096524e-07,9.107865e-06,4.1407944e-05,0.00012651825,0.000181186,0.00019991325,4.4510743e-05,-9.33246e-06,-8.139114e-06,2.0575371e-06,3.4379114e-05,2.875632e-05,2.7905173e-05,1.3252427e-05,2.8146246e-06,-2.1119126e-06,6.58004e-05,4.1334682e-05,1.8048246e-05,7.667621e-09,2.0824344e-05,2.2526958e-05,2.1656492e-06,1.9442237e-05,4.7545477e-06,1.9445226e-05,5.8509246e-05,0.00014057584,0.00011646112,-3.1535812e-06,-3.8213007e-06
-3.145698e-05,6.932198e-08,-8.7608385e-07,-8.467384e-06,8.378135e-06,-1.3777939e-05,8.9846835e-06,5.858763e-05,5.9039958e-05,5.1135677e-05,-4.766074e-06,-7.962381e-06,-1.778726e-06,-6.3871476e-06,-1.4428944e-05,5.817065e-06,-5.963943e-06,3.1977718e-06,7.2348776e-06,-9.761658e-06,-1.4245753e-05,-4.718717e-06,3.2557546e-05,6.689654e-05,4.4510743e-05,0.00020548081,-7.7775985e-06,-1.374769e-06,7.978723e-06,3.69477e-05,5.081095e-05,2.1017631e-06,5.1547077e-06,1.277707e-05,-6.8176887e-06,2.6072052e-05,6.1039914e-06,-8.809875e-06,-4.6951888e-07,5.825339e-06,9.184958e-06,-1.9692957e-06,2.4884472e-05,-1.051346e-05,-1.217905e-05,1.1013482e-05,6.873375e-05,0.00010282184,-6.154066e-06,-3.9855195e-06
4.138128e-06,-5.346949e-08,2.0003231e-08,3.6125087e-07,5.403248e-07,2.4004816e-05,-8.840476e-06,-3.9915935e-06,-2.6448783e-05,-6.0165316e-06,-1.2672194e-06,-2.1743392e-06,-1.6786774e-06,1.4643878e-05,1.6727698e-05,-3.5742364e-06,2.2832211e-05,3.0269616e-06,-7.3755173e-06,-8.32137e-06,-1.6181531e-05,-2.2263028e-05,-2.6696816e-05,-2.1460797e-05,-9.33246e-06,-7.7775985e-06,0.000121899015,3.5274897e-07,2.3763328e-06,-1.324516e-05,-8.093182e-06,-5.4656202e-06,1.9425319e-05,2.1123222e-05,-3.54636e-06,-9.578612e-06,-1.159148e-05,-1.495536e-05,3.2411704e-06,-1.1486973e-05,-9.587964e-06,-2.0315151e-06,-9.990367e-06,-1.1030788e-05,-1.9028223e-05,-1.7758106e-05,-2.0422072e-05,-1.3551744e-05,-1.9225768e-06,1.029806e-05
-5.0661856e-06,8.3234926e-07,1.7111172e-06,-4.990139e-06,-2.9297244e-06,-3.8586645e-06,-9.054631e-06,1.2516068e-06,-2.247309e-05,-2.006906e-06,-3.7735492e-06,-3.7365903e-06,-2.221417e-06,1.2819153e-06,-3.3259104e-07,-4.2254705e-06,2.1643013e-05,2.243894e-05,1.4141133e-05,-9.35363e-06,-1.7400873e-05,-2.30069e-05,-2.5721543e-05,-1.9443556e-05,-8.139114e-06,-1.374769e-06,3.5274897e-07,0.00020854168,1.02309705e-05,-8.391143e-06,-5.5775217e-06,-5.169141e-06,-5.4183884e-06,1.44523865e-05,-5.6765484e-06,-9.214255e-06,-1.1713701e-05,-1.4914387e-05,2.4263882e-06,8.0897394e-07,-1.3148838e-06,-2.7133879e-06,-4.6588884e-06,-1.1486596e-05,-1.954679e-05,-1.8102537e-05,-1.8748888e-05,-1.0085287e-05,-4.3895175e-06,3.1915702e-06
-2.4466677e-05,-2.2150067e-07,-8.4346357e-07,-4.9519654e-06,1.6043026e-05,-7.3038545e-06,1.969263e-05,1.8542729e-05,1.6017293e-05,7.729498e-06,-4.0736677e-06,-5.0375575e-06,-2.9648436e-06,-5.3538514e-07,-5.1179727e-06,-2.8189972e-06,1.4465413e-05,4.5832057e-05,5.3343647e-05,9.328379e-06,2.422541e-05,1.6111642e-05,9.411551e-06,5.0885706e-06,2.0575371e-06,7.978723e-06,2.3763328e-06,1.02309705e-05,0.00013678201,3.292477e-05,1.5345891e-05,4.0865984e-07,2.7760305e-05,2.404254e-05,2.203263e-06,6.253716e-06,1.50799015e-05,3.2411648e-05,8.437009e-06,4.9003826e-05,2.6262464e-05,1.4821248e-06,2.8721259e-05,1.8158764e-05,3.4544115e-05,1.3911523e-05,8.072577e-06,7.215587e-06,1.0156331e-06,-5.885362e-07
-9.1695176e-05,-6.9298306e-07,-3.07392e-06,-1.7346225e-05,1.6243528e-05,-2.8247767e-05,0.00014509146,5.45468e-05,0.0001669337,3.8182152e-05,-1.44674905e-05,-1.4839676e-05,-8.358095e-06,-6.6990733e-06,-2.354102e-05,-6.1498154e-06,3.063894e-06,5.4436754e-05,0.0001776396,9.991407e-05,0.0002701152,0.00021244983,0.00013980333,7.4895186e-05,3.4379114e-05,3.69477e-05,-1.324516e-05,-8.391143e-06,3.292477e-05,0.0003779095,0.0001290502,1.1785732e-05,5.82227e-05,6.3635143e-06,1.4827308e-05,3.229516e-05,0.00010502808,0.00025875896,1.4459979e-05,0.00027870847,0.00013430713,1.9428431e-05,0.00020987894,0.00017430374,0.00031051724,0.00014196703,7.5999e-05,4.8906688e-05,1.0357849e-05,-5.470075e-06
-5.11517e-05,-4.539649e-07,-1.7792619e-06,-9.8425735e-06,3.391524e-05,-1.6624188e-05,7.795454e-05,4.9643357e-05,7.0558155e-05,1.817186e-05,-7.748154e-06,-8.616249e-06,-5.021112e-06,-4.298035e-06,-1.3370353e-05,-3.0965812e-06,3.686079e-08,1.8629615e-05,6.0078037e-05,4.0408973e-05,0.00010151997,9.4178766e-05,6.871225e-05,3.8715836e-05,2.875632e-05,5.081095e-05,-8.093182e-06,-5.5775217e-06,1.5345891e-05,0.0001290502,0.00021213114,1.4039824e-05,1.9017378e-05,8.793904e-07,1.21888825e-05,1.9671252e-05,6.140748e-05,0.000101795245,5.048169e-06,9.843831e-05,7.944433e-05,9.949983e-06,0.00011351141,6.599201e-05,0.00012539086,6.557035e-05,3.34366e-05,3.4431618e-05,6.136682e-06,-3.6204046e-06
-2.6411491e-05,-2.3607245e-07,-9.519768e-07,-4.5976067e-06,2.0924825e-05,-9.200299e-06,1.5372543e-05,4.1906e-06,2.7514569e-05,3.1778277e-06,-3.1920833e-06,-2.8612112e-06,-1.1702073e-06,-3.550858e-06,-8.374172e-06,6.09413e-06,-3.3317674e-06,-5.551123e-07,1.7384483e-06,8.850571e-06,1.8296298e-05,2.6035566e-05,2.9747163e-05,2.8247108e-05,2.7905173e-05,2.1017631e-06,-5.4656202e-06,-5.169141e-06,4.0865984e-07,1.1785732e-05,1.4039824e-05,0.0002011752,-5.698414e-07,-2.7441283e-06,2.0966118e-06,6.8691243e-06,1.3215934e-05,1.9663394e-05,-1.3687878e-07,9.66328e-06,1.4855e-05,4.665677e-06,9.471373e-06,1.44627065e-05,1.9183775e-05,1.582209e-05,1.3658468e-05,1.231133e-05,-7.121503e-08,-2.054521e-06
-4.6239915e-05,-3.907849e-07,-1.6857305e-06,-4.0395703e-06,1.2798172e-05,3.223721e-05,5.198358e-05,1.8247305e-05,0.000104176455,3.0938565e-05,-8.077406e-06,-9.242843e-06,-5.7938787e-06,1.8027435e-05,1.8934235e-05,-5.958992e-06,3.132975e-05,5.600528e-05,0.00010062406,2.7021235e-05,7.638157e-05,8.276756e-05,8.1538565e-05,5.008166e-05,1.3252427e-05,5.1547077e-06,1.9425319e-05,-5.4183884e-06,2.7760305e-05,5.82227e-05,1.9017378e-05,-5.698414e-07,0.00019844725,3.6598325e-05,6.478651e-06,2.5740643e-05,5.6252116e-05,9.9963276e-05,1.2390856e-05,8.5850406e-05,3.7123114e-05,5.935093e-06,3.902126e-05,5.1552513e-05,0.00011568457,7.47763e-05,8.347558e-05,4.6813424e-05,5.699395e-06,5.512843e-07
-2.4088738e-05,-2.4292126e-07,-8.8582897e-07,-5.711666e-06,9.506795e-06,2.8494924e-06,4.3674518e-07,1.1637707e-05,1.7712871e-05,2.087941e-05,-5.617142e-06,-7.524243e-06,-4.553741e-06,1.116198e-05,1.4547386e-06,-5.1333245e-06,3.2073192e-05,3.076694e-05,2.2645816e-05,-3.2965147e-06,-3.4554123e-06,-1.7910049e-06,6.5757054e-06,9.687381e-06,2.8146246e-06,1.277707e-05,2.1123222e-05,1.44523865e-05,2.404254e-05,6.3635143e-06,8.793904e-07,-2.7441283e-06,3.6598325e-05,0.00016536613,-2.288668e-06,7.1113536e-06,2.9345333e-06,7.967276e-07,8.708598e-06,2.1745947e-05,1.0971599e-05,-6.304302e-07,5.412515e-06,-2.2370514e-06,-5.650453e-07,3.4000795e-06,2.0804659e-05,2.590513e-05,-2.159443e-06,1.7505705e-05
-2.2759461e-05,-2.5423523e-07,-9.262732e-07,7.983488e-06,7.958631e-06,-5.9927197e-06,1.9047868e-05,3.9145363e-07,7.983043e-07,-1.4179975e-06,8.612872e-06,2.2837332e-05,7.166946e-06,-5.498937e-07,-1.1301973e-06,3.8837916e-06,-4.6045292e-07,4.5157312e-06,1.4053333e-05,9.150376e-05,5.9317856e-05,1.7978833e-05,9.042662e-07,-3.0270564e-06,-2.1119126e-06,-6.8176887e-06,-3.54636e-06,-5.6765484e-06,2.203263e-06,1.4827308e-05,1.21888825e-05,2.0966118e-06,6.478651e-06,-2.288668e-06,0.00019229852,1.5376137e-06,1.630005e-05,4.4314103e-05,1.949881e-06,1.7903254e-05,9.45385e-06,1.48591425e-05,1.3242577e-05,7.208717e-05,4.2958596e-05,1.0638716e-05,-1.3602612e-06,-3.8663825e-06,5.556481e-05,-1.9447189e-06
-4.7648682e-05,-1.8835976e-10,-1.684632e-06,7.081325e-06,1.2412541e-05,-1.8001934e-05,3.7667825e-05,1.4717743e-05,0.00010799471,4.014261e-05,1.3345668e-05,-1.0165281e-05,-4.16782e-06,-6.929309e-06,-1.6555732e-05,1.3045913e-05,-4.3717496e-06,1.3151937e-05,3.5029007e-05,9.292657e-06,3.356175e-05,5.9840266e-05,0.00012280847,0.00014413083,6.58004e-05,2.6072052e-05,-9.578612e-06,-9.214255e-06,6.253716e-06,3.229516e-05,1.9671252e-05,6.8691243e-06,2.5740643e-05,7.1113536e-06,1.5376137e-06,0.00021733603,8.870606e-05,5.3710377e-05,1.7698808e-06,3.9436687e-05,2.6417814e-05,2.3982332e-06,2.2436087e-05,2.1834008e-05,5.8995844e-05,9.338908e-05,0.00018754555,0.00011474377,-1.1226654e-06,-4.805105e-06
-6.890471e-05,-3.57322e-07,-2.4311985e-06,-4.2842826e-06,2.7932088e-05,-2.2781463e-05,0.00011128327,2.2076083e-05,0.00015293714,2.8010432e-05,-2.0521338e-06,-1.0497964e-05,-4.9242035e-06,-6.4673536e-06,-1.884144e-05,6.8085824e-06,-5.3675615e-07,4.2073785e-05,0.00012213488,5.555282e-05,0.00014892926,0.00016531615,0.00016549409,0.00012166399,4.1334682e-05,6.1039914e-06,-1.159148e-05,-1.1713701e-05,1.50799015e-05,0.00010502808,6.140748e-05,1.3215934e-05,5.6252116e-05,2.9345333e-06,1.630005e-05,8.870606e-05,0.00024049614,0.00018196131,8.330206e-06,0.00013352699,8.16194e-05,1.1660919e-05,7.968703e-05,9.984662e-05,0.00021519058,0.00015379046,0.0001520297,6.727309e-05,9.119361e-06,-5.3748595e-06
-0.00010038559,-7.089686e-07,-3.4575864e-06,-1.5260342e-05,2.4084933e-05,-3.0897623e-05,0.00021971407,3.873121e-05,0.00016356031,2.1454696e-05,-1.2482324e-05,-9.8280925e-06,-4.7731737e-06,-6.2406707e-06,-2.3093713e-05,5.204848e-06,5.7309007e-06,9.389569e-05,0.0002923308,0.00015678907,0.0003725497,0.00027181781,0.00014120383,6.24438e-05,1.8048246e-05,-8.809875e-06,-1.495536e-05,-1.4914387e-05,3.2411648e-05,0.00025875896,0.000101795245,1.9663394e-05,9.9963276e-05,7.967276e-07,4.4314103e-05,5.3710377e-05,0.00018196131,0.00050932623,2.101326e-05,0.00032284672,0.00013926675,2.6280311e-05,0.0001843033,0.0002679404,0.00046671205,0.0001954402,8.265266e-05,2.6935773e-05,2.7949674e-05,-6.567928e-06
-8.350927e-06,-1.0740846e-07,-3.0487527e-07,-1.668092e-06,3.8728645e-06,-2.0934856e-06,1.15544035e-05,3.8774206e-06,8.64944e-06,1.8319691e-06,-1.5433691e-06,-1.8375401e-06,-1.1983342e-06,1.1098736e-06,-8.330393e-07,-1.3011584e-06,9.165415e-06,1.37904435e-05,2.1117972e-05,7.232386e-06,1.7782986e-05,1.18870485e-05,5.810955e-06,1.8836537e-06,7.667621e-09,-4.6951888e-07,3.2411704e-06,2.4263882e-06,8.437009e-06,1.4459979e-05,5.048169e-06,-1.3687878e-07,1.2390856e-05,8.708598e-06,1.949881e-06,1.7698808e-06,8.330206e-06,2.101326e-05,0.00010342279,2.1090376e-05,8.882587e-06,1.2240196e-06,1.058584e-05,1.295191e-05,2.3168863e-05,8.690782e-06,3.1857362e-06,1.3501776e-06,1.272815e-06,2.103946e-06
-0.00010616481,-7.75356e-07,-3.5625112e-06,-1.989951e-05,1.8768109e-05,-3.20959e-05,0.00016645466,4.0706233e-05,0.00020663765,3.1582167e-05,-1.7026081e-05,-1.6758426e-05,-9.304723e-06,-6.1055425e-06,-2.5301328e-05,-7.1849317e-06,1.3580668e-05,8.5477994e-05,0.00023279965,0.00012376401,0.00035524822,0.00030958513,0.0001714183,7.400954e-05,2.0824344e-05,5.825339e-06,-1.1486973e-05,8.0897394e-07,4.9003826e-05,0.00027870847,9.843831e-05,9.66328e-06,8.5850406e-05,2.1745947e-05,1.7903254e-05,3.9436687e-05,0.00013352699,0.00032284672,2.1090376e-05,0.0004734439,0.00017353578,2.5221758e-05,0.00020690724,0.00021666542,0.00041281694,0.00019364402,8.876888e-05,3.933368e-05,1.34713555e-05,-5.19354e-06
-7.468482e-05,-5.8147555e-07,-2.4917072e-06,-1.4491547e-05,2.4847563e-05,-2.3556953e-05,8.2955026e-05,2.6811354e-05,0.000160322,1.9832041e-05,-1.20878385e-05,-1.2683007e-05,-7.19679e-06,-5.2730215e-06,-1.8934195e-05,-4.763373e-06,6.632945e-06,3.9343766e-05,0.000100626086,5.241558e-05,0.00015807006,0.00022557031,0.00017495452,7.668871e-05,2.2526958e-05,9.184958e-06,-9.587964e-06,-1.3148838e-06,2.6262464e-05,0.00013430713,7.944433e-05,1.4855e-05,3.7123114e-05,1.0971599e-05,9.45385e-06,2.6417814e-05,8.16194e-05,0.00013926675,8.882587e-06,0.00017353578,0.000249793,1.8947283e-05,0.00011608403,8.913729e-05,0.00019557822,0.00013273371,6.63368e-05,3.0769115e-05,5.0224435e-06,-3.974699e-06
-1.37300585e-05,-1.3045295e-07,-5.06825e-07,-1.653968e-07,2.0827438e-06,-2.8795641e-06,1.2737509e-05,1.4238145e-06,2.3367362e-05,1.7750974e-06,-1.2831039e-06,5.5057644e-06,1.8102426e-06,-3.486752e-07,-1.480247e-06,8.2426794e-07,-3.5360551e-07,2.9476791e-06,1.1758375e-05,2.4166417e-05,3.3227218e-05,3.5522862e-05,2.512597e-05,9.598447e-06,2.1656492e-06,-1.9692957e-06,-2.0315151e-06,-2.7133879e-06,1.4821248e-06,1.9428431e-05,9.949983e-06,4.665677e-06,5.935093e-06,-6.304302e-07,1.48591425e-05,2.3982332e-06,1.1660919e-05,2.6280311e-05,1.2240196e-06,2.5221758e-05,1.8947283e-05,0.00010692486,1.5691803e-05,2.550544e-05,3.343068e-05,1.9244037e-05,7.737762e-06,2.0905838e-06,8.539144e-06,-1.0054548e-06
-6.98634e-05,-5.7512375e-07,-2.3198118e-06,-1.3739698e-05,2.103752e-05,-2.2453823e-05,0.0001085227,4.5253335e-05,0.00010873903,1.9926942e-05,-1.1148545e-05,-1.2068548e-05,-6.9034677e-06,-5.1672696e-06,-1.7852602e-05,-5.077016e-06,3.603345e-06,4.1820767e-05,0.00012961712,7.436125e-05,0.00019967798,0.00016079519,9.695092e-05,4.5540677e-05,1.9442237e-05,2.4884472e-05,-9.990367e-06,-4.6588884e-06,2.8721259e-05,0.00020987894,0.00011351141,9.471373e-06,3.902126e-05,5.412515e-06,1.3242577e-05,2.2436087e-05,7.968703e-05,0.0001843033,1.058584e-05,0.00020690724,0.00011608403,1.5691803e-05,0.00028207988,0.00012663245,0.00022685723,0.00010256034,4.6127163e-05,2.8515258e-05,8.263011e-06,-4.3316372e-06
-7.020282e-05,-5.4374453e-07,-2.463657e-06,-8.760954e-06,1.3748322e-05,-2.12738e-05,0.00013156151,1.9083513e-05,8.3699946e-05,8.8892375e-06,-6.4271785e-06,6.939017e-06,3.0704537e-06,-4.1232597e-06,-1.4527905e-05,1.1408435e-05,2.1720402e-06,4.8339043e-05,0.00016602858,0.00016286311,0.0002837223,0.0001698248,6.817846e-05,2.1360955e-05,4.7545477e-06,-1.051346e-05,-1.1030788e-05,-1.1486596e-05,1.8158764e-05,0.00017430374,6.599201e-05,1.44627065e-05,5.1552513e-05,-2.2370514e-06,7.208717e-05,2.1834008e-05,9.984662e-05,0.0002679404,1.295191e-05,0.00021666542,8.913729e-05,2.550544e-05,0.00012663245,0.00033051905,0.00029931997,0.00010796282,3.100356e-05,5.9760096e-06,3.8151018e-05,-4.8818774e-06
-0.00012193775,-9.140842e-07,-4.2418274e-06,-1.9783554e-05,2.7556118e-05,-3.823355e-05,0.000245755,4.2542837e-05,0.00023457952,2.5755031e-05,-1.6218259e-05,-1.3911493e-05,-7.3724023e-06,-8.272234e-06,-2.9188823e-05,1.03257e-06,4.313701e-06,9.952705e-05,0.0003208738,0.00017428758,0.00046039434,0.00041180267,0.00020083904,7.3723604e-05,1.9445226e-05,-1.217905e-05,-1.9028223e-05,-1.954679e-05,3.4544115e-05,0.00031051724,0.00012539086,1.9183775e-05,0.00011568457,-5.650453e-07,4.2958596e-05,5.8995844e-05,0.00021519058,0.00046671205,2.3168863e-05,0.00041281694,0.00019557822,3.343068e-05,0.00022685723,0.00029931997,0.0006790304,0.00026796834,9.9682125e-05,2.880062e-05,2.8703262e-05,-8.388007e-06
-9.95986e-05,-6.490628e-07,-3.531817e-06,-1.2877239e-05,1.5867536e-05,-3.3323977e-05,0.00010679278,2.4114664e-05,0.00033098654,4.750112e-05,-9.332962e-06,-1.6999575e-05,-8.407829e-06,-1.0095639e-05,-2.8898972e-05,5.1499833e-06,-4.7994763e-06,3.8981947e-05,0.00012874171,6.034407e-05,0.00019227219,0.00032328579,0.00034260214,0.00019464403,5.8509246e-05,1.1013482e-05,-1.7758106e-05,-1.8102537e-05,1.3911523e-05,0.00014196703,6.557035e-05,1.582209e-05,7.47763e-05,3.4000795e-06,1.0638716e-05,9.338908e-05,0.00015379046,0.0001954402,8.690782e-06,0.00019364402,0.00013273371,1.9244037e-05,0.00010256034,0.00010796282,0.00026796834,0.0003544921,0.00023234716,9.8181095e-05,5.594989e-06,-7.8225e-06
-0.00011508532,-3.5394515e-07,-3.918939e-06,-5.8044243e-06,9.845642e-06,-3.825997e-05,5.286807e-05,2.925089e-05,0.00044238867,0.00012713563,1.3535525e-06,-2.1306352e-05,-9.447033e-06,-1.395946e-05,-3.7178947e-05,1.590787e-05,-1.0219561e-05,2.1002386e-05,6.606252e-05,1.3489234e-05,5.8719957e-05,0.0001701646,0.00040955152,0.00039848202,0.00014057584,6.873375e-05,-2.0422072e-05,-1.8748888e-05,8.072577e-06,7.5999e-05,3.34366e-05,1.3658468e-05,8.347558e-05,2.0804659e-05,-1.3602612e-06,0.00018754555,0.0001520297,8.265266e-05,3.1857362e-06,8.876888e-05,6.63368e-05,7.737762e-06,4.6127163e-05,3.100356e-05,9.9682125e-05,0.00023234716,0.0005813837,0.00028785726,-4.2806337e-06,-8.827733e-06
-7.8242236e-05,-3.036866e-07,-2.656553e-06,-6.8215336e-06,1.16536185e-05,-2.6264644e-05,2.4637206e-05,3.9766557e-05,0.0002657066,0.00013268604,1.3240984e-07,-1.534981e-05,-7.285515e-06,-1.0004702e-05,-2.6152882e-05,6.815115e-06,-7.4624486e-06,1.2100462e-05,3.289589e-05,1.3136625e-07,1.2526093e-05,5.8370453e-05,0.00018907076,0.0002610298,0.00011646112,0.00010282184,-1.3551744e-05,-1.0085287e-05,7.215587e-06,4.8906688e-05,3.4431618e-05,1.231133e-05,4.6813424e-05,2.590513e-05,-3.8663825e-06,0.00011474377,6.727309e-05,2.6935773e-05,1.3501776e-06,3.933368e-05,3.0769115e-05,2.0905838e-06,2.8515258e-05,5.9760096e-06,2.880062e-05,9.8181095e-05,0.00028785726,0.0003748006,-4.961199e-06,-6.0540424e-06
-1.4797342e-05,-1.4718123e-07,-6.219013e-07,1.069407e-05,3.4700606e-06,-1.7326174e-06,1.2809416e-05,-4.4066076e-07,-1.7032269e-06,-1.8882995e-06,7.552757e-06,1.8365326e-05,5.2639243e-06,1.2398039e-07,5.520495e-07,1.087058e-06,-4.451906e-07,3.3561275e-06,1.1936495e-05,5.1462073e-05,3.4662593e-05,1.0390684e-05,-2.6227226e-06,-5.5405867e-06,-3.1535812e-06,-6.154066e-06,-1.9225768e-06,-4.3895175e-06,1.0156331e-06,1.0357849e-05,6.136682e-06,-7.121503e-08,5.699395e-06,-2.159443e-06,5.556481e-05,-1.1226654e-06,9.119361e-06,2.7949674e-05,1.272815e-06,1.34713555e-05,5.0224435e-06,8.539144e-06,8.263011e-06,3.8151018e-05,2.8703262e-05,5.594989e-06,-4.2806337e-06,-4.961199e-06,0.00013821087,-1.4589352e-06
-3.6417993e-07,5.1637098e-08,1.9678569e-07,-1.1652933e-06,-1.3872344e-06,1.8544035e-06,-4.302507e-06,-2.427962e-06,-9.804094e-06,-2.5711286e-06,-1.409232e-06,-9.574666e-07,-6.0820093e-07,6.3833922e-06,1.0239696e-06,-1.7258194e-06,7.108696e-06,-1.1510834e-07,-4.001932e-06,-3.8277203e-06,-7.2223384e-06,-9.355745e-06,-1.06730895e-05,-8.469445e-06,-3.8213007e-06,-3.9855195e-06,1.029806e-05,3.1915702e-06,-5.885362e-07,-5.470075e-06,-3.6204046e-06,-2.054521e-06,5.512843e-07,1.7505705e-05,-1.9447189e-06,-4.805105e-06,-5.3748595e-06,-6.567928e-06,2.103946e-06,-5.19354e-06,-3.974699e-06,-1.0054548e-06,-4.3316372e-06,-4.8818774e-06,-8.388007e-06,-7.8225e-06,-8.827733e-06,-6.0540424e-06,-1.4589352e-06,0.00013072451
