2.215532005857570319e-01,1.510795632701316393e-01,4.218453077889844915e-01,4.631621057000034902e-01,-2.203925642630231163e-01,2.575570379659080852e-02,1.438304766074572916e-01,1.579176659769037649e-01,-7.514405630072062969e-02,2.008021811839074411e-01,4.409387012208496048e-01,-2.098177071243704506e-01,2.420627817486966094e-01,-2.303678842706986807e-01,5.480950202255098491e-02
1.868354012022997113e+00,1.285273118411311088e+00,3.561770618439620062e+00,3.694025017433441693e+00,-1.219876172387649005e+00,2.210404155583555463e-01,1.225101881219748057e+00,1.270591928267724269e+00,-4.195869846054177676e-01,1.697511533780944104e+00,3.521085855840843770e+00,-1.162766553068913966e+00,1.825914781354639693e+00,-1.205941986896715168e+00,1.991188321890712820e-01
1.432683554223583011e-01,3.353283979172023976e-02,3.034275559644726838e-01,2.024084262721344007e-01,6.917191463715044453e-01,1.962141851182469272e-03,3.550954288738217279e-02,2.368746856438919482e-02,8.095056039332920728e-02,1.606570436422506964e-01,2.143400540521048780e-01,7.324947975377619214e-01,7.149026542739329859e-02,4.886277343891064495e-01,8.349285786913073215e-01
2.406641985848660681e-01,3.675155355022947101e-01,4.243057922203298804e-01,5.220709114211604662e-01,-6.311895676393577403e-01,1.403071890519573539e-01,3.239762527237526335e-01,3.986242484535137409e-01,-4.819411722193475689e-01,1.870193057072377651e-01,4.602215721496913381e-01,-5.564130251055684484e-01,2.831310578752412876e-01,-6.846172276446970129e-01,4.138549404516749797e-01
5.399715777975044873e-01,1.658573109870416618e+00,1.048414451692908367e+00,1.053276680984765346e+00,-3.639391252701946744e-01,1.273615535472142346e+00,1.610151431182820225e+00,1.617618826772780682e+00,-5.589364992737360094e-01,5.089031106979599040e-01,1.022526498968509889e+00,-3.533140022166471050e-01,5.136343338807721759e-01,-3.549525657523052158e-01,6.132345309853759474e-02
3.379497755196374964e+00,8.590410250257091818e+00,7.289110997770665179e+00,6.379844883594020466e+00,5.609760402683860114e+00,5.459032200439651206e+00,9.264165619614729508e+00,8.108525120161193200e+00,7.129778854062526428e+00,3.930402014332299743e+00,6.880223168305356296e+00,6.049740110522027869e+00,3.010981489493227858e+00,5.295076930916812863e+00,2.327965133808112874e+00
5.012230141515722437e+00,2.719902895619402461e+00,1.018643092986492960e+01,1.053305862182470953e+01,3.167296688413142380e+00,3.689910255877466017e-01,2.763849843274376106e+00,2.857899162284513572e+00,8.593718954309141900e-01,5.175509312184654043e+00,1.070324696812399345e+01,3.218472420457710648e+00,5.533730535029137698e+00,3.327991807024076820e+00,5.003645098686153592e-01
9.560498546066539260e-01,-1.929341157576739851e+00,1.855138482554537838e+00,1.669713575308479969e+00,2.936053671449526670e-01,9.733690362442024568e-01,-1.871866310188139204e+00,-1.684769422161909613e+00,-2.962528136941386392e-01,8.999370620872851889e-01,1.619973003224243868e+00,2.848588976038554654e-01,7.290266846796568112e-01,2.563866648497401535e-01,2.254174068458733582e-02
4.999786810837711371e-02,3.569145583105411412e-01,1.009261227481498407e-01,1.715646739613753413e-01,-3.640744809920180014e-01,6.369671685694577867e-01,3.602353848824995652e-01,6.123654082198413118e-01,-1.299490233200899514e+00,5.093258291981022506e-02,1.731609566425783009e-01,-3.674619253607016578e-01,1.471784621279746963e-01,-6.246498300053215935e-01,6.627793980249657713e-01
4.167229347741815970e-03,8.020781634965611084e-02,1.594883267278007083e-02,2.037542463058835893e-02,2.580027294113301228e-01,3.859455087986881638e-01,1.534857977882759517e-01,1.960857179245589221e-01,2.482924961827189581e+00,1.525985507386192624e-02,3.899044316413621813e-02,4.937144103589659050e-01,2.490611232507259493e-02,6.307446421751797816e-01,3.993385222472049634e+00
6.787269004138127282e-02,-7.227004241074461710e-01,1.688856766412328292e-01,1.733677056863295318e-01,3.133414425435154249e-01,1.923807287904177876e+00,-8.991374149151672990e-01,-9.229994740863773917e-01,-1.668211421107459680e+00,1.050583517360858116e-01,2.156929559202866997e-01,3.898392822756655551e-01,1.107085978050108277e-01,4.001851625233490140e-01,3.616434664494294626e-01
5.676218125004082182e-01,-1.716931144733010728e-01,1.075662980538920399e+00,9.917189219604721773e-01,-8.267970180190266083e-01,1.298334776269757622e-02,-1.626821971823257662e-01,-1.499865814206846060e-01,1.250439570280102997e-01,5.096046444220471150e-01,9.396708406550878800e-01,-7.834044826302354325e-01,4.331697613249023138e-01,-7.222680923571559441e-01,3.010778012537454473e-01
5.728416649847137276e-02,5.239365953618248251e-02,6.962012658020616529e-02,4.807300804567023883e-02,-4.139070031569802577e-01,1.198016715346054105e-02,3.183823237618887275e-02,2.198444151659446899e-02,-1.892853115321763979e-01,2.115314894724561537e-02,2.921268746504448316e-02,-2.515202691566763016e-01,1.008574552018988262e-02,-1.736758681254072234e-01,7.476717290936060190e-01
3.668960183383999096e-01,7.302458627468636498e-01,7.749860482876911316e-01,5.923114950294147141e-01,1.736297133719052255e+00,3.633584131506364945e-01,7.712407973403678785e-01,5.894490497082752745e-01,1.727906184618402285e+00,4.092463157276728936e-01,6.255629959778407079e-01,1.833770315099300996e+00,2.390547250504609922e-01,1.401526181376908209e+00,2.054211265506578066e+00
2.576742337088850920e-01,1.658401835156313009e+00,5.448432722664034999e-01,5.381846089302735336e-01,4.573594375182874483e-01,2.668385394285341938e+00,1.753316716214643911e+00,1.731889002357926088e+00,1.471791959151236284e+00,2.880130728062452183e-01,5.689863887288507671e-01,4.835353712954360561e-01,2.810163332208291398e-01,4.776259668621688492e-01,2.029477803001529523e-01
1.994647045735528312e+00,4.601419013325652507e+00,4.320093864491872715e+00,3.832901170182347439e+00,5.053503736311225403e+00,2.653734777471273176e+00,4.982977336748356301e+00,4.421028862821094307e+00,5.828923023220887956e+00,2.339162088591248079e+00,4.150732547873530187e+00,5.472549775685866535e+00,1.841319672544853514e+00,4.855390437581303509e+00,3.200804381345371041e+00
3.759675926192228984e-02,-4.141842110631129836e-01,4.298405797556250491e-02,2.846777659613417347e-02,-3.212460703931932504e-01,1.140713748084375423e+00,-2.367666587546885804e-01,-1.568074459296884271e-01,1.769501585176346925e+00,1.228582779685071999e-02,1.627348451922167039e-02,-1.836389623106126912e-01,5.388857445674752680e-03,-1.216216709082365982e-01,6.862229602298971498e-01
1.269604265335196658e+00,-1.575080988377332569e-01,2.528423262452173859e+00,2.199596064536863516e+00,-6.318275491627053375e-01,4.885144504639643559e-03,-1.568390844295080855e-01,-1.364418046613492252e-01,3.919251013056725130e-02,1.258841902287847203e+00,2.190253297591485460e+00,-6.291438666281398140e-01,9.527029365029516805e-01,-5.473222753537839713e-01,7.860836301135806781e-02
4.119472237872239262e+00,5.535173805997601448e+00,8.055690488527863735e+00,5.904015887088594816e+00,-5.962435758048269641e+00,1.859349164981080715e+00,5.412058196604642824e+00,3.966497672683187758e+00,-4.005745921101142137e+00,3.938256255883699541e+00,5.772696340624305478e+00,-5.829816812817844252e+00,2.115404691560612616e+00,-4.272672979517949443e+00,2.157475406802050077e+00
3.327487920268794142e+00,1.333196063117835228e+00,6.887175653534129971e+00,6.776733863737123720e+00,2.139290591009795239e+00,1.335400597464314609e-01,1.379712817492510846e+00,1.357587934864963763e+00,4.285656119780736351e-01,3.563738593437300040e+00,7.013181955148975355e+00,2.213932916854453925e+00,3.450359772922311663e+00,2.178430596871887115e+00,3.438452927887222232e-01
8.640725057196051856e-03,1.514043758795040051e-01,1.178547347433977696e-02,3.742973598266433749e-02,-5.741638291893656071e-02,6.632338398607959817e-01,1.032536184183309308e-01,3.279253638021019657e-01,-5.030302181563189867e-01,4.018684314538276299e-03,2.552605005108096389e-02,-3.915639332373615361e-02,4.053436275481326484e-02,-1.243576227405584489e-01,9.538091438138301958e-02
3.315221867853710425e-01,4.206274556707507717e-01,6.592722507931599862e-01,6.834886862487762338e-01,-5.359379621376005876e-01,1.334205247163390007e-01,4.182344658956210770e-01,4.335970842016250715e-01,-3.399926617237998272e-01,3.277607939911929558e-01,6.796002538234559021e-01,-5.328889598763144608e-01,3.522816894699399848e-01,-5.524630752532773137e-01,2.165990020497163826e-01
4.516455367241663410e+00,2.957740087902699155e+00,9.179322421707238888e+00,9.091928236207110103e+00,6.152377175979234281e+00,4.842418288376374447e-01,3.005681192311764782e+00,2.977064803475268029e+00,2.014536968667634653e+00,4.664053625593413521e+00,9.239296520064943508e+00,6.252099175814156418e+00,4.575665667588840968e+00,6.192574399361790327e+00,2.095213050817074318e+00
1.354172135066583627e+00,-1.077967388373336721e+00,2.758906856363044113e+00,2.300797237420673991e+00,2.515949364412568556e+00,2.145247380864354902e-01,-1.098092163361762408e+00,-9.157566918466398809e-01,-1.001390921953219770e+00,1.405206702490735982e+00,2.343751251796706292e+00,2.562920094127760340e+00,9.772885940128872573e-01,2.137353589411331356e+00,1.168610887857466807e+00
5.152177925662713154e-01,-1.737268846743794892e+00,1.048936689604747619e+00,9.704651770894195950e-01,2.208797544472699492e+00,1.464479240339076282e+00,-1.768460891053658113e+00,-1.636161389739163141e+00,-3.723935021404596313e+00,5.338849874140563223e-01,9.878895342127800294e-01,2.248455718858227037e+00,4.569924959559973909e-01,2.080247548783606959e+00,2.367341861471660813e+00
2.877750342804242384e-02,6.592249825163858379e-01,5.672481394829315127e-02,9.233456359043472339e-02,-7.904977690550440972e-01,3.775323827693930046e+00,6.497160981461228557e-01,1.057583942623181450e+00,-9.054223193606656395e+00,2.795329801205896289e-02,9.100269857948101171e-02,-7.790953615610161087e-01,7.406542105671454213e-02,-1.268182743986469685e+00,5.428604364894949796e+00
5.790899685641932859e-02,6.237918781835936066e-01,1.224947461291757550e-01,1.547993169445317785e-01,4.360237684328150953e-01,1.679861197788478977e+00,6.597526455603823781e-01,8.337439940272659555e-01,2.348409575439257768e+00,6.477820219565713633e-02,1.637232905027282415e-01,4.611599554460554251e-01,1.034503696632299713e-01,5.827780240463481531e-01,8.207564323283487173e-01
1.187762840954059484e+00,-4.220320635515026453e+00,2.361177045503348726e+00,2.067386960503976745e+00,9.400626314330181588e-01,3.748876806974225762e+00,-4.194829079363163515e+00,-3.672886349938898398e+00,-1.670100118187976657e+00,1.173457538824360658e+00,2.054899541811703756e+00,9.343844705952414342e-01,8.996090585366246506e-01,8.181234330923339293e-01,1.860046720915541629e-01
1.508003942596156943e-01,8.126682639645733952e-02,3.230761847004975373e-01,3.496451557020628376e-01,-2.209301386935712611e-02,1.094873973137974049e-02,8.705340706763756153e-02,9.421245981586681695e-02,-5.952998768705424111e-03,1.730403651016555466e-01,3.745415370359050367e-01,-2.366614047824992101e-02,2.026714444384227209e-01,-2.561238421227351666e-02,8.091843264535808662e-04
7.615926647164091845e-01,2.124374886041098698e+00,1.598245982621574468e+00,1.362687340079856035e+00,1.333992639070031405e+00,1.481424672768679285e+00,2.229061402831153949e+00,1.900529572373007348e+00,1.860509293152993626e+00,8.385027650959483436e-01,1.429838854647377477e+00,1.399730114939021330e+00,6.095505093609866476e-01,1.193429877438052955e+00,5.841496522802201996e-01
7.246664086032228447e-01,-1.248150583059337571e+00,1.436158649551504185e+00,1.338820466945203291e+00,8.484781753637123114e-02,5.374472514167382142e-01,-1.236805124759751795e+00,-1.152978478504570248e+00,-7.307007174063666344e-02,7.115521163238127667e-01,1.326650836145426338e+00,8.407656654411495289e-02,6.183673692583108172e-01,7.837812912584116165e-02,2.483609028656902275e-03
3.447336164772933920e-01,1.789776157043718063e+00,7.317738704403299321e-01,6.889589776824667222e-01,2.716200965922615507e-01,2.323024604516028990e+00,1.899599231205188143e+00,1.788456785905753854e+00,7.050939470632709982e-01,3.883382500749620325e-01,7.312344279405650349e-01,2.882870713390197626e-01,3.442255485407051951e-01,2.714198661251584488e-01,5.350325102226358848e-02
1.551233155259793328e+00,9.833938452273985331e-02,3.082111825621314694e+00,2.587209559270615244e+00,-1.974749051806300670e+00,1.558539816455201468e-03,9.769420506973935936e-02,8.200720659796995049e-02,-6.259394523738526228e-02,1.530945440636200638e+00,2.570235541623983710e+00,-1.961793230298560564e+00,1.078763253751533702e+00,-1.646783272608106863e+00,6.284731931475495692e-01
1.613845118802512135e-02,1.749886858730319295e-01,4.404911593649893375e-02,5.736765297167946420e-02,6.491701429998603112e-02,4.743491154574321356e-01,2.388115446083281801e-01,3.110177701743499501e-01,3.519465062293093971e-01,3.005747875339584430e-02,7.829110635565199316e-02,8.859391325213557267e-02,5.098146608270921060e-02,1.153808598151753045e-01,6.528226743269484322e-02
1.256835816028911035e+00,9.181298474098967821e-01,2.479658239522871011e+00,2.179579650342864827e+00,-1.554121036691478164e+00,1.676755241126756946e-01,9.057063031013499188e-01,7.961012513590630668e-01,-5.676496850568883978e-01,1.223052547201643359e+00,2.150086976254955484e+00,-1.533091667463748919e+00,9.449459093230214712e-01,-1.347562880744871849e+00,4.804311282913494852e-01
5.483519020430356328e-01,1.859857040438069042e-01,1.136433159018050976e+00,1.035724424921747655e+00,1.180744332168693900e-01,1.577029366534220614e-02,1.927232497883374363e-01,1.756444498931639675e-01,2.002378081446815408e-02,5.888008777319737597e-01,1.073244731805088392e+00,1.223518151755966649e-01,4.890678232275445514e-01,1.115092096752730855e-01,6.356124473874255262e-03
2.889664693134869622e-01,9.883217944502216135e-01,4.752109815889249966e-01,4.369827827359338834e-01,-1.094126280067378776e+00,8.450634183491032569e-01,8.126572110290463113e-01,7.472832557415206578e-01,-1.871062845181234335e+00,1.953734265079398735e-01,3.593133445806873105e-01,-8.996559787166816813e-01,1.652042474523946203e-01,-8.272834347601655258e-01,1.035684451190931998e+00
4.597175541413315858e-01,1.662899866858598585e+00,9.902720024162976475e-01,8.777528864182309043e-01,1.759292525935638674e+00,1.503768967645416454e+00,1.791016207818773687e+00,1.587512968355016652e+00,3.181874697615203473e+00,5.332832246319360037e-01,9.453784183677733655e-01,1.894835336175471507e+00,4.189801556820012540e-01,1.679535704894231873e+00,1.683158585054523426e+00
1.371024777448967891e+00,3.762112926107722410e-01,2.665278700405705692e+00,2.564978419826824396e+00,-2.883623034442300281e-01,2.580823830026228449e-02,3.656782727564208968e-01,3.519169976772005826e-01,-3.956352821020098220e-02,1.295328623464783169e+00,2.493165135237383812e+00,-2.802888459827417855e-01,1.199670932719923089e+00,-2.697409622320028899e-01,1.516253014084519186e-02
1.958212339903835780e-02,3.080790815713533304e-01,2.998393080760571039e-02,6.217360090895868857e-03,-1.318576934005492030e-01,1.211726616257938316e+00,2.358636414669873504e-01,4.890783669292086966e-02,-1.037236775940069800e+00,1.147776582185460088e-02,4.759976509507280081e-03,-1.009495210199398002e-01,4.935058077226061246e-04,-2.093252973440095158e-02,2.219684116300565946e-01
1.067176785489478918e+00,-1.689953756042480797e-04,2.090034009771334134e+00,1.873255043082067584e+00,-5.189881476567251850e-01,6.690418439556293930e-09,-1.654862096465841174e-04,-1.483219293713388710e-04,4.109281523921694604e-05,1.023317369107985320e+00,1.834357157245239511e+00,-5.082114294555540868e-01,8.220485359468574504e-01,-4.554995845659565723e-01,6.309842499165153884e-02
7.321498166301815269e-02,8.123108734841946177e-01,1.344345202711564879e-01,9.498107712939066194e-02,2.326032854726602372e-01,2.253121356424355959e+00,7.457669189245420549e-01,5.269014617975146253e-01,1.290351876800573727e+00,6.171086787850932343e-02,8.720029185759532731e-02,2.135485824467998339e-01,3.080450478763176181e-02,1.508769796577565381e-01,1.847445945615959206e-01
5.111486265389310057e-01,1.087961616127448572e+00,9.723422206365539555e-01,1.003226102225750926e+00,-1.265853098282974099e+00,5.789218715999511211e-01,1.034797863936083528e+00,1.067665484019096889e+00,-1.347161579903990658e+00,4.624141320863042193e-01,9.542029904725225498e-01,-1.203996595783069390e+00,4.922553636708328351e-01,-1.242238366539066829e+00,7.837172904496501058e-01
4.220104642217498703e-01,1.057139240216398157e-01,8.808254110274826854e-01,8.383985268354093856e-01,7.073561842662183796e-01,6.620353450631963864e-03,1.103236986663444913e-01,1.050097162035790593e-01,8.859661579441723001e-02,4.596173972501624294e-01,8.749578382689012779e-01,7.382012468554944862e-01,4.164067892819075523e-01,7.026441677582329071e-01,2.964101686094379740e-01
4.037618997390847730e-01,5.706630877101772636e-01,8.254516486172281953e-01,7.926016591792843791e-01,-2.364083029210510389e+00,2.016388618424348467e-01,5.833323882958796336e-01,5.601178695213027137e-01,-1.670656545261326453e+00,4.218887571147802440e-01,8.101982216364109757e-01,-2.416568075381636316e+00,3.889776317055393950e-01,-2.320397408225854274e+00,3.460510125282215910e+00
6.266787265430218135e-01,-7.259472934075896777e-01,1.270974024325417728e+00,1.163514844876290422e+00,9.881779083345938464e-01,2.102351055192657470e-01,-7.361508488090092728e-01,-6.739102643047105712e-01,-5.723547390206680241e-01,6.444191026799802602e-01,1.179868632937600248e+00,1.002067247306878794e+00,5.400561471566728278e-01,9.173437816124514477e-01,3.895519095993662528e-01
1.883590055132325913e+00,3.442647400809697888e+00,3.619008913843277053e+00,3.099962366235827993e+00,-7.958117880613301054e+00,1.573036167557854581e+00,3.307240765261530768e+00,2.832908719615192528e+00,-7.272546848073549342e+00,1.738332802669871446e+00,2.978034261069088195e+00,-7.645108198803855615e+00,1.275458883143674393e+00,-6.548629270140352787e+00,8.405709091154651702e+00
1.785124829340227315e+00,-5.341757106252998710e+00,3.600194004763341393e+00,2.915250069971542679e+00,2.877268831499102397e+00,3.996130762568375072e+00,-5.386559413870746660e+00,-4.361755974099182254e+00,-4.304928981616692241e+00,1.815194749815391306e+00,2.939700813017241288e+00,2.901401018853125624e+00,1.190208498417748340e+00,2.349403813248971407e+00,1.159397341946104554e+00
4.870724194420790187e-01,-2.372289014833253717e-01,9.635397466344991502e-01,9.475554194961063326e-01,-5.204798206531430216e-01,2.888561816097535637e-02,-2.346462933494079806e-01,-2.307537054952911726e-01,1.267499977100081943e-01,4.765250537116884066e-01,9.372397947200915569e-01,-5.148135826443936969e-01,4.608458810113414406e-01,-5.062732512786990435e-01,1.390446435139109649e-01
1.234878768834439533e-01,5.870877164759669142e-01,2.283809394608899979e-01,2.764237668538508941e-01,9.093098688383393080e-01,6.977850691414219098e-01,5.428858589952243463e-01,6.570887853837172887e-01,2.161526572236883048e+00,1.055930647311005693e-01,2.556118104734552143e-01,8.408478927140775605e-01,1.546914984897526379e-01,1.017730912237321261e+00,1.673938483749357164e+00
7.566435884313907900e-01,1.125600527933923622e+00,1.406731658513471261e+00,1.352809841084512854e+00,1.113913897366832495e-01,4.186173542789530799e-01,1.046343299337759936e+00,1.006235627051116577e+00,8.285420573961106705e-02,6.538395320201340066e-01,1.257554058805536279e+00,1.035479562796913638e-01,6.046752044542864635e-01,9.957883113783204398e-02,4.099698291633237235e-03
1.635414013273936096e+00,3.464192178746441808e+00,3.458767947010221722e+00,3.150563406673184907e+00,1.827403923144982789e+00,1.834493796965814827e+00,3.663242693556616025e+00,3.336817779307435394e+00,1.935436020049878802e+00,1.828753394272991661e+00,3.331592990391985420e+00,1.932405514540459501e+00,1.517360389923096520e+00,1.760212362967941591e+00,5.104831362610922074e-01
8.347782652995615338e-02,-4.370738278240932639e-01,1.177958117906636737e-01,2.062371226752989506e-01,-1.579007284906427389e-01,5.721086032955483569e-01,-3.083780957241153975e-01,-5.399089338698392915e-01,4.133689069686798945e-01,4.155550597152312536e-02,1.455109116801791280e-01,-1.114070961599472193e-01,1.273803851197629067e-01,-1.950517476671350392e-01,7.466845117526076103e-02
2.829549820214300338e-03,1.515039854823817811e-01,7.270055037607099820e-03,1.836304308136771715e-02,-2.153193781851482080e-01,2.028013206647420574e+00,1.946320762767702328e-01,4.916107489143238807e-01,-5.764475980169789793e+00,4.669797636381023236e-03,2.359038404373857076e-02,-2.766135656785869701e-01,2.979284450119951133e-02,-6.986834070954311970e-01,4.096273044109852712e+00
4.001605852807220698e-01,1.365969938588597277e+00,7.222274566619670821e-01,7.991341006569683270e-01,-1.696253346947473872e+00,1.165703183772323515e+00,1.232681367071002843e+00,1.363943874723037464e+00,-2.895126563420897803e+00,3.258769843552246637e-01,7.211562186271316399e-01,-1.530736391442451216e+00,3.989743957321645884e-01,-1.693737392887286974e+00,1.797575475238291753e+00
7.392115088413091228e-02,1.353518997223272236e-01,1.722185806896707749e-01,1.818556075072703948e-01,8.397477867128946283e-01,6.195837233094209084e-02,1.576687577576255106e-01,1.664916039378866452e-01,7.688020063254340508e-01,1.003070135543972230e-01,2.118400095288787144e-01,9.782056301563452072e-01,1.118470883714894615e-01,1.032944171451901427e+00,2.384893690286786327e+00
1.212654427057695994e+00,1.593744639782989969e+00,2.308679883288526025e+00,2.071398561993161636e+00,-1.526560754924387364e+00,5.236491782329020239e-01,1.517104175298098268e+00,1.361179360488049994e+00,-1.003149770527354656e+00,1.098829700484722061e+00,1.971788534162034479e+00,-1.453151049002024076e+00,8.845661028587481489e-01,-1.303799203627169501e+00,4.804311282913494852e-01
9.925565940663037878e+00,8.241002069708162736e+00,2.064133580174988580e+01,2.191889881267710649e+01,4.457084669183874581e+00,1.710585459784812024e+00,8.569047451837228380e+00,9.099415164881232698e+00,1.850314843666998721e+00,1.073149748406537718e+01,2.279141328070316064e+01,4.634505573961757996e+00,1.210102597757473930e+01,4.921351006452015397e+00,5.003645098686153592e-01
3.379716147754954769e-02,-1.309393594161896712e-01,5.405235537895607817e-02,1.000639994274959976e-01,-1.371030892347500918e-01,1.268236376574930213e-01,-1.047067339214000359e-01,-1.938375208575101316e-01,2.655872548690808577e-01,2.161170490570437849e-02,8.001699878386986375e-02,-1.096356110821936486e-01,7.406542105671454213e-02,-2.029620660866319481e-01,1.390446435139109649e-01
6.493638145246117821e-01,2.343897097273696772e+00,1.310369640925896029e+00,1.223348355008772037e+00,-2.270631700837964229e-01,2.115090754875993184e+00,2.364908183227212302e+00,2.207855283989599293e+00,-4.097954747038053958e-01,6.610580068729647873e-01,1.234314654454288895e+00,-2.290986023513040537e-01,5.761720795908107373e-01,-2.138842274484030748e-01,1.984930560314928163e-02
1.295487733178641021e-01,2.160363935655285339e-01,2.603078423016844112e-01,3.042137731243005905e-01,-1.526479867149139746e-01,9.006593067130987118e-02,2.170455421052048806e-01,2.536544528194046300e-01,-1.272783975113923327e-01,1.307618957485234823e-01,3.056348155691916424e-01,-1.533610355227351396e-01,1.785930066883964218e-01,-1.792283277141944742e-01,4.496647720265099096e-02
2.496046455700926980e+00,1.441448686557927239e+00,4.949799353732456275e+00,4.925723447912530695e+00,2.977174152056516920e+00,2.081065349599136027e-01,1.429236575478589177e+00,1.422284745166585207e+00,8.596482171504647996e-01,2.453932055856922201e+00,4.883992179603806605e+00,2.951951206705428987e+00,2.430118180482940371e+00,2.937592867274142261e+00,8.877605133739807641e-01
4.456298461888782647e+00,3.046049632031828214e+00,8.700614517133322678e+00,9.895734814078805286e+00,4.398646049006572412e+00,5.205227185831612369e-01,2.973600609903018999e+00,3.382055718091799612e+00,1.503321006615861988e+00,4.246837011881028801e+00,9.660368882090429210e+00,4.294026084318503855e+00,5.493660733681309694e+00,4.883855425553727869e+00,1.085434875486354311e+00
5.998969885514883471e-03,2.775797608800721905e-01,1.792738512611420859e-03,-3.872203615842653626e-03,-2.911457886758888614e-01,3.210989766604942730e+00,4.147611482870977584e-02,-8.958582675668008699e-02,-6.735837980870020836e+00,1.339359688386051648e-04,-5.785867143254141065e-04,-4.350315788417179891e-02,6.248556472482611791e-04,9.396411360309543659e-02,3.532517743937215293e+00
2.693369133793646064e-01,6.513056787238431788e-02,6.023557171000190058e-01,5.623326949117219975e-01,9.772735856262851906e-01,3.937439189225021112e-03,7.283028795359187957e-02,6.799114034031761289e-02,1.181612702096811046e-01,3.367830326064736313e-01,6.288115309601822744e-01,1.092806634053319348e+00,2.935153371655396803e-01,1.020196010595135094e+00,8.864953277102758378e-01
1.832629761155931403e-01,-9.325126760120950875e-01,3.744951976229445312e-01,3.859331053551616209e-01,1.055947006692358414e+00,1.186246001994902599e+00,-9.527879724838117514e-01,-9.818882145878733425e-01,-2.686532735113292159e+00,1.913188577628845422e-01,3.943243136793095904e-01,1.078906092579177578e+00,2.031839231334042484e-01,1.111858259701684615e+00,1.521071119459570964e+00
2.203294204172317750e-01,7.909078576817916151e-01,5.309593291107516100e-01,3.409882829632231993e-01,1.278706713703159803e+00,7.097727100609647621e-01,9.529819138722308569e-01,6.120161162824516721e-01,2.295061607349451638e+00,3.198821662534664934e-01,4.108641270283582281e-01,1.540741262677383538e+00,1.319308707139792980e-01,9.894820353394013779e-01,1.855279763107904323e+00
2.955150337290749274e+00,3.744614945708057085e+00,7.325955597566485622e+00,5.770303825857290292e+00,7.888241197058155407e+00,1.186246001994902599e+00,4.641537602346018865e+00,3.655916532387178286e+00,4.997787339126459116e+00,4.540346453805077509e+00,7.152426236875305321e+00,9.777659028596664470e+00,2.816811535993552607e+00,7.701393019551042052e+00,5.264059530048487368e+00
4.331531966640288500e-01,5.818793153062302714e-01,9.053906264821786065e-01,8.460256274410925537e-01,-4.065196082111370846e-01,1.954178915155660168e-01,6.081313515397626102e-01,5.682571623831080831e-01,-2.730504508638401662e-01,4.731190909100050357e-01,8.841948746403884840e-01,-4.248601252284566199e-01,4.131098233832649624e-01,-3.970027339665431199e-01,9.538091438138301958e-02
1.061763594672457817e-01,-9.152523367677294075e-03,1.999575169711755862e-01,2.611358984299906871e-01,2.644856492753164257e-02,1.972394900715177771e-04,-8.618283089589184182e-03,-1.125510624263397624e-02,-1.139948241564261219e-03,9.414291654445988700e-02,2.458931823623418111e-01,2.490474055098686190e-02,1.605629487368958053e-01,3.252451769485253247e-02,1.647086484778311107e-03
1.029736361813796998e-02,-1.417013757721079792e-01,1.119382029589195519e-02,3.808995950842946482e-02,-3.414322005119292402e-01,4.874859391276648579e-01,-7.701872998248347757e-02,-2.620767735122638831e-01,2.349213562790900767e+00,3.042079930925573224e-03,2.070297687964231179e-02,-1.855781167632783446e-01,3.522370067611895611e-02,-6.314790452512456520e-01,2.830237715920781660e+00
2.203294204172317750e-01,-3.057694821589425627e-01,4.497549519566991783e-01,3.367162805851349749e-01,4.941992156445191436e-02,1.060854424737048413e-01,-3.120811975491053492e-01,-2.336446094081172098e-01,-3.429207002061399057e-02,2.295194128257152244e-01,3.436668019886504610e-01,5.044005109901693318e-02,1.286458401655879991e-01,3.776275575109241250e-02,2.771223927802751470e-03
3.652612590744883417e-04,1.876509706078196421e-02,3.493731634681300491e-03,4.977820196445980130e-03,4.327915847169426511e-02,2.410116450570232161e-01,8.974427426992638568e-02,1.278663926392210881e-01,1.111721527062751402e+00,8.354404164091522658e-03,2.380647750071435489e-02,2.069830310748994595e-01,1.695956886512589232e-02,2.949065412404599518e-01,1.282017673297815907e+00
4.389357467907729071e-01,2.529527210789560554e-01,9.459042132635577804e-01,6.708452044846127116e-01,1.838533732164601142e-01,3.644330609267273924e-02,2.725558881618250218e-01,1.932994990016596581e-01,5.297610342136991474e-02,5.096046444220471150e-01,7.228339341340100921e-01,1.981015235369556204e-01,2.563207096200111890e-01,1.404956814890870598e-01,1.925228412712497172e-02
3.302236502551471720e+00,-5.243959195715124366e+00,6.585252087866614978e+00,4.921161138582363925e+00,3.978025007563128490e+00,2.081854829679675944e+00,-5.228697765224963767e+00,-3.907407629091014023e+00,-3.158556451525724729e+00,3.283043554515647777e+00,4.906839143340920195e+00,3.966447809900977894e+00,1.833441285412278354e+00,2.964127805564911178e+00,1.198027681282874068e+00
3.484949152562105690e-02,4.543699798206389806e-01,7.149650086115028058e-02,1.153080767390167877e-01,-2.853581493970972494e-01,1.481026476458243479e+00,4.660880579798963863e-01,7.516971727197970798e-01,-1.860259230581461365e+00,3.667018808316289957e-02,1.182818406662789479e-01,-2.927174584327342788e-01,9.538125220188586884e-02,-4.720886582318351565e-01,5.841496522802201996e-01
7.635404275940526654e-04,-2.521093038254709762e-02,4.960252706987985580e-03,8.092945343032804245e-03,2.226143580224322627e-02,2.081065349599136027e-01,-8.188995707127175172e-02,-1.336083030179998632e-01,-3.675191829687126654e-01,8.055928025550065930e-03,2.628744503534455323e-02,7.230943065284806126e-02,2.144475981831643271e-02,1.179771081491267359e-01,1.622610624361315035e-01
2.257506932790668327e-03,4.952600737197066644e-02,2.109862313547039570e-03,1.418596748978939032e-02,-8.953492086553858920e-02,2.716298863339898229e-01,2.314346303366658988e-02,1.556084546791053347e-01,-9.821248135335525209e-01,4.929684730384437975e-04,6.629091090079386808e-03,-4.183959582509354236e-02,2.228583118597470339e-02,-2.813146347748496923e-01,8.877605133739807641e-01
9.200623353940962090e-01,1.928394757931573888e+00,1.873468405030791484e+00,1.634593986785613851e+00,2.516168574696327376e+00,1.010449563948598195e+00,1.963337978542680329e+00,1.713004844456366360e+00,2.636868233193242261e+00,9.537081699864408124e-01,1.664213429617486639e+00,2.561762472542562730e+00,7.260099122770893310e-01,2.235127916727421837e+00,1.720292216281602782e+00
6.585507794063110154e-01,2.390634235167370392e+00,1.257433453425366388e+00,1.239818981528101993e+00,-3.157823293067764769e+00,2.169586698958323900e+00,2.282332324405877522e+00,2.250360788672554069e+00,-5.731676819077208940e+00,6.002342337285868634e-01,1.183651976671141526e+00,-3.014765734761508220e+00,5.835355279448360966e-01,-2.972534071394246968e+00,3.785527351144829300e+00
3.332960760207172579e-01,6.046504287449393500e-01,6.768203353694700608e-01,5.087124004475430672e-01,3.648125004107553582e-01,2.742322572068877085e-01,6.139281788889195957e-01,4.614413327496759143e-01,3.309130389689396989e-01,3.436027299202045748e-01,5.165180784428324845e-01,3.704101797760658288e-01,1.941129261547437090e-01,2.784080824067216575e-01,9.982727823029843850e-02
6.678022755389037002e-01,1.715163583776359912e+00,1.386065660580015901e+00,1.231298352001204188e+00,1.546977213228703629e+00,1.101293836090406097e+00,1.779964993254409267e+00,1.581215107729354585e+00,1.986605226015837999e+00,7.192166326060964732e-01,1.277818619486128293e+00,1.605424293609764019e+00,5.675690571799194561e-01,1.426163523997270532e+00,8.959008474168602687e-01
1.003486092337877063e-02,1.011869860669969007e-01,1.882341881722092089e-02,-3.811525803354028335e-03,-2.737913065873155694e-02,2.550809180989422331e-01,9.490340883319720033e-02,-1.921684870885707191e-02,-1.380393676427132121e-01,8.827254773980603222e-03,-3.574835121133906023e-03,-2.567892306509373182e-02,3.619314971218862598e-04,5.199686561476508755e-03,1.867531601463131435e-02
3.743860687539513066e+00,3.845584601348634557e+00,7.480717216553212978e+00,7.804574954634671435e+00,1.195144937978707356e+00,9.875181103392522974e-01,3.841987367581106483e+00,4.008315983218265544e+00,6.138090267577803738e-01,3.736859804925969364e+00,7.797274405179026147e+00,1.194026976427041253e+00,4.067418322030440514e+00,1.245719195849295691e+00,9.538091438138301958e-02
1.166449960688633380e+00,2.608967882075137634e+00,2.066922704337528671e+00,2.113394205223608768e+00,-1.200601476110414012e+00,1.458852423828187694e+00,2.311515766679319572e+00,2.363486557253152487e+00,-1.342676838230954184e+00,9.156349628542607144e-01,1.872443145102079320e+00,-1.063719205052199746e+00,9.572710397357921952e-01,-1.087635255650699184e+00,3.089382213163100466e-01
1.147489051840237251e-01,-3.184116686809812524e-01,3.134117758245438812e-01,1.125494567032035431e-01,1.790655467014817370e+00,2.208866188954340115e-01,-4.348362468666792657e-01,-1.561542581192069401e-01,-2.484405382214891933e+00,2.140040923875631551e-01,1.537022293888944680e-01,2.445393744310766504e+00,2.759804153222967724e-02,8.781665482207954287e-01,6.985789965507403387e+00
2.242349447188881628e-01,-1.046926756697511340e+00,3.120420019819540869e-01,4.821181676606450250e-01,-1.498925628385539666e+00,1.221994675342907177e+00,-7.284438237267476524e-01,-1.125476696432564649e+00,3.499154310278800306e+00,1.085582480498009095e-01,3.354542228404661652e-01,-1.042941265220388880e+00,2.591455224339066499e-01,-1.611388622595773645e+00,2.504937446578247684e+00
9.727846225503464783e-01,1.854668960559299862e+00,2.196310932284843087e+00,1.826764382357751071e+00,-4.871606056143582553e-01,8.840078454992453816e-01,2.093695572184548936e+00,1.741414861869310382e+00,-4.643996384685136203e-01,1.239683892881505045e+00,2.062194698946965055e+00,-5.499450438907119709e-01,8.576071288786705216e-01,-4.574124745573282524e-01,6.099126419174700359e-02
3.480768059320823449e-01,-9.419222849051716029e-01,6.424822606843076933e-01,6.949763855947368452e-01,2.268118779524567863e+00,6.372283183485770719e-01,-8.693029076934319921e-01,-9.403294530378190075e-01,-3.068850878364714152e+00,2.964744046853858284e-01,6.413957950220904314e-01,2.093253638471123779e+00,3.469005750332636584e-01,2.264283291258854192e+00,3.694847452027438361e+00
1.295487733178641021e-01,1.000009946874310662e+00,2.712787427814931651e-01,3.072847968289483256e-01,-8.729275948669513729e-01,1.929813513930170199e+00,1.047024353103783723e+00,1.185992910169171521e+00,-3.369141426087306712e+00,1.420163124673901323e-01,3.217314653960091642e-01,-9.139673592035655325e-01,1.822169827315290036e-01,-1.035275640846554879e+00,1.470493634105148661e+00
3.650347453968783573e-01,1.023447225957447859e+00,7.475375000820565496e-01,7.271695055178772904e-01,-7.479027135773394508e-02,7.173592634183204586e-01,1.047934738275860589e+00,1.019381884338132593e+00,-1.048446712469198183e-01,3.827117288666389561e-01,7.445681283020515462e-01,-7.657974095100644751e-02,3.621405197881993887e-01,-7.449318910946653438e-02,3.830857719915087192e-03
3.591795438641592897e-02,4.759986086249182874e-02,7.071071339816771550e-02,1.118878209364245618e-01,-3.004894106923493569e-01,1.577029366534220614e-02,4.685428467097314115e-02,7.413903157574348868e-02,-1.991100883102831509e-01,3.480157121064225006e-02,1.101352759940749659e-01,-2.957827215055278680e-01,8.713528295082983988e-02,-4.680264501582074854e-01,6.284731931475495692e-01
6.719609858869206309e-02,-3.076034831649440138e-01,1.443792292864854165e-01,5.088661065020484014e-02,9.112104344244935372e-02,3.520290048175835351e-01,-3.304622943739377594e-01,-1.164717819279425665e-01,-2.085623342814013903e-01,7.755421180385105306e-02,5.466812643133422273e-02,9.789248408995514239e-02,9.633919222437189664e-03,3.450230859442054293e-02,3.089109610687278476e-02
6.912133400930450255e-01,-3.900503197529845867e+00,1.458780162702997707e+00,1.271611703015269379e+00,2.587971974625836946e+00,5.502615586055019214e+00,-4.115933792850566597e+00,-3.587839836077071354e+00,-7.301937315610032009e+00,7.696753808344202197e-01,1.341844709456813112e+00,2.730909517535701436e+00,5.848398133591172776e-01,2.380520787957274287e+00,2.422406568624377865e+00
6.818005158332178794e-01,-2.191846583947167637e-01,1.362424836962262242e+00,1.256817863130194057e+00,-1.062386957525510489e+00,1.761582506904434825e-02,-2.189955973508680986e-01,-2.020203766331237494e-01,1.707676343451120515e-01,6.806248284013145522e-01,1.255733775863907775e+00,-1.061470579579024465e+00,5.791984254928118636e-01,-9.791917685357277579e-01,4.138549404516749797e-01
1.526570487105764817e+00,1.322387691754320027e+00,2.999495541566136403e+00,2.563046442036349237e+00,-1.290734740017517312e+00,2.863787198288347824e-01,1.299152583893824708e+00,1.110116138419996901e+00,-5.590477963303577269e-01,1.473396344922885515e+00,2.518012250548095743e+00,-1.268055792617599042e+00,1.075811290654811625e+00,-1.083544163521290571e+00,2.728331549640169995e-01
2.906528393035074487e+00,7.109699383727583033e+00,5.509855287709012117e+00,5.877797686327574489e+00,3.493527036029170918e-01,4.347783548932837583e+00,6.738866690124950765e+00,7.188881190408911159e+00,4.272782449779515268e-01,2.611234193018995509e+00,5.571219386623237568e+00,3.311309199377815427e-01,2.971629807933969580e+00,3.532434979596515423e-01,1.049768787801368987e-02
8.120777828995505085e-03,-1.870711454808333674e-01,3.036557274131532636e-03,2.926356929681516242e-02,-4.609699718033744009e-01,1.077347952635711037e+00,-3.497523633522477832e-02,-3.370594261098081579e-01,5.309477889520799465e+00,2.838607419525252256e-04,5.471181830514861184e-03,-8.618396848869874782e-02,2.636313004808030561e-02,-8.305624779841790373e-01,6.541655226229972975e+00
7.150277249652693401e-01,2.443809594372985838e+00,1.469764993359492511e+00,1.313052257164067260e+00,-1.419838961868636895e-01,2.088102714422556794e+00,2.511668895370413601e+00,2.243863833480383096e+00,-2.426350724825175331e-01,7.552885924143556418e-01,1.349512875270082013e+00,-1.459264815545276983e-01,6.028109714652658546e-01,-1.303671653977930833e-01,7.048477308128602535e-03
7.966879174677997666e-01,2.546644938014834825e+00,1.502300902784188708e+00,1.390684715516487202e+00,-1.657918323033484187e+00,2.035113216267242287e+00,2.401082598070844565e+00,2.222689784477498876e+00,-2.649801266231651020e+00,7.082158374133392664e-01,1.311195298561204314e+00,-1.563154240717049337e+00,6.068888254632470725e-01,-1.447016843650438034e+00,8.625376090133989315e-01
1.995154041470704742e-01,2.121177088575774417e-01,3.396716453629113341e-01,2.838304655858697179e-01,-2.481218374892846940e-02,5.637900818152019600e-02,1.805634293910289290e-01,1.508792474481679413e-01,-1.318971733304433701e-02,1.445713266561848009e-01,2.416083150617449049e-01,-2.112116434085666711e-02,1.009442523236299544e-01,-1.764889707580987940e-02,7.714247240989657297e-04
1.554064329499893260e+00,4.246817803516643508e+00,3.155784177170645854e+00,2.598078701027440207e+00,6.849400856099472357e-01,2.901337659244427769e+00,4.311932322639846049e+00,3.549906742281187189e+00,9.358736619502138199e-01,1.602085187825761370e+00,2.637913855980767774e+00,6.954419593342604511e-01,1.085864466579807397e+00,5.725400854145392682e-01,7.547031869432564710e-02
1.241229579446955666e+00,-1.627968491875821933e+00,2.591049473626202193e+00,2.225079963001927563e+00,1.607870680821826603e+00,5.338016138241932218e-01,-1.699180785650602710e+00,-1.459182141504129504e+00,-1.054423311662918250e+00,1.352194929516970179e+00,2.322411728812145526e+00,1.678203835207762173e+00,9.971928085936014874e-01,1.441168053934459792e+00,5.207030530561340687e-01
1.203549379438773048e+00,6.996854470197573228e-01,2.334514165513087214e+00,2.101809481456113016e+00,1.130453756440901181e+00,1.016908265532744660e-01,6.785868595739139586e-01,6.109452307094963563e-01,3.285955920974962807e-01,1.132059158121670572e+00,2.038430699850909633e+00,1.096365613639959102e+00,9.176198276133021858e-01,9.870797427285937786e-01,2.654493694407564774e-01
8.823179386995029239e-01,-2.151035558797053771e+00,1.785887382483755337e+00,1.567053197724844971e+00,1.930577993021937333e+00,1.311022300540912511e+00,-2.176940474196728648e+00,-1.910188494977876461e+00,-2.353313771531264642e+00,9.036974096932968159e-01,1.585925215134242894e+00,1.953827938554997701e+00,6.957967238315442282e-01,1.714415113151515291e+00,1.056062453131757506e+00
4.558742474921183008e-01,5.435247095020144803e-01,8.943476408229225072e-01,8.909747035915491775e-01,-1.051302834017819210e+00,1.620069084097346401e-01,5.331514604589451256e-01,5.311407362965955281e-01,-6.267178619999355105e-01,4.386394422616273214e-01,8.739703202951615291e-01,-1.031238564765105448e+00,4.353371169829974852e-01,-1.027349357939084662e+00,6.061088419087584667e-01
2.576742337088850920e-01,-6.922996629807820490e-01,5.067892307386514528e-01,5.497343100291831597e-01,-3.496671004261213134e-01,4.650046072367324812e-01,-6.808015077655013014e-01,-7.384923049623746127e-01,4.697295734542897283e-01,2.491860756660299880e-01,5.406039713017810611e-01,-3.438596057682937746e-01,2.932072478429198492e-01,-3.729981058366695912e-01,1.186256376515957695e-01
6.479755471340792106e+00,6.401688997943887349e-01,1.260960239381516779e+01,1.487208648085308482e+01,-1.065288702469616933e+00,1.581140762473706718e-02,6.228842528854742211e-01,7.346455651145664678e-01,-5.262271853001378175e-02,6.134570711555279665e+00,1.447053813368571973e+01,-1.036525763370018449e+00,8.533460763767319435e+00,-1.222504906263512492e+00,4.378406039505140790e-02
7.887852902659879886e-03,-1.698724642856152267e-01,1.464006960757927890e-02,-7.471305802144882768e-03,4.221710512174308566e-02,9.145915396297770172e-01,-1.576439578832538879e-01,8.045086183172781014e-02,-4.545928892523490306e-01,6.793091883169222883e-03,-6.933473427605857733e-03,3.917804789465537812e-02,1.769189001050604920e-03,-1.999383776157115725e-02,5.648824803322898686e-02
2.120414304199223082e-02,-1.653394653800437653e-01,2.688249952597345990e-02,9.203112149346926590e-03,-2.062266861427094478e-01,3.223089322452316052e-01,-1.048082464568708960e-01,-3.588066821639968734e-02,8.040270707099052006e-01,8.520372402374449747e-03,5.833828264182816352e-03,-1.307265467294637939e-01,9.985934478196590528e-04,-4.475369075281444148e-02,5.014284943416386087e-01
3.044354834226508100e-01,9.253645726577250374e-02,5.514002278564862358e-01,5.109828913301334152e-01,-3.675519474080469196e-01,7.031864212270592246e-03,8.380203097176580629e-02,7.765938772233418885e-02,-5.586069450888722643e-02,2.496770480414729210e-01,4.627517126823171845e-01,-3.328590762012553772e-01,2.144161320295327744e-01,-3.084606871201058809e-01,1.109384758016978001e-01
5.483519020430356328e-01,1.502519302023152648e+00,1.104101391630648354e+00,1.047097258875408610e+00,-5.206322311788658119e-01,1.029249759388526808e+00,1.512654233654392666e+00,1.434556747860392445e+00,-7.132828150017367363e-01,5.557744390321555095e-01,1.054160235780711607e+00,-5.241440476732781573e-01,4.998672683815849616e-01,-4.970827858155162371e-01,1.235784535133293144e-01
6.932932275880696917e-04,1.049032596387319688e-01,1.260182804230912000e-03,-4.641333240252597421e-03,-5.295517770985998240e-02,3.968268203454099030e+00,9.534009466990470139e-02,-3.511436190325724627e-01,-4.006364504553705963e+00,5.726511658003871760e-04,-4.218221169143519800e-03,-4.812769091739069194e-02,7.767988128925281018e-03,1.772573398728567173e-01,1.011206634759252987e+00
3.516610865096716942e+00,1.032520568347892720e+01,6.755774308017000962e+00,8.150679322031558982e+00,-4.458111177592845031e-01,7.579021143928406090e+00,9.917895661099766613e+00,1.196570273033889542e+01,-6.544783690076636518e-01,3.244635833456606999e+00,7.829150291149972851e+00,-4.282247042855113484e-01,4.722840823103534369e+00,-5.166428129875609843e-01,1.412919714051987484e-02
2.096667019004827548e+00,1.320632009199314671e+00,3.957786476840572831e+00,3.330730039539385068e+00,-2.110337463786730261e+00,2.079573065147025945e-01,1.246449593453496263e+00,1.048966923299345932e+00,-6.646213203210686871e-01,1.867735035448903513e+00,3.143636588215272365e+00,-1.991795788276746304e+00,1.322785460892549336e+00,-1.676223339349345753e+00,5.310242602537396106e-01
3.910537848719672915e+00,6.700535323892157002e+00,8.264475241491423319e+00,7.380244575684917763e+00,4.993029416490473160e+00,2.870268449225347407e+00,7.080408172903366548e+00,6.322862914436557347e+00,4.277668606299346976e+00,4.366506198091583357e+00,7.798652120432619128e+00,5.276098786019185027e+00,3.482130342681616142e+00,4.711599745717053089e+00,1.593792447380447674e+00
1.979899977405732647e+00,3.555758428153575235e+00,3.798473974355897287e+00,3.153414740871017585e+00,3.835269856664426324e+00,1.596471809645642059e+00,3.410893480118002419e+00,2.831653409332317572e+00,3.443934863554789949e+00,1.821860283159942195e+00,3.024941653679853903e+00,3.679017349719909458e+00,1.255622082102892945e+00,3.054244315177711222e+00,1.857328026831990497e+00
9.753541911821435040e-01,-2.725840995950002288e+00,1.949280637647549774e+00,1.729620219877897158e+00,-2.947933605197871829e-02,1.904489979736535332e+00,-2.723845923228821686e+00,-2.416901339734327969e+00,4.119323188967786986e-02,9.739269689563625487e-01,1.728354291995893854e+00,-2.945775980476430037e-02,7.667948044044951006e-01,-2.613822556207995654e-02,2.227476084898486234e-04
1.263211974275692429e+00,2.306646255912461196e+00,2.538716211081530894e+00,2.192773112533156432e+00,-2.725835773995052946e+00,1.052993689551933620e+00,2.317869194706289271e+00,2.002020244064847354e+00,-2.488710925149010933e+00,1.275534140678107553e+00,2.203442003945367045e+00,-2.739098270563463000e+00,9.515928484222393458e-01,-2.365849721233272529e+00,1.470493634105148661e+00
1.373935733615783833e-02,4.500850292229913174e-01,4.597293637374511022e-02,2.607562748431108222e-03,2.926206578919301471e-01,3.686062757053794492e+00,7.530093986561294805e-01,4.271032942493505069e-02,4.792952615474041167e+00,3.845723688367675558e-02,4.362551806141993539e-03,4.895655072419536902e-01,1.237209157722332067e-04,2.776791913448325641e-02,1.558057763003259488e+00
6.446991420716088710e-03,1.645572143290642553e-02,2.686159912095969007e-02,-1.776246869974574356e-03,-1.004570592581509603e-01,1.050066419381624760e-02,3.428164887551683748e-02,-2.266904186846812035e-03,-1.282065753809775444e-01,2.797993126749802675e-02,-3.700395133751923585e-03,-2.092787998749360279e-01,1.223459415874339126e-04,1.383874472833728810e-02,3.913306260331095299e-01
5.868619353777325687e-01,1.390376251984382527e+00,1.193331757459647147e+00,1.111565696316124896e+00,-3.240398768034538982e-03,8.235097582355012102e-01,1.413603469820165159e+00,1.316744581230736788e+00,-3.838529322177624669e-03,6.066336038838286981e-01,1.130135186790569568e+00,-3.294531919368588919e-03,5.263496500379915011e-01,-3.068793438284474467e-03,4.473021482097546845e-06
2.842782512537402329e-01,3.349125351735547929e-01,6.017077991990078534e-01,5.901543224339204086e-01,7.452378215000968753e-01,9.864138895755730774e-02,3.544405588093482162e-01,3.476348953855739055e-01,4.389880108750153775e-01,3.183960380544149094e-01,6.245649411684002228e-01,7.886910227515806504e-01,3.062862905897882349e-01,7.735472545997907901e-01,4.884118008894843821e-01
2.678757279435568961e+00,7.391535510287005062e-01,5.195178632742873504e+00,5.205229655104577802e+00,1.709799754276778661e+00,5.098893955347988394e-02,7.167567521140705278e-01,7.181434490214678723e-01,2.358938171859998045e-01,2.518880791599290347e+00,5.047508053513679371e+00,1.657991789304512853e+00,2.528636690078270632e+00,1.661199477379912803e+00,2.728331549640169995e-01
2.519396907499854565e-01,-5.864375050701021719e-01,5.040126788757040011e-01,5.390145364672823680e-01,6.172702114561890996e-01,3.412611827150800470e-01,-5.865926425560311630e-01,-6.273293799429040529e-01,-7.184068569800823312e-01,2.520730057571111682e-01,5.391571285752968512e-01,6.174335054950529367e-01,2.882998205425241212e-01,6.603120292651593060e-01,3.780890109225379936e-01
3.921778721966805659e+00,1.133991111865434442e+00,7.525892256916097978e+00,8.213161992164295100e+00,1.352157970304981305e-01,8.197401822972411045e-02,1.088064311277578744e+00,1.187427103836500963e+00,1.954897546329276495e-02,3.610546277474874444e+00,7.880527768612596518e+00,1.297395381060943154e-01,4.300091533192265558e+00,1.415874433061000137e-01,1.165498684575428301e-03
4.449555259392715817e-02,-2.571818005104890559e-01,1.159233619896408024e-01,3.312943767786865473e-02,5.956524894753726374e-01,3.716240986905073873e-01,-3.350152680404513417e-01,-9.574314662019910160e-02,-1.721419004724747293e+00,7.550319678924144462e-02,4.315572650028139112e-02,7.759206834404885900e-01,6.166681706755454753e-03,2.217483644695195655e-01,1.993468265560055963e+00
1.604747208400410630e+00,4.714562000597674607e-01,3.180741703277146115e+00,2.635781077913926129e+00,1.244139990839732368e+00,3.462709693640034919e-02,4.672325924447117140e-01,3.871810228669594900e-01,1.827569817081552972e-01,1.576123287519378469e+00,2.612168057169081070e+00,1.232994185272131560e+00,1.082310948154586727e+00,1.021743683044045614e+00,2.411414565334559501e-01
4.266752061837598975e-02,2.249252578207745767e-01,1.104212378500530750e-01,1.204208409333355212e-01,4.995148646743067800e-01,2.964278851485062094e-01,2.910472067788220651e-01,3.174040617005027820e-01,1.316616340647990713e+00,7.144104925496182201e-02,1.558213147388332886e-01,6.463587394164607147e-01,8.496614474504025905e-02,7.048921426767311704e-01,1.461973278587520131e+00
2.133358648023994331e+00,4.881086988626003986e+00,4.323393207328844134e+00,4.213181182391303459e+00,-4.885971265037425404e-01,2.791960251573474050e+00,4.945923731706624693e+00,4.819842146359728297e+00,-5.589508072321668353e-01,2.190410979711527428e+00,4.269145959604116136e+00,-4.950872887227056318e-01,2.080158403287909685e+00,-4.824665137909991408e-01,2.797550616358309566e-02
1.203549379438773048e+00,-4.549162332290523914e+00,2.786397016227324386e+00,2.159844504644884200e+00,3.441415831922797874e+00,4.298718083171042537e+00,-5.265995963929162471e+00,-4.081877915435805804e+00,-6.503912319589160163e+00,1.612731572272707803e+00,2.500181706738043186e+00,3.983696460438820974e+00,9.689939532061423444e-01,3.087917787071770004e+00,2.460086625970333785e+00
9.631380682630275025e-02,1.636539771433118684e+00,2.922477184599058253e-01,1.094680899089108123e-01,3.727961321818568097e-01,6.951917154288376643e+00,2.482899545403549180e+00,9.300270062102065083e-01,3.167228651092176328e+00,2.216938873028112544e-01,1.660810665377326356e-01,5.655929438928160025e-01,3.110473748046480025e-02,2.118558172504553250e-01,3.607399622890792301e-01
1.420613728650962958e-03,-1.964077477068114364e-02,-2.325750277874253681e-03,-4.671459912850314637e-03,-1.641581947235190297e-01,6.788615825199520448e-02,1.607739544512051116e-02,3.229276549568723537e-02,1.134789163408972845e+00,9.518974521259816702e-04,3.823927986641132912e-03,1.343753616108282201e-01,3.840336271086598665e-03,2.699039191832308116e-01,4.742301223654045828e+00
4.752521088654187431e-01,5.764007580787058188e-02,1.001753128872963527e+00,9.261837170098182748e-01,8.065807385191797740e-01,1.747692581032762177e-03,6.074789065834552276e-02,5.616524226258494401e-02,4.891232889466159972e-02,5.278826292862093261e-01,9.761213249960686289e-01,8.500696403317389294e-01,4.512427518217695943e-01,7.859428001841486378e-01,3.422249347316276835e-01
1.053296958461210353e-01,-9.636316888624385513e-01,1.657901431818464000e-01,1.303534099461812756e-01,-6.716567240851117893e-01,2.203998654701499138e+00,-7.583836371485715988e-01,-5.962832967776122706e-01,3.072398995205987582e+00,6.523889430102575160e-02,1.025888773608149979e-01,-5.285976740016448128e-01,4.033053392041801438e-02,-4.156128221697510394e-01,1.070739717286854242e+00
1.186295186082482467e-01,-8.062559386004272133e-01,2.988054528602329674e-01,9.700015532448050259e-02,5.362924580481767123e-01,1.369913336399686044e+00,-1.015403559253768462e+00,-3.296268592886651416e-01,-1.822434180803879755e+00,1.881586887194891533e-01,1.221625767316781574e-01,6.754099345281801003e-01,1.982860219648387504e-02,2.192559336846353624e-01,6.061088419087584667e-01
3.073696820967518339e-02,3.260976091458987758e-02,5.588006347720198691e-02,9.652331728517776765e-02,-2.380483819807395485e-01,8.649165555729603286e-03,2.964240808418559803e-02,5.120222459614552635e-02,-1.262762932495956059e-01,2.539760487204800049e-02,8.774009622764354643e-02,-2.163869677221741117e-01,7.577805589168706835e-02,-3.737717289878560445e-01,4.609029083243382785e-01
1.073052826541835536e+00,-2.749742597568329838e-01,2.154662270692292214e+00,1.868977479188703938e+00,-1.568699824927820785e+00,1.761582506904434825e-02,-2.760705942218077413e-01,-2.394666348805657707e-01,2.009929345838145920e-01,1.081626501955787578e+00,1.876429174581968340e+00,-1.574954300109567384e+00,8.138175333296082670e-01,-1.366132482892748801e+00,5.733219930697965872e-01
2.120414304199223082e-02,-2.744521259090926812e-01,4.559616491894754459e-02,-2.475862948009256714e-03,3.490152023473849230e-01,8.880808017901322682e-01,-2.950830026595359090e-01,1.602295004789901570e-02,-2.258708688890079586e+00,2.451184010594811141e-02,-2.661976366377482965e-03,3.752510698955376922e-01,7.227240126122487843e-05,-2.037606061401706428e-02,1.436177015363848231e+00
8.400405688754532252e-03,3.968588743859400442e-02,1.903448461739335948e-02,-6.354730817366014556e-03,3.078289990082140257e-02,4.687183334184490124e-02,4.496213885174393798e-02,-1.501077098324896109e-02,7.271355371163207293e-02,1.078256271404856928e-02,-7.199594309638791302e-03,3.487549627664572605e-02,1.201805164458925228e-03,-1.164330925764168155e-02,2.820062986876060648e-02
7.688390592038210070e-01,1.003759515022015547e+00,1.520455714670280845e+00,1.404956973682851773e+00,-1.415204337743174001e+00,3.276151074584428002e-01,9.925171415915936546e-01,9.171223246586124311e-01,-9.238115589374319425e-01,7.517131032167860827e-01,1.389221082052004785e+00,-1.399353672910460089e+00,6.418456744198758335e-01,-1.293054235276170472e+00,6.512427059965966158e-01
2.604898574930988975e+00,2.148590842832813319e+00,5.056577544260215440e+00,5.555275986369220043e+00,4.478850186684718016e-01,4.430539690040831147e-01,2.085401004136862468e+00,2.291070989978592376e+00,1.847138424148772884e-01,2.453932055856922201e+00,5.391895883237377340e+00,4.347127657109571275e-01,2.961832332142539936e+00,4.775857518616457020e-01,1.925228412712497172e-02
1.206407331312701947e+00,3.613963087312839217e+00,2.372398055506405257e+00,2.082300274445632926e+00,-5.627489678149997232e-01,2.706533866602141014e+00,3.553426267595590993e+00,3.118911885407521734e+00,-8.428968990489575930e-01,1.166329229706852155e+00,2.047420052023377401e+00,-5.533224651121138038e-01,8.985303554642584123e-01,-4.856619732450198068e-01,6.562592761108687611e-02
1.234878768834439533e-01,1.009047221957481755e+00,2.917796136168247512e-01,2.778229850976143833e-01,1.340950286490346421e+00,2.061287961694275861e+00,1.192098430932523767e+00,1.135077055269493540e+00,5.478603226142197968e+00,1.723556697851804653e-01,3.282228397293100453e-01,1.584212014758431319e+00,1.562615152931209617e-01,1.508434758384758823e+00,3.640332387720442320e+00
4.266752061837598975e-02,-1.182814966592473094e-01,5.664880511132141389e-02,1.153685027103756033e-01,-4.186482336678679084e-01,8.197401822972411045e-02,-7.851997673423928570e-02,-1.599103834737778673e-01,5.802814287580049246e-01,1.880286851703301051e-02,7.658621512694985256e-02,-2.779154009365622513e-01,7.798608417324850994e-02,-5.659904674634892441e-01,1.026930678260118190e+00
1.099104336484484218e-01,1.542430799756749071e-01,2.127291110314795675e-01,2.445671972519910808e-01,1.078226883601396846e+00,5.411435231999536799e-02,1.492669630934803093e-01,1.716069917703306469e-01,7.565661872065624349e-01,1.029330728167916625e-01,2.366770866598751633e-01,1.043441640729099618e+00,1.360496724155602355e-01,1.199608254515630357e+00,2.644364993225535976e+00
1.058636391986458758e+00,4.185440906758855384e+00,2.147084174801952905e+00,1.912107416003189009e+00,5.286228453850925213e-01,4.136905673320756094e+00,4.244372290380143298e+00,3.779868450412711578e+00,1.044985652330724157e+00,1.088657656344755198e+00,1.939030060037089553e+00,5.360659024933792649e-01,8.634113653210685468e-01,4.773988834036190232e-01,6.599105102996634387e-02
3.358645422787169821e+00,2.431192817847595666e+00,6.451321634620133416e+00,6.620745583215877694e+00,-1.424282813186394714e+00,4.399614854735650060e-01,2.334930433159208452e+00,2.396250137258180590e+00,-5.154914720246067672e-01,3.097941699274393113e+00,6.358599054328172073e+00,-1.367888742316528461e+00,3.262793966004359003e+00,-1.403812096489301720e+00,1.509970000238022581e-01
1.071812720882548003e-01,4.754467450187965794e-01,1.874686080024198787e-01,1.037468349564539538e-01,-2.698101323783216876e-01,5.272600402681254517e-01,4.157971711446150076e-01,2.301059412013342631e-01,-5.984270699210191280e-01,8.197439324434037389e-02,9.073075153431828244e-02,-2.359597388444104604e-01,2.510561209475787106e-02,-1.305822683760634595e-01,1.697999709176450933e-01
9.729017951767331140e-03,1.606563280325460918e-01,2.924450517008374620e-02,3.870706681065475691e-02,1.149826891183860361e-01,6.632338398607959817e-01,2.414588419430857835e-01,3.195869949844524771e-01,9.493608045872720114e-01,2.197655217831352703e-02,5.817488574257083378e-02,1.728135287170446122e-01,3.849918430904755023e-02,2.287303123418345518e-01,3.397315860254358499e-01
7.632122007652122897e-02,3.510590060166318693e-01,1.204152721995176839e-01,9.100352104028056055e-02,-2.280714097942016794e-01,4.036964607674646821e-01,2.769404480510216926e-01,2.092970055273173646e-01,-5.245364417843950688e-01,4.749608878220925451e-02,7.179008502611060327e-02,-1.799190373513505636e-01,2.712758271364583418e-02,-1.359733329674459312e-01,1.703869772828637552e-01
2.576742337088850920e-01,1.025248064803808923e+00,5.720247305005118355e-01,5.364521537654368677e-01,6.892802241612199232e-01,1.019828000702918569e+00,1.138001342866412635e+00,1.067232304509778906e+00,1.371272567219938399e+00,3.174670276441577954e-01,5.954493281442753139e-01,7.650849073846659465e-01,2.792100214458236862e-01,7.175064721778958710e-01,4.609572526724846631e-01
2.837779641564229127e+00,1.920578284741659925e+00,5.586973052191978262e+00,4.340625795230482531e+00,2.484048230102791965e+00,3.249566046104261918e-01,1.890601187688075502e+00,1.468844078378465312e+00,8.405883633650691467e-01,2.749884753975607055e+00,4.272875700495646356e+00,2.445276285490499024e+00,1.659839264671972847e+00,1.899781728336985109e+00,5.436024276778884667e-01
3.700255005993436513e-02,8.860040511085390258e-02,8.508163582616236342e-02,1.091878228149937013e-01,-1.598847010545335345e-01,5.303709996400549076e-02,1.018614580546762655e-01,1.307218734777888525e-01,-1.914172031591674372e-01,4.890801271216871360e-02,1.255302480822225175e-01,-1.838150598710491801e-01,8.054837188091089339e-02,-2.358953961455921566e-01,1.727118643842927848e-01
6.357043632974874736e-01,-2.890836676399879845e+00,1.327385400065069776e+00,1.175491770744095055e+00,3.124189654209084122e+00,3.286487073279670490e+00,-3.018112364622963728e+00,-2.672747679476797700e+00,-7.103555172697659792e+00,6.929132872261619669e-01,1.227245481129541682e+00,3.261739240328938916e+00,5.434054659934994813e-01,2.888496163308568843e+00,3.838482775561615323e+00
5.348325698110502735e+00,4.093859714022215490e-01,1.158930892839685534e+01,1.123565622910708761e+01,1.192869375156380940e+01,7.834081310724515246e-03,4.435500716802230348e-01,4.300149522793133006e-01,4.565391259519608336e-01,6.278230282669109208e+00,1.217329482181604128e+01,1.292416774916592814e+01,5.900910772097887502e+00,1.252978126427665551e+01,6.651321490614719778e+00
2.242578124725642219e+00,2.934479305847839559e+00,4.580722095941764493e+00,4.260056556420396490e+00,1.351272481696291994e+00,9.599630779309763495e-01,2.997004663555601134e+00,2.787204527843694546e+00,8.840898540791163329e-01,2.339162088591248079e+00,4.350826172520491752e+00,1.380064231943208597e+00,2.023127050046545694e+00,1.283455218726215374e+00,2.035533678467770224e-01
3.270315063575968573e+00,-4.418980479848112708e+00,6.562284866028789132e+00,4.874687473869171228e+00,1.125579601117318340e+01,1.492775780135858099e+00,-4.433610854373615240e+00,-3.293436316321389334e+00,-7.604640820774411836e+00,3.292005649741744477e+00,4.890826604549362244e+00,1.129306173614687303e+01,1.816535831100742682e+00,8.388868772187324296e+00,9.685071727202950953e+00
4.330542167345126370e-02,-2.275689165426413862e-01,5.007507713947801503e-02,2.226670126026321014e-02,-2.108955555773521229e-01,2.989672526854789125e-01,-1.315716440351200056e-01,-5.850548135735229166e-02,5.541254562568904696e-01,1.447574722532909280e-02,1.287375506532657116e-02,-1.219317444076898072e-01,2.862262771348125529e-03,-5.421894247524466914e-02,2.567630890287979639e-01
7.246664086032228447e-01,1.057698909477907900e+00,1.507689458379659619e+00,1.325746478811493434e+00,1.799297136718865930e+00,3.859455087986881638e-01,1.100286612589932211e+00,9.675076616190048107e-01,1.313097031089432098e+00,7.841978998621415009e-01,1.379126979571681622e+00,1.871744911394858546e+00,6.063492474657451448e-01,1.645868923287380436e+00,1.116882936675944293e+00
1.566836556549530357e+00,6.231489155969927030e-01,3.221316032323194634e+00,2.611581181085581793e+00,4.785436405351867428e+00,6.195837233094209084e-02,6.405772139877788929e-01,5.193279331479361272e-01,9.516115430764523486e-01,1.655705079244878419e+00,2.684622174909852887e+00,4.919276024606763720e+00,1.088236714431158214e+00,3.988149117167889113e+00,3.653923169896228007e+00
1.648941160693210284e+00,1.464014099360031018e+00,3.208374438460757982e+00,2.734645509798247165e+00,2.111029407669898994e+00,3.249566046104261918e-01,1.424279266568317714e+00,1.213978909172583442e+00,9.371398114936730916e-01,1.560647945291291361e+00,2.660424447225187006e+00,2.053733920851281258e+00,1.133801229923186549e+00,1.750492142578824462e+00,6.756525439291064528e-01
1.321323375069275219e+00,2.236058834727927547e+00,2.671263086546717513e+00,2.206027228970193210e+00,6.037583714960182979e-01,9.460135207444347882e-01,2.260272366801283184e+00,1.866615988205971632e+00,5.108663276897819072e-01,1.350094649837891403e+00,2.229915558844959289e+00,6.102962686504794787e-01,9.207731102733960338e-01,5.040050877663038165e-01,6.896952290963831445e-02
1.981434799601277386e-01,4.550478364024601596e-02,3.685004998533716880e-01,4.281350388382695882e-01,5.550180231725897473e-01,2.612608467563863265e-03,4.231412388771133709e-02,4.916183039448022984e-02,6.373153198376244055e-02,1.713311717593612449e-01,3.981154864353663725e-01,5.161018142203968040e-01,2.312713134920360014e-01,5.996227152030260132e-01,3.886640707385337623e-01
8.110157379220135632e-02,1.394388517867592103e+00,1.112257739155107367e-01,1.046635988481893903e-01,-5.334318664782504715e-01,5.993469817684178302e+00,9.561586464160475307e-01,8.997465378819110571e-01,-4.585677163230801767e+00,3.813481109134132102e-02,7.176981431026087377e-02,-3.657843455187305137e-01,3.376774460604881761e-02,-3.442035479420571531e-01,8.771394403009477037e-01
1.073052826541835536e+00,2.077740517157455447e+00,2.088953222639613916e+00,1.893135962489398194e+00,-2.653471041822072496e-01,1.005776591295671540e+00,2.022408702427358040e+00,1.832829286899392507e+00,-2.568943559128111231e-01,1.016661402505121048e+00,1.842720307853824346e+00,-2.582807084092334504e-01,8.349923889629982110e-01,-2.340696250196088180e-01,1.640391879046462081e-02
1.464210075694785396e-01,4.985906290089885951e-01,3.341118312862372819e-01,3.316888459576337600e-01,-1.061873596979888562e-01,4.244483415701444384e-01,5.688563099161284553e-01,5.647309531824140638e-01,-1.807938059690697430e-01,1.905988724884183083e-01,3.784332917103364058e-01,-1.211521959760811368e-01,1.878444431556419159e-01,-1.202735979562263580e-01,1.925228412712497172e-02
3.028221002016277461e-02,4.964986438241844047e-01,3.915020788141475999e-02,1.357171987624372980e-02,-3.371009900503257328e-01,2.035113216267242287e+00,3.209479279354928161e-01,1.112590611522434603e-01,-2.763506763217359108e+00,1.265378894190226020e-02,8.773066003265481139e-03,-2.179096873826852909e-01,1.520625313315879593e-03,-7.554006467693823168e-02,9.381504637314032058e-01
1.438739816534566618e+00,6.864533434279828095e-01,2.704422183563178983e+00,2.404983409962715868e+00,-1.075070488577556937e-01,8.188036976665802325e-02,6.451686498881111786e-01,5.737343485197392567e-01,-2.564694890707810288e-02,1.270886379680052469e+00,2.260342839704931439e+00,-1.010413573319424718e-01,1.005036688309538295e+00,-8.985386585731629239e-02,2.008314050476232761e-03
7.616963413518319445e-03,-2.112333760892898815e-01,-2.595265910239494267e-03,2.928451186002891185e-02,-2.464481677333452414e-01,1.464479240339076282e+00,3.598591395991178332e-02,-4.060585545377767835e-01,3.417246196098517430e+00,2.210659543440064072e-04,-4.988936614389739843e-03,4.198513854118025856e-02,2.814712991000345443e-02,-4.737527213312369700e-01,1.993468265560055963e+00
1.234878768834439533e-01,8.471325279936446906e-01,2.031951647962034480e-01,2.852188529575064857e-01,4.381565971950129312e-01,1.452842048337775971e+00,6.969640987202485594e-01,9.783072396871611565e-01,1.502887227501876977e+00,8.358770925247764605e-02,2.346590341187358431e-01,3.604860016243458531e-01,1.646918631518360099e-01,5.060032013736913692e-01,3.886640707385337623e-01
1.209919749359005155e-02,7.062942077560899201e-02,3.487818368276634357e-02,4.372834197765045061e-02,2.649018586635886185e-01,1.030753296187796320e-01,1.018012108870924998e-01,1.276327403943706973e-01,7.731861906421343411e-01,2.513571039842234928e-02,6.302753320818677008e-02,3.818144008835988590e-01,3.951022150699209923e-02,4.786978257150313332e-01,1.449951427782717461e+00
4.626009670612152291e-02,2.902602273367204666e-01,1.039905194233139707e-01,1.240422996274132134e-01,7.717561596097795018e-01,4.553114107650355624e-01,3.262456626542300508e-01,3.891533811305039614e-01,2.421202443219342193e+00,5.844144792124720406e-02,1.394206247628759776e-01,8.674357558718951422e-01,8.315207485731915260e-02,1.034697456403611104e+00,3.218797691233640013e+00
2.554151637203538536e-02,-3.949371770251124403e-01,8.229897314006792697e-02,1.100792726416131634e-03,1.533078038261448672e-01,1.526684746557741557e+00,-6.362763206884307632e-01,-8.510535661393849038e-03,-1.185265400399413416e+00,6.629521208973032653e-02,1.773467747656753274e-03,2.469914989672411243e-01,1.186053921858533699e-05,3.303643231210455933e-03,2.300497978629093554e-01
1.195279433241142053e-01,4.762267283059180012e-01,2.688352075473277036e-01,2.723488745939843247e-01,8.340858951759247963e-01,4.743491154574321356e-01,5.355505490316486705e-01,5.425501765474013416e-01,1.661594711408405312e+00,1.511620772664004908e-01,3.062755209809743251e-01,9.379884255763005774e-01,1.551392658273187952e-01,9.502479024921453021e-01,1.455097572132050932e+00
2.075848614050127341e-02,-2.642236637285369505e-01,5.672334103472662786e-02,6.694794138803518424e-02,7.998211878469560498e-02,8.407904121909767214e-01,-3.610005297514631284e-01,-4.260722634806463627e-01,-5.090247987022282761e-01,3.874966358775386310e-02,9.146887892554932120e-02,1.092770679373527010e-01,5.397824804949338806e-02,1.289746796622464609e-01,7.704245967156399255e-02
8.377647465185058540e-01,1.606134041209467567e+00,1.434979796887193570e+00,1.448473096235144641e+00,-1.268912518107418341e+00,7.698063713745895154e-01,1.375547198546064331e+00,1.388481645537917641e+00,-1.216357932891444449e+00,6.144824743556230873e-01,1.240521063979957317e+00,-1.086739347214330520e+00,6.260929214424402200e-01,-1.096958096883816625e+00,4.804866119340048813e-01
6.143534051794007772e-02,-4.360130173798336117e-01,1.119154872809673268e-01,4.174802602219438580e-02,-4.462810647775968809e-01,7.736074616089771983e-01,-3.971379412038872347e-01,-1.481450468258845299e-01,1.583651624721957196e+00,5.096853125473782553e-02,3.802575712857014789e-02,-4.064904858325702475e-01,7.092406675278647120e-03,-1.516338425771977805e-01,8.104732028011866207e-01
4.368997064369019023e-01,6.243823481495813787e-01,9.098422544386437494e-01,8.383971154461691278e-01,5.165169895053400850e-01,2.230794109820994908e-01,6.501371309048408209e-01,5.990852727887070461e-01,3.690825217034950922e-01,4.736859030606538901e-01,8.729796683241364263e-01,5.378224970898111135e-01,4.022145774146754782e-01,4.955901179379231247e-01,1.526607803329973756e-01
1.308160923555292364e-02,-2.826410676483339657e-01,1.781715445054906158e-02,-6.954199303148255948e-03,2.204141021768736275e-01,1.526684746557741557e+00,-1.924785959311526573e-01,7.512616683042379340e-02,-2.381132016797602002e+00,6.066742000134787982e-03,-4.735810435590344196e-03,1.501020260906176518e-01,9.242151916691081432e-04,-5.858620174942397174e-02,9.284480136129033001e-01
1.404622668355239370e-02,3.362778462285925807e-02,3.162417179623808888e-02,5.655365105001220610e-02,-4.722733041664550074e-02,2.012689820757283116e-02,3.785539212767567718e-02,6.769697086595700963e-02,-5.653299392580747595e-02,1.779994485937363285e-02,6.366344559298296735e-02,-5.316464144504232103e-02,5.692481545295816070e-02,-9.507457143398145849e-02,3.969786314382119097e-02
6.177176210394498268e-01,6.290332301114623936e-01,1.261206777956533243e+00,1.140413001778592728e+00,8.703409846589128529e-01,1.601390308077313696e-01,6.421550449228662361e-01,5.806517814424495549e-01,4.431421269455926293e-01,6.437579577570102796e-01,1.164202346286202117e+00,8.884965489069980293e-01,5.263496500379915011e-01,8.033995964172268023e-01,3.065694598052714492e-01
2.353289557143246835e+00,2.470066058920749708e+00,4.565810948128159019e+00,3.699709600115322683e+00,-4.069829229959121442e+00,6.481593305116698511e-01,2.396189329992773231e+00,1.941649527013952437e+00,-2.135892503328198799e+00,2.214626494938591872e+00,3.589055699887498729e+00,-3.948105493171201186e+00,1.454118882612316144e+00,-3.199178406925036633e+00,1.759612402004703924e+00
3.171010853390019424e-01,-3.248899912328325201e-01,6.091432835845352889e-01,5.064492379430809432e-01,6.810409721038636344e-02,8.321755371037783955e-02,-3.120527888634400115e-01,-2.594445369042144289e-01,-3.488846391356227594e-02,2.925372673665456169e-01,4.864381833315502002e-01,6.541313688022351580e-02,2.022153521951224331e-01,5.438528867873195644e-02,3.656695192231247584e-03
1.535297140169317176e+00,-1.020521458518806490e+00,2.993963454203273145e+00,2.911643021587158486e+00,8.535235257150365351e-01,1.695867236459673300e-01,-9.950529676289792125e-01,-9.676935185160759900e-01,-2.836711704050859928e-01,1.459622526899945649e+00,2.838979038727502680e+00,8.322226937163863525e-01,1.380459987736031291e+00,8.093403395301652647e-01,1.186256376515957695e-01
1.404622668355239370e-02,-8.496470959252551414e-02,1.727188612468587986e-02,5.190203152998613262e-02,-3.802134505891383021e-01,1.284864974554942030e-01,-5.223825664217335296e-02,-1.569760027214687492e-01,1.149943189024060564e+00,5.309576319408185544e-03,3.191056211827626721e-02,-2.337639698403555510e-01,4.794563226175963672e-02,-7.024609151335241553e-01,2.572973355509350579e+00
9.473909699114026195e-03,2.582290889950751844e-01,3.079846352345878488e-02,8.365165505011540326e-04,-1.106944457822897215e-01,1.759628931481751257e+00,4.197347996073133025e-01,1.140040984269760985e-02,-1.508591848508359812e+00,2.503046222549827268e-02,1.359703928241404181e-03,-1.799267123579485206e-01,1.846544777938376950e-05,-4.886986412489106521e-03,3.233422292433864031e-01
2.782197025631108836e-02,3.826914875759813706e-01,6.195855654139409419e-02,8.405228139222443995e-02,-3.394249141671262099e-02,1.315981338793722033e+00,4.261202918493541270e-01,5.780699983468793324e-01,-2.334396596040896610e-01,3.449488563649018291e-02,9.359074826650685963e-02,-3.779437175411985705e-02,6.348207857093725315e-02,-5.127141991433074864e-02,1.035236463269770951e-02
1.432683554223583011e-01,-1.303542319814039452e+00,3.283728727606387010e-01,1.765720476115795190e-01,1.580630039868296866e+00,2.965104496622477104e+00,-1.493867696954112700e+00,-8.032797468756084358e-01,-7.190764990857606342e+00,1.881586887194891533e-01,2.023526770880839931e-01,1.811411966840778209e+00,5.440435172483375909e-02,9.740290583818708159e-01,4.359635656402874204e+00
1.316013377547840812e-01,-3.512414633352602955e-01,2.790975210548152230e-01,2.896935397456992245e-01,1.076567375733366250e+00,2.343641935383938557e-01,-3.724529833093327968e-01,-3.865932693201357684e-01,-1.436668908093384323e+00,1.479761292474234269e-01,3.071881722026036377e-01,1.141581426685563949e+00,1.594253303237075092e-01,1.184921898104335680e+00,2.201720237549968040e+00
2.083869229102312204e+00,-4.834978707919836971e-01,3.987541380298537774e+00,4.081913249545390698e+00,1.836784626536499321e+00,2.804520885903732594e-02,-4.625932712437525463e-01,-4.735413185603226105e-01,-2.130847376676351379e-01,1.907567667578973669e+00,3.905426925556846562e+00,1.757369081208043138e+00,1.998927709104839856e+00,1.798960174398858358e+00,4.047492180848341614e-01
2.215532005857570319e-01,4.336766179728909210e-01,4.466619424346302547e-01,4.679814369322796708e-01,4.743388176377144050e-01,2.122237553769913410e-01,4.371564934745189035e-01,4.580222860836703491e-01,4.642443748555991068e-01,2.251230069030907832e-01,4.717365785979968362e-01,4.781449717224888207e-01,2.471264517215019385e-01,5.009671737622523047e-01,2.538863276665402346e-01
2.242349447188881628e-01,-1.323110601705063671e-01,4.501372733596841202e-01,4.945085507929694590e-01,7.986922111150509540e-01,1.951771685875054382e-02,-1.328029846889962340e-01,-1.458937426118471492e-01,-2.356363619752457339e-01,2.259054282570784611e-01,4.963471036730118247e-01,8.016617004447263994e-01,2.726367060160141964e-01,8.806837140020202792e-01,7.112063296998191175e-01
8.611046338967928149e-01,-9.459772306620702897e-01,1.793337274858803232e+00,1.553906744080582492e+00,2.912334411283996616e+00,2.598037699789960131e-01,-9.850465101069949547e-01,-8.535318128648260450e-01,-1.599690637292799034e+00,9.337014500909820436e-01,1.618083782224880807e+00,3.032615114945214962e+00,7.010257738284685347e-01,2.627727168435233462e+00,2.462445151632254969e+00
6.132612675067486974e-01,1.456598535160934238e-01,1.277293361784862080e+00,1.153219021580749182e+00,1.028813954654201890e+00,8.649165555729603286e-03,1.516893156574690427e-01,1.369544455647331294e-01,1.221802988956861707e-01,6.650829012455612421e-01,1.200955513575553413e+00,1.071400807794357313e+00,5.421482580917379446e-01,9.673265580578048750e-01,4.314874464493920203e-01
1.768781957329917720e+00,4.273132165331415266e-01,3.169742571131581421e+00,3.382420991033475044e+00,-1.349717732115306656e+00,2.580823830026228449e-02,3.828829460972465459e-01,4.085730260188705221e-01,-1.630365526773720486e-01,1.420082888906612384e+00,3.030730770499400428e+00,-1.209379634603279463e+00,1.617040997220257514e+00,-1.290524694171045317e+00,2.574848116294262135e-01
3.276096424220140135e-02,-2.535913596210031540e-01,7.543445946325862128e-02,9.666489600840504071e-02,2.277422273099655448e-01,4.907408799005155142e-01,-2.919561066050871956e-01,-3.741248613008943957e-01,-8.814371371928968468e-01,4.342330732732150450e-02,1.112889127065595368e-01,2.621963701537776692e-01,7.130515185110952725e-02,3.359894806038997705e-01,3.957951429379143460e-01
1.677510900367859881e+00,2.037244325799224764e+00,3.388627650006204473e+00,2.764864724783641758e+00,2.160577521123064670e+00,6.185301749888789669e-01,2.057650549605265500e+00,1.678887741037246917e+00,1.311951026485756122e+00,1.711285057502237361e+00,2.792559217610479649e+00,2.182219121930587757e+00,1.139258908045928775e+00,1.780526305970255407e+00,6.956877633043434539e-01
7.321401991971435708e-01,-1.150750181695574081e+00,1.693917541340540511e+00,1.254797522038436197e+00,2.708479574310415305e+00,4.521763666728474962e-01,-1.331217655178953851e+00,-9.861215639165249458e-01,-2.128542706488655067e+00,9.797838719987254086e-01,1.451582316981347986e+00,3.133239416656847798e+00,5.376418420407719223e-01,2.320999080547199611e+00,2.504937446578247684e+00
7.589099849368461381e-01,1.808150895028387550e+00,1.554383233819509158e+00,1.371078898898328680e+00,2.349686591067948083e+00,1.077008381785893754e+00,1.851708036020734305e+00,1.633340967574601565e+00,2.799138235761428284e+00,7.959136411218304952e-01,1.404107268972502487e+00,2.406288963367947176e+00,6.192622920756171156e-01,2.122521621787398338e+00,1.818735813807995649e+00
