1.097063981469980742e+00,-2.073335014697593515e+00,1.269933688139938344e+00,9.843749048031144033e-01,1.568466329243427992e+00
1.829820607546445821e+00,-3.536324082438112582e-01,1.685954710550897406e+00,1.908708254236593849e+00,-8.269624468508425252e-01
1.579888114931217835e+00,4.561869517641946037e-01,1.566503129858641596e+00,1.558883632758692350e+00,9.422104400684553349e-01
-7.689092872596208217e-01,2.537321117621929578e-01,-5.926871666544731854e-01,-7.644637923250287015e-01,3.283553480279430836e+00
1.750296632623418391e+00,-1.151816432619518160e+00,1.776573151076056289e+00,1.826229278440991033e+00,2.803718299176318762e-01
-4.763746652213425303e-01,-8.353353034209872741e-01,-3.871480674633165364e-01,-5.056504544836544213e-01,2.237421483589420834e+00
1.170907672469934990e+00,1.606494267038018064e-01,1.138125047376070009e+00,1.095294906735131857e+00,-1.231362259485147687e-01
-1.185167780677197774e-01,3.584501324528832078e-01,-7.286683964196806473e-02,-2.189649110285938616e-01,1.604049050219278794e+00
-3.201668573368246506e-01,5.888297779724025460e-01,-1.840803802864819094e-01,-3.842072728811636306e-01,2.201838762613570033e+00
-4.735345232598053844e-01,1.105438680046475053e+00,-3.294817871291240152e-01,-5.090633776200244043e-01,1.582699417633767647e+00
5.375560150472540322e-01,9.192733099296918065e-01,4.420106633418918185e-01,4.064532537111665289e-01,-1.017685831281402553e+00
4.693926079703735765e-01,-3.257076027262936213e-01,4.790818435567293920e-01,3.586723298019898198e-01,5.264241567218774093e-02
1.432200732931310450e+00,1.282295781657419198e+00,1.665359610431543125e+00,1.331355423667374360e+00,7.399204825769778449e-02
4.892736017011304339e-01,1.084495075908336936e+00,4.832008635806006036e-01,3.635073042451804626e-01,-8.789132194755842065e-01
-1.128364941446465264e-01,7.726680809627255453e-01,6.717984116964147157e-02,-2.178272699831373393e-01,1.191289486899410388e+00
1.172150047398245742e-01,1.919912174307400354e+00,1.961051679168003825e-01,1.112299041500142832e-02,1.248221840460771226e+00
1.569769922013383168e-01,1.955554336006982696e-01,1.141366694417695199e-01,8.421642758558747777e-02,1.643721595363581145e-01
5.687975766241574194e-01,3.235441255559867169e-01,6.644377446309189805e-01,4.092973563248079594e-01,1.468834710511045971e+00
1.613969818469657369e+00,6.656229931455751592e-01,1.566503129858641596e+00,1.720997481736256551e+00,1.387526004337456542e-01
-1.667991914138439169e-01,-1.147162298366598554e+00,-1.857279882960305162e-01,-2.519565013468350601e-01,1.017465706188614427e-01
-2.974457216445311469e-01,-8.330082362945270269e-01,-2.611060547328675208e-01,-3.836384523584352446e-01,7.927630119698819700e-01
-1.313080487090049875e+00,-1.593959186646877635e+00,-1.302806218769812618e+00,-1.083572105575602462e+00,4.298192580162051857e-01
3.444263616627595836e-01,-1.170432969631196363e+00,4.337726232941499505e-01,1.408140695970527823e-01,7.785299235795423156e-01
1.997388983277110119e+00,8.727319674004963002e-01,1.863072571577344405e+00,2.130548258100628978e+00,-1.480441306316104821e-01
7.164849586240649160e-01,4.864388244081715995e-01,7.426991250844658943e-01,7.102034128480763098e-01,1.120124044947709008e+00
8.556519147393630842e-01,-6.724406045688022804e-01,9.898403265167186049e-01,7.332406440185722518e-01,1.582699417633767647e+00
1.285755725859715759e-01,5.213448313050689231e-01,2.241145040791220622e-01,-2.869444617597922617e-02,6.433155838713087160e-01
1.273152783085255368e+00,2.234802391182159342e-01,1.241100547972842083e+00,1.248876447871771544e+00,-1.395042775974066618e-01
3.330657938166130538e-01,1.391667936601028721e+00,4.296536032702792940e-01,2.204489427790140843e-01,8.425788213360734247e-01
9.777780190854403752e-01,-9.865946666408730303e-01,9.486501262780098198e-01,8.538305948369707687e-01,1.501390711460184046e-01
1.278833067008328550e+00,1.354434862577672094e+00,1.352314088617355914e+00,1.231811832189922740e+00,7.144810258230102074e-01
-6.496233248750801215e-01,-1.372151654830511824e-01,-5.782705965709247220e-01,-6.094601998815682986e-01,1.034725514605666863e+00
8.215702112009225511e-01,1.091476277287716456e+00,8.580316857528503816e-01,6.951296689957762176e-01,1.660981403780639409e+00
1.460602152546676580e+00,1.670915991776203091e+00,1.480003709357353481e+00,1.442275425599391925e+00,-1.672587999585703200e-01
5.687975766241574194e-01,-3.280346698527537574e-01,6.191285243683395390e-01,4.331878182793966192e-01,5.436839651389268058e-01
7.420462362778950105e-01,5.353072340638272975e-01,7.468181451083365507e-01,6.103754111092604129e-01,-1.852302627951374348e-02
3.485088785526095634e-02,5.655591067078042933e-01,6.841554717680278785e-02,-6.225485701694850882e-02,1.330593650776097925e-01
-3.116464314522147672e-01,-2.023730450239246415e-01,-3.855004594537679297e-01,-3.728308624265977422e-01,-4.647303473166825016e-01
2.450213930089756853e-01,1.375378466715810211e+00,1.470888296327370059e-01,1.248870949606604441e-01,-1.772219618318086054e-01
-1.838400431830636561e-01,3.561230653264238488e-01,-1.470092000716437808e-01,-2.721496299036892386e-01,3.728869044548434042e-01
-1.952006110292106578e-01,5.329801669373671613e-01,-2.384514446015772449e-01,-2.613420399718517917e-01,-1.048998625740150903e+00
-9.023959594518452532e-01,4.794576230287928009e-01,-8.266475040103388183e-01,-8.071253315296508246e-01,1.874477729635743994e+00
1.403799313315943209e+00,1.284622848783878446e+00,1.496479789452837217e+00,1.277317474008186293e+00,-3.949882142040144761e-01
-2.406428824137976652e-01,2.304614404975955655e-01,-1.914946163294497794e-01,-3.119670664946699312e-01,5.508005093340971881e-01
-2.718844439907009969e-01,5.865027108459424099e-01,-2.697559967829961103e-01,-3.509312723015582391e-01,5.548903335025567873e-02
1.284513350931401954e+00,-3.931925493936272442e-01,1.307004868354776361e+00,1.197682600826225130e+00,9.635600726539653715e-01
-1.684571055659048078e+00,-5.700496510045713894e-01,-1.658277646829869445e+00,-1.288347493757788564e+00,-7.372939899916989281e-01
-2.718844439907009969e-01,-1.465234339888901172e-01,-2.466894846493191129e-01,-3.421145541992696160e-01,1.383436180169003826e+00
-5.899803436828094938e-01,-1.084331485952183982e+00,-5.737396745446667889e-01,-5.847165071428874761e-01,4.796350673823956412e-01
-1.809999012215270375e-01,7.005290000424724273e-01,-2.083825984273202370e-01,-2.670302451991347081e-01,-6.291225182251122261e-01
-6.723444605673736252e-01,5.376343011902875446e-01,-7.104911393371803330e-01,-6.455803030748151761e-01,-7.109627764695687357e-01
-1.383977717984766487e-01,-6.864030073275607657e-01,-1.960255383557077125e-01,-2.363139369718069149e-01,-1.388457783849766258e+00
-6.212219052597133251e-01,-2.442602533002015686e-01,-6.697128411008588245e-01,-6.179925077224927010e-01,-9.785448382079660057e-01
1.162387246585324441e+00,-1.372151654830511824e-01,1.166958187543166270e+00,1.075386188439641622e+00,1.312270738217302446e+00
2.762629545858790725e-01,6.353711205015981633e-01,2.179359740433160775e-01,1.647045315516411090e-01,-4.127795746919398212e-01
-7.405078676442541363e-01,-1.255798298507520838e-01,-7.673336156665983010e-01,-6.993338424726389668e-01,-7.972530635797693555e-02
1.443561300777456813e+00,-1.674670381270281783e-01,1.381147228784452174e+00,1.413834399462977176e+00,6.361990396761393329e-01
1.654974180859486999e-01,5.353072340638272975e-01,1.475007316351237274e-01,5.719195449082689273e-03,1.233988752070430683e+00
-3.059661475291410304e-01,4.735929230995685954e-03,-3.855004594537679297e-01,-3.631609135402164568e-01,-1.121587376530885694e+00
-1.564717064882199749e+00,-1.745218549866763835e+00,-1.549947420202065329e+00,-1.224070774689491214e+00,8.253190129190161872e-02
-1.123927032451706554e+00,-1.026154807790689460e+00,-1.129395475764848777e+00,-9.754962062572263282e-01,1.212639119484920647e+00
-1.570397348805273152e+00,3.933561393497804759e-01,-1.536766556125678695e+00,-1.231749851746323232e+00,1.988342436758465448e+00
3.485088785526095634e-02,6.656229931455751592e-01,1.833362058428005537e-01,-2.613475382370164177e-02,6.077328628954579148e-01
-1.407089186016913906e+00,-1.263515654689588041e+00,-1.349763047041940611e+00,-1.120545439552941502e+00,-1.362838224747153770e+00
-4.110514001059986655e-01,1.058897337517279436e+00,-3.822052434346712713e-01,-4.433646072449062281e-01,1.127240589142878280e+00
1.853784118167050854e-01,1.082168008781877466e+00,2.237026020767353407e-01,3.814196524459544102e-02,1.483067798901385848e+00
-1.324157040740042701e+00,4.003373407291601072e-01,-1.312279964824715650e+00,-1.096370567336989010e+00,5.721501419196082239e-01
-8.001508488365242089e-01,-5.809488318341846091e-02,-8.307665240342100299e-01,-7.417109714158969247e-01,-1.065366677389041783e+00
-1.447987230263042324e+00,-4.560233618080422047e-01,-1.366651029139811291e+00,-1.150124106734812912e+00,7.287141142133508609e-01
-3.826499804906318691e-01,-6.514970004306642748e-01,-4.365763077497666345e-01,-4.334102480971610549e-01,1.387526004337456542e-01
1.366877467815966529e+00,4.701493545229530335e-01,1.302885848330905150e+00,1.351264141962864818e+00,-4.462273324092393967e-01
-1.488033231920709465e+00,-1.082004418825724290e+00,-1.366651029139811291e+00,-1.168610773723482321e+00,1.045931882969293875e-01
8.726927665085827401e-01,1.217137902116544712e+00,9.156979660870429027e-01,7.807371576663847401e-01,7.642968351892015511e-01
-9.295550041388965512e-02,-8.143916992828491574e-01,-6.339309358706488040e-02,-2.013314748240165875e-01,3.088380066983122951e-01
-5.161366526828558010e-01,-6.445157990512846435e-01,-5.263709442701520747e-01,-5.232838906882317787e-01,-3.302276620279666064e-01
5.517567248549376524e-01,8.385621153062840227e-02,4.996769436760837846e-01,4.630508957226321387e-01,-3.330742797060345373e-01
-1.696393333753805355e-01,-1.943019255615845653e+00,-1.671923981886114519e-01,-2.721496299036892386e-01,2.329936558126632473e+00
1.114104833239201398e+00,-7.306172827302970241e-01,1.162839167519295724e+00,9.985954178713217777e-01,7.215975700181804786e-01
1.719055071046514893e+00,1.089149210161256320e+00,2.130808873128951841e+00,1.678335942531634428e+00,2.294353837150781672e+00
-3.599288447983384209e-01,-3.001098643352360651e-01,-3.616101433153168787e-01,-4.226026581653233860e-01,2.120530056439983435e-01
-7.603888613750110492e-01,3.910290722233203398e-01,-7.479742215544051831e-01,-7.206646120749500284e-01,9.849097052394764074e-01
-2.236020306445773986e-01,-7.981022293976306470e-01,-2.256824825275779989e-01,-3.836384523584352446e-01,8.141126445553930058e-01
3.150486619661003740e+00,1.307893520048476699e+00,3.275896439765056289e+00,3.478652896966688335e+00,7.073644816278408243e-01
1.412319739200553537e+00,1.629028783499927080e+00,1.529431949643803579e+00,1.356952347190147679e+00,1.789079199293701850e+00
-6.041810534904931140e-01,-8.469706390532859563e-01,-6.186369928048595090e-01,-6.017811228247363919e-01,6.189392312590830114e-02
1.230550653662205507e+00,-1.791023737593272769e-01,1.199910347734133298e+00,1.194838498212583699e+00,1.693537404729772711e-01
1.001741529706048350e-01,5.050553614198503016e-01,9.395347132480241781e-02,-1.902449728959795111e-02,-1.366576599193387309e-01
1.389598603508259478e+00,1.233427372001763445e+00,1.236981527948971316e+00,1.197682600826225130e+00,-4.319942440188996868e-01
-5.019359428751726249e-01,5.841756437194830509e-01,-5.020687261293137471e-01,-5.369355832337107115e-01,-6.148894298347715726e-01
1.456164243551918425e-01,-9.423803912381372161e-01,1.565625756876396213e-01,-8.501317619124686836e-03,1.198406031094579882e+00
1.399361404321180780e-01,1.100784545793555447e+00,1.071343354011889543e-01,2.221499060820343943e-02,-4.711352370923351240e-01
3.529467875473694116e-01,8.075740878596228134e-01,3.390351627451198557e-01,2.085037118017200874e-01,-3.103013382814900356e-01
-2.434830243753342838e-01,-1.054079613308207097e+00,-2.977653329453183728e-01,-2.934803995060003001e-01,-1.623303742290380880e+00
-1.923604690676740392e-01,-2.302978505414423060e-01,-2.211515605013200658e-01,-2.838104506196193477e-01,4.155861696258645321e-01
2.649023867397325982e-01,1.257434198069045106e-01,3.431541827689905122e-01,1.442269927334226820e-01,5.365674209437574227e-01
1.741776206738808952e+00,8.704049002740369412e-01,1.665359610431543125e+00,1.732373892190822495e+00,-3.971231774625657018e-01
-5.530584981828329250e-01,-3.373429383585926922e-01,-5.840372246043440407e-01,-5.795971224383328346e-01,5.792666861147774959e-01
-1.232704469578561168e+00,1.513411581979628440e-01,-1.229899564347298080e+00,-1.024983591734587973e+00,4.298192580162051857e-01
-7.177867319519606326e-01,-1.500876501588486178e+00,-7.261434154278895159e-01,-6.890950730635295729e-01,-4.647303473166825016e-01
8.313330120138458235e-02,1.117810170481460808e-01,1.034272173797056021e-01,-3.523588218735448918e-02,8.253190129190161872e-02
-1.469181976830870318e-01,1.324182989933695209e+00,-1.614257701551921886e-01,-2.053132184831145957e-01,-1.053448654605893958e-01
-2.029648303985755131e+00,-1.363579541127358796e+00,-1.984504032720443290e+00,-1.454443086394450635e+00,1.468834710511045971e+00
-5.530584981828329250e-01,2.863110515326300898e-01,-6.075156387404083702e-01,-5.579819425746577188e-01,-1.155035134248185269e+00
-1.207427206120885055e+00,2.567953336913373491e-02,-1.154109595908073826e+00,-1.014176001802750360e+00,2.946049183079725853e-01
-1.033042489682532539e+00,8.179497807621169305e-05,-1.011591503082141630e+00,-9.066689230071024452e-01,2.511939987174347522e-01
-2.889252957599212634e-01,-8.679142431914239619e-01,-1.960255383557077125e-01,-3.546286056992920543e-01,3.091406787009838730e+00
-7.064261641058136032e-01,-2.233166491620635075e-01,-6.919555492297612131e-01,-6.893794833248938492e-01,1.269571473046281262e+00
-5.019359428751726249e-01,-1.744482395064078095e-01,-5.337851803131193895e-01,-5.352291216655259420e-01,-8.248274835922912995e-01
2.312644741007682025e+00,8.851034578354870230e-02,2.505639695301202785e+00,2.429179032532983840e+00,2.579015604957587637e+00
-7.916304229519143254e-01,4.585140188906547953e-01,-8.027571878718877674e-01,-7.348851251431574028e-01,-6.241409372884930695e-01
-1.235544611540098314e+00,-5.351436441076748984e-01,-1.213835386254201731e+00,-1.037213232973246191e+00,5.223343325534167692e-01
-4.252521099136817861e-01,3.421606625676654190e-01,-4.044479515635737155e-01,-4.962649158586376896e-01,2.113413512244816106e-01
3.769102981679758185e-02,8.385621153062840227e-02,2.414143881793798241e-01,-7.107157511923714588e-02,-1.280286312083180666e+00
-1.027362205759459135e+00,2.095178363594575321e-01,-9.609275567885297020e-01,-9.120727179730213630e-01,1.127240589142878280e+00
-1.534043531697603546e+00,-8.050834307770098341e-01,-1.488162119844002040e+00,-1.205868517962185749e+00,1.326503826607643211e+00
-6.240620472212500269e-01,5.213448313050689231e-01,-6.359368769051173542e-01,-6.151484051088512706e-01,9.391837200417436915e-02
-1.470424351759182180e+00,-8.213729006622283446e-01,-1.368710539151746675e+00,-1.165197850587112782e+00,-1.238478803680324869e-01
2.109396894705352077e-01,-6.096097921543873754e-01,2.747784503727340177e-01,7.852822235830451969e-02,1.411902356949684245e+00
4.693926079703735765e-01,8.424800947565193043e-01,5.655812640580182293e-01,3.632228939838162973e-01,1.362086547583493790e+00
1.085703413623834157e+00,1.676306280831814377e-01,9.156979660870429027e-01,9.303369551439263363e-01,-8.782015650560673903e-01
-7.717494292211575235e-01,-1.970944061133362846e+00,-7.673336156665983010e-01,-7.155452273703953869e-01,-1.871851237050468908e-01
1.287353492892939100e+00,-5.048917714636971255e-01,1.212267407805746267e+00,1.200526703439866560e+00,6.433155838713087160e-01
2.874992849391945882e+00,2.118449034859168356e-01,3.057588378499899395e+00,3.145892891170635863e+00,3.440117452573174806e+00
1.058544368936780861e-01,-1.954654591248144335e+00,9.518917733196373410e-02,-4.035526689190901961e-02,9.777931610443060251e-01
-2.150816047599675152e-01,-6.747676716952616394e-01,-2.417466606206744584e-01,-2.883610148014458252e-01,-1.794100802974464282e+00
-7.875479060620653449e-02,-4.839481673255590644e-01,-1.453615920620957569e-01,-1.882486028012657353e-01,-6.056379223810509638e-01
-1.469181976830870318e-01,1.256698043266361697e+00,-1.733709282244174088e-01,-2.340386548808935652e-01,-2.690253819495034282e-01
1.383918319585186296e+00,-8.834675582739545674e-02,1.294647808283163837e+00,1.374016962871996483e+00,-1.009857632666714355e+00
2.762629545858790725e-01,-6.747676716952616394e-01,3.134972385971201980e-01,5.577540144917272208e-02,1.326503826607643211e+00
1.608289534546584187e+00,1.356761929704132452e+00,1.582979209954125333e+00,1.527598504008636171e+00,3.657703602596740766e-01
-5.502183562212962231e-01,-1.396158480897795817e+00,-5.309018662964100077e-01,-5.662298401542179560e-01,7.287141142133508609e-01
3.785080652012000613e-01,4.429607038081245785e-02,4.008204631031830334e-01,2.673766359040984364e-01,9.137442632877749160e-01
5.773180025087678580e-01,5.236718984315282821e-01,5.861763641773726219e-01,4.405824850748641941e-01,3.159545508934826219e-01
4.495116142396171632e-01,-1.247226184804369309e+00,4.131775231747955579e-01,3.037811493587094791e-01,-1.238478803680324869e-01
1.227710511700668361e+00,6.097733821105405516e-01,1.162839167519295724e+00,1.194838498212583699e+00,-1.466208217925770163e-01
-3.854901224521685155e-01,7.400891411922883023e-01,-4.221597376662187817e-01,-4.226026581653233860e-01,-4.134912291114565819e-01
-6.865451703750568013e-01,-6.096097921543873754e-01,-7.104911393371803330e-01,-6.578099443134733937e-01,6.219659512857985684e-01
-7.660691452980842309e-01,-9.074743843412402811e-01,-7.788668717334367164e-01,-7.254995865181405046e-01,2.114951886479568468e-03
2.336608251628286836e-01,-4.001737507730068755e-01,2.010479919454450370e-01,6.601417085828209519e-02,1.447485077925535046e+00
-8.086712747211346475e-01,-1.372887809633197786e+00,-7.813382837477593768e-01,-7.681611257227626277e-01,1.426135445340025010e+00
-1.246621165190091363e+00,-1.703331341590487380e+00,-1.265735038554974601e+00,-1.042048207416436778e+00,-2.747186173056392899e-01
5.631172927010841267e-01,-2.884745287029369942e-01,5.408671439147925142e-01,4.496836134385170380e-01,6.047061428687482143e-02
-7.660691452980842309e-01,-4.606774960609616998e-01,-7.541527515902116674e-01,-7.306189712226952571e-01,9.137442632877749160e-01
-3.485682769521913915e-01,-7.841398266388717175e-01,-3.389555331840271579e-01,-4.058224527448385799e-01,-6.824965996888883168e-01
-9.591987986825787349e-01,-1.005211203652551344e+00,-9.765798328792388849e-01,-8.520621528251861587e-01,-1.311599106541929016e+00
-6.325824731058599104e-01,-1.079677351699264598e+00,-5.708563605279575182e-01,-6.316442002679718559e-01,1.340736914997982865e+00
-6.609838927212265958e-01,-6.305533962925261582e-01,-5.346089843178939427e-01,-6.339194823588850669e-01,9.066277190926045337e-01
2.336608251628286836e-01,-1.209256955978326026e-01,2.418262901817671284e-01,9.843694065379485214e-02,-1.066078331808559376e+00
8.881358512445783338e-02,-9.563427939968960345e-01,8.242021525796390524e-02,-4.206172846009396948e-02,2.376725647466108038e-01
-1.099963521831099078e-01,-3.210534684733741262e-01,-1.585424561384822795e-01,-1.987717824717393222e-01,-1.204139289194859908e+00
-3.201668573368246506e-01,3.468147968205849141e-01,-3.484292792389298010e-01,-3.853449139266201806e-01,1.219755663680090807e+00
-1.678038729147513841e+00,3.281982598089062120e-01,-1.594020934457483607e+00,-1.282659288530505703e+00,-1.644121822805023891e-01
-1.248609264563167009e+00,-9.191097199735394074e-01,-1.161111929948654309e+00,-1.008772206836831442e+00,7.714133793843719333e-01
-8.455931202211112163e-01,-1.445026890553451127e+00,-8.690734102562088781e-01,-7.764090233023230869e-01,8.395521013093608376e-02
-2.775647279137742895e-01,-9.191097199735394074e-01,-2.742869188092540988e-01,-3.298849129606113983e-01,-1.793569250903588319e-01
-5.331775044520760121e-01,-3.140722670939944949e-01,-5.642659284897642014e-01,-5.534313783928312969e-01,-6.988646513377793079e-01
1.009019580662343873e+00,3.375065283147451467e-01,1.047506606850911126e+00,8.782898773142875370e-01,1.077424779776687824e+00
7.704476558932622510e-01,3.964193612789298354e-02,6.767948047025320601e-01,6.408073090752243184e-01,-1.559254844533849660e+00
-5.871402017212729030e-01,-1.524147172853083987e+00,-6.231679148311174421e-01,-5.867073789724365218e-01,-2.313076977151014568e-01
-9.165966692595283183e-01,-1.472951696070968541e+00,-9.588680467765943183e-01,-8.193549727683092643e-01,-1.509439035167659204e+00
-6.751846025289102160e-01,2.071907692329973683e-01,-6.536486630077623650e-01,-6.686175342453110071e-01,8.923946307022638802e-01
1.437881016854383631e+00,-7.794856923859523334e-01,1.414099388975418981e+00,1.428054912531184550e+00,-6.703984745570988890e-01
1.551486695315850595e+00,-2.652038574383396297e-01,1.595336270025737413e+00,1.590168761508748752e+00,1.113007500752538625e+00
-5.076162267982459175e-01,6.819124630307936696e-01,-4.991854121126044208e-01,-5.414861474155371335e-01,3.444207276741630408e-01
2.596658937161350433e+00,6.400252547545175474e-01,2.476806555134105636e+00,2.932585195147525248e+00,-8.518703515339371979e-01
2.393411090859024482e-01,1.094539499216867495e-01,1.454412216231883992e-01,1.004278124833440089e-01,-8.646801310852444411e-01
-9.449980888748951147e-01,-2.229248512170399099e+00,-9.555728307574977709e-01,-8.455207168138108020e-01,-2.990949699178649390e-02
7.534068041240425950e-01,-1.139444942184529852e-01,7.138659849173696337e-01,6.581563350184370664e-01,-5.487055688196892378e-01
9.493765994700731348e-01,1.254370976139901339e+00,9.939593465405892614e-01,9.377316219393942998e-01,6.077328628954579148e-01
2.393411090859024482e-01,-5.444519126135138887e-01,1.750981657950586856e-01,8.819817124468547209e-02,1.558323065021542941e-01
-5.132965107213190992e-01,-1.605594522279176317e+00,-5.403756123513131504e-01,-5.426237884609936835e-01,4.582854347968856046e-01
-1.980407529907472763e-01,7.920207727770893491e-02,-2.524561126827383761e-01,-2.545161936991123253e-01,-4.184728100480757385e-01
3.785080652012000613e-01,-1.721947878602165805e+00,4.337726232941499505e-01,2.332474045404007157e-01,2.087974055490848357e+00
-8.654741139518681292e-01,-1.065714948940505780e+00,-8.962589424137571426e-01,-8.025747673478246247e-01,3.017214625031419684e-01
-9.847600763364088294e-01,-9.633239953762752217e-01,-1.008296287063044971e+00,-8.682735377229425788e-01,-6.006563414444318072e-01
-1.549664312486055628e+00,-1.126218694228460659e+00,-1.546652204182968671e+00,-1.216391697632659197e+00,-3.544239122915445739e-01
-1.199474808628582245e+00,-2.861474615764776908e-01,-1.127335965752913394e+00,-1.002515181086820251e+00,4.481421705750065348e-02
6.625222613548685802e-01,1.909012993477788023e-01,7.138659849173696337e-01,5.062812554499823703e-01,1.387526004337456542e-01
-3.173267153752880043e-01,6.819124630307936696e-01,-4.102145795969929787e-01,-3.654361956311298343e-01,-2.408970221437165105e+00
-3.741295546060215416e-01,-1.449681024806370733e+00,-4.398715237688632373e-01,-4.154924016312196988e-01,-6.383740256788338341e-01
3.718515011968341000e+00,6.004651136047016724e-01,3.712512562295369634e+00,4.536659069241316899e+00,9.279773516781145704e-01
1.977507989546353429e+00,1.694186663040801344e+00,2.089618672890242834e+00,1.866046715031971726e+00,1.262454928851110880e+00
4.466714722780800728e-01,2.374426418769743641e-01,3.802253629838286408e-01,3.177172521655526882e-01,-2.777453373323529248e-02
-7.717494292211575235e-01,-1.016846539284850470e+00,-7.595074776212437095e-01,-7.192425607681293132e-01,-4.106446114333886510e-01
3.273855098935393171e-01,7.261267384335299280e-01,2.863117064395725442e-01,1.584475058016300564e-01,-4.120679202724231160e-01
-1.149488310105536648e+00,-9.726322638821146560e-01,-1.161935733953428640e+00,-9.595692316208339623e-01,-2.626204921738498066e-01
1.187948524239154535e+00,-1.651399710005688470e-01,1.096934847137361224e+00,1.098139009348773509e+00,-7.458338430259027207e-01
-6.865451703750568013e-01,-4.886023015784785040e-01,-7.121387473467283291e-01,-6.671954829384902919e-01,9.818829852127577973e-02
-6.581437507596900049e-01,-4.420609590492829422e-01,-6.878365292058905567e-01,-6.427362004611737456e-01,3.088380066983122951e-01
-5.189767946443923918e-01,-7.887939608917912127e-01,-5.411994163560872595e-01,-5.437614295064503445e-01,-1.107354288140546039e+00
2.633046197065108673e-02,8.913485044121749468e-01,9.889629535344765521e-02,-1.279536273920666434e-01,7.927630119698819700e-01
-3.854901224521685155e-01,4.934200257875512308e-01,-4.098026775946062572e-01,-4.194741452903179013e-01,-6.312574814836634518e-01
-1.251733420720857026e+00,-2.489143875531210359e-01,-1.286742040676716270e+00,-1.043185848461893217e+00,-1.911523782194771481e+00
-5.076162267982459175e-01,1.761671609708134856e+00,-4.456381518022825006e-01,-5.047972236995621476e-01,5.009846999679067325e-01
2.080995475089985614e-01,9.122921085503130634e-01,3.472732027928617238e-01,4.695868334688408502e-02,5.721501419196082239e-01
-3.457281349906547452e-01,-6.887300744540209019e-01,-3.887956754728645881e-01,-3.938772217675445830e-01,-1.206274252453411133e+00
-1.014759262985000382e-01,6.982019329160122911e-01,-5.515505353932358829e-02,-1.876797822785376268e-01,1.682331036366149446e+00
1.122625259123810837e+00,5.934839122253220411e-01,1.047506606850911126e+00,1.049789264916868303e+00,-1.611917271578109156e+00
1.435040874892846485e+00,7.447432754452077974e-01,1.463527629261869745e+00,1.402457989008411232e+00,-7.920913802945085402e-01
9.165372708599445195e-02,2.164990377388363307e-01,1.038391193820923236e-01,-3.466706166462606847e-02,1.679304316339437775e-01
-5.388577883751493047e-01,6.291260739249035505e-02,-5.531445744253123964e-01,-5.514405065632822511e-01,-3.560273234792237645e-02
9.692575932008300477e-01,7.062996357455836836e-03,9.527691463018804763e-01,8.438762356892256511e-01,-4.754051636094375199e-01
2.602339221084423837e+00,1.717457334305399375e+00,2.756899916757325819e+00,2.929741092533883595e+00,1.262454928851110880e+00
-9.011535845235303654e-02,1.037953733379141319e+00,-1.684816731732413295e-02,-1.623672690171285571e-01,2.557665972372077601e+00
-4.706943812982687381e-01,-1.604858367476485470e-01,-4.481095638166051054e-01,-4.919987619381754884e-01,2.341142926490261400e-01
2.819432385089523097e-01,-6.072827250279280165e-01,2.805450784061532810e-01,1.755121214834788890e-01,-5.408773702050021503e-01
-1.207427206120885055e+00,-4.699857645668006345e-01,-1.196535502153943886e+00,-1.022423899382310708e+00,8.923946307022638802e-01
8.187300692393864043e-01,2.258073062446760981e-01,7.303420650128533698e-01,7.093501820639835920e-01,-6.148894298347715726e-01
-2.889252957599212634e-01,7.563786110775069238e-01,-2.038516764010623039e-01,-3.569038877902054319e-01,2.732552857224615495e-01
3.245453679320026708e-01,-1.484587031703267446e+00,2.554190562605409553e-01,2.008246347448879587e-01,-1.034765537349810138e+00
1.832660749507982079e+00,6.632959260191158002e-01,1.760097070980572553e+00,1.806320560145500798e+00,-3.885833244283618537e-01
-6.496233248750801215e-01,-8.136555444801582548e-02,-6.779508811486001374e-01,-6.452958928134508998e-01,-5.444356423025877856e-01
3.971287646545106131e+00,-1.907377093916263755e-01,3.976129843823105858e+00,5.244840620038044854e+00,1.269571473046281262e+00
9.351758896623905137e-01,1.459152883268362455e+00,9.280550261586554273e-01,8.336374662801162572e-01,3.017214625031419684e-01
1.781003608604070712e-02,1.051916136137899693e+00,3.711099499538447755e-02,-1.256783453011532659e-01,-1.231362259485147687e-01
-7.591464864466991591e-02,-5.491060468664333838e-01,-4.156228746054976136e-02,-2.161208084149523756e-01,4.440523464065448955e-01
-6.354226150673965012e-01,-2.186625149091432074e-01,-6.033966187165377137e-01,-6.333506618361567364e-01,-1.943016679002162461e-01
-1.115406606567096670e+00,-4.211173549111448811e-01,-1.108800375645494496e+00,-9.490460519503605141e-01,-1.125857303047988145e+00
1.611129676508121333e+00,5.283260326844476662e-01,1.554146069787028628e+00,1.635674403327012305e+00,-1.800685795098765363e-01
1.534445843546630828e+00,3.067156267652075385e+00,1.484122729381224026e+00,1.615765685031521848e+00,-8.653917855047612573e-01
-1.355576298369400301e-01,-1.426410353541772924e+00,-1.684281041957727543e-01,-2.445618345513671521e-01,7.096532823098711598e-03
-1.611189074907701524e-01,-1.254207386183748607e+00,-1.391830620262891893e-01,-2.661770144150424344e-01,6.219659512857985684e-01
-1.121086890490169852e+00,-4.094820192788458102e-01,-1.105917061628784559e+00,-9.720832831208564562e-01,6.931313932375000597e-01
4.608721820857636930e-01,2.234802391182159342e-01,4.378916433180206069e-01,3.026435083132526516e-01,4.369358022113745688e-01
-2.434830243753342838e-01,-5.281624427282952672e-01,-3.055914709906729643e-01,-3.085541433583003368e-01,-8.476004250168358567e-01
6.041216550909107863e-02,-1.354271272621519362e+00,2.228252290944933434e-02,-3.893321558508827662e-02,1.921266818975217727e-01
-1.047243199490216048e+00,-8.911849144560217706e-01,-1.044131761270721270e+00,-9.251555899957720763e-01,6.361990396761393329e-01
2.478615349705123316e-01,-8.795495788237230883e-01,2.257621120886706689e-01,8.421642758558747777e-02,-9.002628520610942431e-01
-4.280922518752188766e-01,1.089149210161256320e+00,-4.374001117545412431e-01,-4.507592740403740805e-01,-1.233317120395057032e+00
-3.684492706829482489e-01,7.075102014218511703e-01,-2.763464288211893716e-01,-4.314193762676120647e-01,8.852780865070934979e-01
8.300906370855328786e-01,-4.878661467757951231e-02,8.827458058960759857e-01,6.829000277571180000e-01,1.262454928851110880e+00
-7.973107068749876181e-01,1.812867086490249857e+00,-8.324141320437580260e-01,-7.371604072340706137e-01,-1.959204628302411599e+00
-8.257121264903544144e-01,3.378983262597687443e+00,-8.723686262753055365e-01,-7.624729204954796558e-01,-1.320850613995650402e+00
1.812779755777226054e+00,1.982742986721814482e+00,1.747740010908960695e+00,1.888799535941103613e+00,-3.394791694816871597e-01
-1.295187592732368609e+00,-7.864668937653315206e-01,-1.308160944800844883e+00,-1.067360720677845931e+00,-8.340789910460119083e-01
-2.763223529854628990e-02,4.561869517641946037e-01,-8.975482173983853618e-02,-1.464402943807362467e-01,-4.028164128187015636e-01
2.579618085392130666e+00,1.787269348099192356e+00,2.534472835468298157e+00,2.887079553329261472e+00,-9.040012265073295306e-02
1.804259329892615726e+00,5.050553614198503016e-01,1.669478630455413670e+00,1.851826201963764351e+00,-9.116493227733669658e-01
2.633046197065108673e-02,1.992051255227654361e+00,2.393013091899735822e-02,-8.813619080108599235e-02,-1.005587706149613014e+00
9.465364575085369880e-01,4.651888980771190951e+00,8.827458058960759857e-01,7.557090546663398634e-01,1.252311664629227050e-01
-1.383977717984766487e-01,-8.586059746855849717e-01,-1.890232043151271746e-01,-2.263595778240617695e-01,-1.516024027291961451e-01
-4.848950911059524138e-01,-9.889217337673331665e-01,-5.502612604086031256e-01,-5.073569160518394128e-01,-1.216949068746166152e+00
-8.029909907980609107e-01,-2.558955889324998623e-01,-7.430313975257599735e-01,-7.550782537000119143e-01,-3.133280583081997361e-02
-1.071562102215732892e-01,1.042607867632060703e+00,-1.412425720382245176e-01,-1.845512694035319479e-01,-1.133685501662675232e+00
1.497523998046653260e+00,9.797770552176466863e-01,1.529431949643803579e+00,1.422366707303901689e+00,4.511688906017152778e-01
-1.035882631644069019e+00,1.327246211862841141e-01,-1.040012741246850725e+00,-9.021183588252762453e-01,7.571802909940312798e-01
-2.633640181060911689e-01,-4.327526905434440074e-01,-3.228913550909307539e-01,-3.222058359037792696e-01,-1.722935361022762679e+00
-3.514084189137280378e-01,-1.205338976528093298e+00,-2.891153908951892282e-01,-4.058224527448385799e-01,-6.234292828689763644e-01
-9.876002182979455313e-01,1.380032600968729817e+00,-9.868773829389160257e-01,-8.756682045184104313e-01,1.492473143778579557e-02
-7.405078676442541363e-01,-1.014519472158390778e+00,-7.455028095400825228e-01,-7.070129195294709845e-01,3.515372718693333676e-01
1.934905860123303567e+00,9.937394579764050606e-01,1.933095911983150117e+00,2.016784153554969983e+00,3.088380066983122951e-01
-7.461881515673273180e-01,-1.953918436445458429e-01,-7.698050276809208503e-01,-7.038844066544653888e-01,-2.071114474515224901e-01
1.591248682777364420e+00,1.234163526804451794e-01,1.595336270025737413e+00,1.567415940599616864e+00,7.002479374326704420e-01
9.010941861239499806e-01,-5.142000399695368928e-01,8.662697258005922496e-01,7.773242345300152012e-01,3.159545508934826219e-01
1.511724707854336769e+00,9.390063483915160256e-03,1.422337429023160960e+00,1.462184143894882382e+00,5.081012441630760046e-01
-4.751322902930266157e-02,-5.211812413489156359e-01,-2.220289334835609182e-02,-1.492843969943777049e-01,9.422104400684553349e-01
1.540126127469704231e+00,2.206141430861954245e+00,1.714787850717993001e+00,1.570260043213258294e+00,-2.676020731104689632e-01
3.387460777396862910e-01,-4.699857645668006345e-01,4.626057634612462111e-01,1.661265828584618243e-01,2.643064502714119524e+00
4.353109044319335430e-01,9.099650414238529272e-01,7.509371651322077623e-01,3.373415601996787583e-01,1.034725514605666863e+00
3.983890589319564191e-01,3.320806584436192921e+00,4.832008635806006036e-01,2.560002254495325480e-01,7.073644816278408243e-01
1.755976916546491573e+00,1.808212952237330473e+00,1.685954710550897406e+00,1.800632354918217937e+00,2.590221973321218396e-01
9.152948959316337119e-01,8.773861016534157953e-01,7.838893253231746794e-01,7.912603373368582993e-01,-6.931714159816433352e-01
8.982540441624129457e-01,6.609688588926556641e-01,9.239360061347847708e-01,8.330686457573878156e-01,-4.533438766044097235e-01
4.211101946242499228e-01,2.102539911621426061e-02,3.307971226973779877e-01,2.949644312564208559e-01,-1.278151348824629441e+00
8.698526245470467044e-01,6.470064561338971787e-01,8.086034454663997284e-01,7.776086447913790334e-01,6.402888638445949909e-02
1.875262878931032828e+00,2.753002205580004524e+00,1.801287271219281338e+00,2.173209797305251101e+00,-1.188662994314133442e-01
-1.001800928105629040e+00,-7.903848732155650814e-02,-9.345658286357559907e-01,-8.773746660865954228e-01,3.698601844281258766e-02
-1.525984816061602689e-01,5.934839122253220411e-01,-1.980850483676430407e-01,-2.670302451991347081e-01,-1.195599436160655227e+00
-3.570887028368017746e-01,-7.166548799715377616e-01,-3.949742055086711279e-01,-4.058224527448385799e-01,-1.501790938901616801e-01
-9.705593665287252092e-01,2.560591788886530940e-01,-9.255039845832401246e-01,-8.816408200070575685e-01,8.425788213360734247e-01
4.621145570140745840e-02,-5.747037852574908845e-01,-6.874781961809742215e-02,-6.339249806240503105e-02,-2.282295734763136075e+00
-8.058311327595979456e-01,-1.454335159059290561e+00,-8.130547379315650192e-01,-7.590599973591100058e-01,1.408875636922968799e-01
2.164957359007774418e+00,3.956832064762397794e-01,2.279093593988304356e+00,2.377985185487437203e+00,-1.672587999585703200e-01
-1.245485108405476327e+00,-8.423165048003664612e-01,-1.255025586492910517e+00,-1.038066463757338687e+00,-4.263010086627628259e-01
1.080023129700760975e+00,1.207829633610705944e+00,9.568881663257516879e-01,9.784022893144672661e-01,-5.558221130148595091e-01
-6.354226150673965012e-01,-4.490421604286625734e-01,-6.495296429838911534e-01,-6.236807129497756730e-01,1.860244641245403230e+00
-7.944705649134510272e-01,-1.193703640895794171e+00,-8.311784260365967514e-01,-7.346007148817932375e-01,-1.829151971879444949e-01
1.329955622315988961e+00,1.606494267038018064e-01,1.191672307686391985e+00,1.271629268780903432e+00,-5.074296124877025749e-01
-1.525984816061602689e-01,-3.373429383585926922e-01,-2.359800325872551952e-01,-2.348918856649861997e-01,-1.201292671516791977e+00
-7.875479060620653449e-02,-9.563427939968960345e-01,-1.227069819308060361e-01,-1.919459361989998558e-01,-8.541854171411381036e-02
1.429360590969773304e+00,1.701167864420180864e+00,1.409980368951548435e+00,1.374016962871996483e+00,4.013530812355238231e-01
-6.780247444904469178e-01,-1.226282580666231414e+00,-7.302624354517607275e-01,-6.472867646429999455e-01,-1.297366018151588252e+00
1.497523998046653260e+00,-2.582226560589599984e-01,1.451170569190257220e+00,1.393925681167486941e+00,5.223343325534167692e-01
6.000391382010608066e-01,-1.209256955978326026e-01,6.932708847980152411e-01,4.272152027907494820e-01,7.287141142133508609e-01
-3.514084189137280378e-01,-8.353353034209872741e-01,-3.249508651028660267e-01,-3.933084012448161970e-01,-1.293807746054003616e+00
-4.394528197213654064e-01,-2.070271792768449415e-01,-5.000092161173783634e-01,-4.718056333813209768e-01,-8.846064548317200682e-01
-6.212219052597133251e-01,3.421606625676654190e-01,-5.807420085852473823e-01,-6.083225588361117486e-01,-7.337357178941132929e-01
-3.514084189137280378e-01,-1.435718622047612136e+00,-4.151574036256381883e-01,-3.952992730743653538e-01,-1.907965510097186845e+00
-8.143515586442078291e-01,1.559952924508823113e-01,-7.516813395758891181e-01,-7.417109714158969247e-01,-1.150053553311567223e+00
-7.831099970673044419e-01,-9.300089008031492410e-02,-8.155261499458875685e-01,-7.363071764499781180e-01,-6.568770405862759398e-01
8.029315923984794989e-02,1.024727485423071321e-01,1.672720277497041219e-01,-1.106100997140195032e-02,-6.255642461275275901e-01
2.365009671243658296e-01,-4.413248042465920534e-02,2.084622279884129070e-01,9.217991490378348030e-02,-4.583254575410288800e-01
-3.343675671445082709e-01,-7.608691553742740199e-01,-3.636696533272522069e-01,-4.015562988243763787e-01,2.946049183079725853e-01
-6.467831829135435306e-01,-4.257714891640643762e-01,-6.767151751414387517e-01,-6.319286105293360212e-01,-8.995511976415774269e-01
-3.996908322598516361e-01,-1.282132191701266244e+00,-4.196883256518961769e-01,-4.629889152790322981e-01,2.204127563295614142e-02
-1.014759262985000382e-01,-1.400812615150715423e+00,-1.610138681528049120e-01,-2.053132184831145957e-01,-3.117246471205235014e-01
-9.137565272979917275e-01,-1.614902790785015751e+00,-9.403324566691753095e-01,-8.281716908705978319e-01,-7.956496523920931763e-01
-6.723444605673736252e-01,-2.675309245647989331e-01,-6.989578832703418065e-01,-6.364791747111623321e-01,2.362492559075773380e-01
3.769102981679758185e-02,-2.605497231854193019e-01,-3.085283539848526421e-02,-6.197044675558429500e-02,-2.177682535094135119e+00
-1.027362205759459135e+00,8.843673030327953155e-01,-1.034658015215818683e+00,-9.120727179730213630e-01,3.657703602596740766e-01
1.534445843546630828e+00,-9.067382295385560675e-02,1.545908029739287315e+00,1.598701069349673043e+00,1.326503826607643211e+00
-4.735345232598053844e-01,1.397058225656637453e-01,-4.752950959741528147e-01,-5.221462496427750066e-01,-8.433304984997334053e-01
1.693493793392684799e+00,1.063551471770198820e+00,1.760097070980572553e+00,1.684024147758917289e+00,8.283457329457327711e-01
-1.033042489682532539e+00,-1.581587696211892158e-01,-1.034246113213431295e+00,-9.117883077116571977e-01,7.429472026036915144e-01
-7.575487194134739033e-01,-2.628767903118794935e-01,-7.570360656069210492e-01,-7.161140478931236064e-01,-5.572454218538940296e-01
-7.177867319519606326e-01,1.210156700737165192e+00,-7.306743374541474489e-01,-6.760122010407789706e-01,-1.538616866367856328e+00
-2.633640181060911689e-01,-8.074104979034695262e-01,-3.253627671052533588e-01,-3.344354771424378203e-01,-8.006312333287123328e-01
-1.456223641951498671e+00,-1.137854029860759342e+00,-1.466743215719873650e+00,-1.162069337712106964e+00,-1.872382789121336044e+00
-1.781597592599903912e-01,-1.531128374232463063e+00,-2.586346427185449159e-01,-2.522409116081989477e-01,-1.608358999480523410e+00
-3.059661475291410304e-01,-1.268169788942507425e+00,-3.813814394298972732e-01,-3.534909646538355044e-01,-9.137842860319181915e-01
-6.893853123365938362e-01,-4.180541329819988799e-02,-7.265553174302767925e-01,-6.717460471203167138e-01,-5.849999442150576323e-01
1.370959984705814594e-01,-8.376623705474469661e-01,2.928485695002989997e-02,2.847201635821449209e-02,-1.436138629957406598e+00
-3.883302644137051618e-01,-1.377541943886117615e+00,-3.986813235301544522e-01,-4.288596839153346330e-01,-5.992330326053973977e-01
-7.348275837211808437e-01,-1.994214732397960654e+00,-7.512694375735018415e-01,-6.990494322112748016e-01,-7.394289532502491546e-01
-1.570681363001427133e+00,-1.604858367476485470e-01,-1.560244970261742470e+00,-1.233456313314508002e+00,7.856464677747115877e-01
-4.650140973751955009e-01,-5.677225838781112532e-01,-5.263709442701520747e-01,-4.928519927222678176e-01,-8.006312333287123328e-01
-5.530584981828329250e-01,-1.212320177907472596e+00,-6.062799327332469845e-01,-5.503028655178257011e-01,-1.353586717293432384e+00
1.162387246585324441e+00,-9.765502433323440534e-02,1.101053867161232436e+00,1.058321572757792817e+00,7.826197477480019427e-02
-1.444295045713044567e+00,-9.067382295385560675e-02,-1.313927572834264090e+00,-1.167188722416661717e+00,2.362492559075773380e-01
-4.820549491444157675e-01,-5.328165769812147623e-01,-5.506731624109904022e-01,-5.050816339609262018e-01,-1.479549549547944265e+00
-1.101205896759412939e+00,-7.236360813509173928e-01,-1.048250781294592482e+00,-9.405137441094361117e-01,6.931313932375000597e-01
1.713374787123441712e+00,8.618327865708855229e-02,1.611812350121221149e+00,1.760814918327237244e+00,-1.150053553311567223e+00
-3.599288447983384209e-01,-1.389177279518416297e+00,-3.768505174036393401e-01,-4.268688120857856427e-01,1.212639119484920647e+00
1.764497342431101901e+00,5.166906970521494280e-01,1.809525311267023762e+00,1.732373892190822495e+00,1.468834710511045971e+00
-5.473782142597596323e-01,-9.493615926175164033e-01,-5.749753805518281746e-01,-5.602572246655709298e-01,-6.853432173669562477e-01
-4.138915420675352563e-01,-4.630045631874210033e-01,-4.415191317784118441e-01,-4.692459410290437116e-01,4.582854347968856046e-01
-4.911099606252790524e-03,-1.491568233082646744e+00,-7.986917368254863037e-02,-1.091825501420328470e-01,-2.327310065541349227e-01
-5.956606276058832306e-01,-3.163993342204546866e-01,-6.540605650101490864e-01,-5.941020457679043743e-01,-1.389881092688800779e+00
6.085595640856711341e-01,3.305253269353663481e-01,6.150095043444688825e-01,4.516744852680661948e-01,1.461718166315875811e+00
6.057194221241350984e-01,6.027921807311609204e-01,6.397236244876939315e-01,4.889322295067692892e-01,1.433251989535195392e+00
5.403961570087911781e-01,-8.795495788237230883e-01,5.697002840818888858e-01,3.933703816884159821e-01,-1.032099022020391832e-01
-3.258471412598978878e-01,1.404419773683546202e-02,-3.068271769978342944e-01,-4.007030680402840495e-01,-4.058431328454151915e-02
-8.257121264903544144e-01,1.327246211862841141e-01,-8.249998960007908222e-01,-7.610508691886589405e-01,6.433155838713087160e-01
-8.171917006057445310e-01,-1.049425479055287491e+00,-8.480664081344677641e-01,-7.533717921318270339e-01,-9.465203893297009508e-01
-5.189767946443923918e-01,-6.274901743633792828e-02,-5.803301065828606609e-01,-5.417705576769012987e-01,-9.415388083930817942e-01
8.329307790470690254e-01,3.980102736026999710e-01,8.168414855141415964e-01,7.500208494390568914e-01,1.105890956557368243e+00
-3.230069992983612970e-01,-1.177414171010575661e+00,-3.249508651028660267e-01,-3.998498372561917757e-01,-1.238478803680324869e-01
1.318595054469842376e+00,4.980741600404707259e-01,1.274052708163809555e+00,1.243188242644488684e+00,-3.700803095209187488e-01
-1.158008735990146532e+00,-4.094820192788458102e-01,-1.135162103798267985e+00,-9.786247191322318129e-01,3.088380066983122951e-01
2.664822344238231722e+00,1.158961223955050190e+00,2.600377155850232214e+00,3.106075454579654949e+00,7.500637467988608975e-01
8.313330120138458235e-02,-6.398616647983651484e-01,8.983445130093177522e-02,-3.893321558508827662e-02,8.182024687238487193e-02
-1.284111039082375560e+00,-5.700496510045713894e-01,-1.249258958459491309e+00,-1.064801028325568666e+00,-8.219808659142233687e-01
-8.711543978749413109e-01,-1.007538270779011036e+00,-8.435354861082098310e-01,-7.991618442114548637e-01,4.938681557727363503e-01
1.577047972969680689e+00,5.562508382019654141e-01,1.562384109834771051e+00,1.533286709235919254e+00,1.145563501701676729e-01
-6.865451703750568013e-01,-8.935119815824819067e-01,-6.977221772631805319e-01,-6.671954829384902919e-01,1.326503826607643211e+00
-1.098365754797876459e+00,-1.065714948940505780e+00,-1.061431645370979115e+00,-9.479084109049038531e-01,1.750469758291141320e-01
-5.871402017212729030e-01,-9.067382295385560675e-02,-6.305821508740853121e-01,-5.960929175974534200e-01,-8.895880357683392248e-01
1.796981278936318205e-01,-1.058733747561126481e+00,1.194913954728020616e-01,3.927960629005228937e-02,-5.415890246245198547e-01
-7.547085774519372015e-01,-7.585420882478137727e-01,-7.805144797429853787e-01,-7.172516889385802674e-01,-3.985464863016001669e-01
-6.183817632981767343e-01,-1.007538270779011036e+00,-6.071037367380209826e-01,-6.489932262111849370e-01,1.383436180169003826e+00
-7.007458801827404216e-01,-5.165271070959962518e-01,-7.525051435806631162e-01,-6.652046111089412461e-01,-1.476702931869876334e+00
4.608721820857636930e-01,-1.620767490714236300e-02,6.232475443922101954e-01,2.949644312564208559e-01,1.988342436758465448e+00
3.295333859699375090e+00,-4.257714891640643762e-01,3.387109980409569676e+00,3.854074441967362930e+00,1.319387282412472828e+00
2.705826706628058353e-01,1.501040091544638466e+00,2.484167222199603897e-01,1.755121214834788890e-01,4.298192580162051857e-01
-8.484332621826479182e-01,-1.214647245033932288e+00,-8.538330361678870828e-01,-7.687299462454909582e-01,-1.680947750271259311e+00
-4.451331036444386435e-01,-5.111368180403883660e-02,-4.139216976184769137e-01,-4.809067617449736542e-01,-6.234292828689763644e-01
-3.059661475291410304e-01,-1.628129038741087109e-01,-2.833487628617699650e-01,-4.063912732675670214e-01,8.425788213360734247e-01
-7.307450668313328346e-02,-7.166548799715377616e-01,-1.420663760429991263e-01,-1.740280897330583609e-01,-6.355274080007657922e-01
-1.490873373882246167e+00,-8.842037130766425834e-01,-1.451090939629164245e+00,-1.177143081564406835e+00,-9.557718967834215595e-01
-1.332393452428499048e+00,-2.256437162885228387e-01,-1.324225122893941231e+00,-1.070204823291487362e+00,3.230710950886530042e-01
-4.508133875675123803e-01,-2.838203944500174991e-01,-5.168971982152489320e-01,-4.635577358017607397e-01,-1.565659734309503337e+00
-2.349625984907239007e-01,5.306530998109079134e-01,-2.771702328259639803e-01,-3.094073741423926660e-01,-7.501037695430051722e-01
-3.883302644137051618e-01,-1.046362257126140227e-01,-4.159812076304122419e-01,-4.501904535176456945e-01,2.844616540860876036e-02
6.738828292010150545e-01,-2.326249176679024699e-01,6.026524442728558029e-01,5.210705890409181862e-01,3.556270960377910795e-02
-2.065611788753571598e-01,-5.444519126135138887e-01,-2.672845847686735055e-01,-2.914895276764514764e-01,-1.209120870131479064e+00
1.792898762046469141e+00,5.795215094665635558e-01,1.723025890765735646e+00,1.814852867986425311e+00,-3.458840592573407813e-01
1.724735354969588297e+00,1.754690408328755336e+00,1.718906870741863768e+00,1.647050813781578249e+00,1.914150274780050398e-01
-5.445380722982224864e-01,-2.954557300823166255e-01,-5.626183204802156501e-01,-5.588351733587502146e-01,-2.882400512764622391e-01
2.153596791161628055e+00,-4.746398988197200741e-01,2.015476312460567687e+00,2.534410829237718321e+00,-1.793569250903588319e-01
2.238801050007728666e+00,6.074463149840804155e-01,2.274974573964432256e+00,2.352388261964664107e+00,7.073644816278408243e-01
6.312806997779651930e-01,9.309086455619909328e-01,7.015089248457571092e-01,5.276120250522934318e-01,7.541535709673224952e-02
3.018242322397091670e-01,-1.414775017909473798e+00,2.340001521364125370e-01,1.618604289379996231e-01,-1.190617855224036070e+00
2.057031964469380636e+00,-9.749593310085743481e-01,2.031952392556051645e+00,2.079354411055082341e+00,2.661387415272912227e-01
1.849701601277202734e+00,-4.513692275551218769e-01,1.764216091004444431e+00,1.934305177759367167e+00,-1.352343510803042659e-01
-1.241970619907935280e-01,-7.492338197419748935e-01,-1.700757122053207782e-01,-2.155519878922239618e-01,-9.493670070077688816e-01
5.801581444703048929e-01,-7.492338197419748935e-01,5.902953842012432784e-01,3.800030994043009369e-01,1.736236669900796670e-01
-1.010321353990238924e+00,2.164990377388363307e-01,-8.987303544280792478e-01,-9.004118972570912538e-01,-4.006814495601503379e-01
-1.895203271061368933e-01,2.075825671780206605e+00,-2.503966026708030479e-01,-2.639017323241290569e-01,-1.508015726328624684e+00
-1.327174878754034115e-01,-9.633239953762752217e-01,-1.523639261026763225e-01,-2.112858339717617606e-01,-9.735632572713468491e-01
-8.654741139518681292e-01,-1.069632928390741866e-01,-7.689812236761468522e-01,-8.341443063592448581e-01,1.796195743488872010e+00
-8.115114166826712383e-01,-1.472951696070968541e+00,-7.747478517095661710e-01,-7.638949718023004820e-01,1.945643171587445375e+00
-8.768346817980151586e-01,-1.014519472158390778e+00,-8.773114503039507461e-01,-8.025747673478246247e-01,-1.173538149155628485e+00
-5.899803436828094938e-01,7.982658193537830460e-01,-5.444946323751838069e-01,-5.889826610633497328e-01,-1.922198598487527388e+00
-4.934155169905622418e-01,-4.211173549111448811e-01,-4.666451539240242252e-01,-5.460367115973635554e-01,5.579170535292674593e-01
-2.406428824137976652e-01,-1.296094594460024618e+00,-2.545156226946737044e-01,-3.216370153810511612e-01,-9.059560874172311040e-01
1.342558565090448408e-01,9.309086455619909328e-01,8.242021525796390524e-02,2.790319583548639057e-02,-6.789383275913036808e-01
-5.445380722982224864e-01,-1.209993110781012682e+00,-5.432589263680225322e-01,-5.485964039496408207e-01,-1.087427964394069413e+00
-7.023436472159615140e-02,-7.282902156038367769e-01,-1.482449060788050832e-01,-1.657801921534981515e-01,-1.857438046311478574e+00
-8.115114166826712383e-01,-8.818766459501827804e-01,-7.656860076570501938e-01,-7.476835869045440619e-01,-9.045327785781965835e-01
1.540126127469704231e+00,9.122921085503130634e-01,1.521193909596062266e+00,1.476404656963089757e+00,3.301876392838233309e-01
-1.098365754797876459e+00,-1.645154663428992636e+00,-1.079967235478398013e+00,-9.479084109049038531e-01,2.561755796540529095e-01
-1.531771418128374362e+00,-5.700496510045713894e-01,-1.511640533980066037e+00,-1.196198569075804796e+00,5.365674209437574227e-01
3.870284910858099447e-01,1.583223595773416426e-01,4.296536032702792940e-01,2.554314049268044395e-01,1.397669268559344591e+00
2.125195371546261036e+00,6.958748657895529321e-01,2.159642013296048546e+00,2.139080565941553491e+00,1.447485077925535046e+00
-5.757796338751264287e-01,-3.652677438761103845e-01,-5.725039685375060694e-01,-5.935332252451761548e-01,4.654019789920559314e-01
-1.911180941393591029e-02,-4.909293687049386956e-01,-9.140242974938714293e-02,-1.302289094829797156e-01,-1.132262192823641822e+00
-1.753196172984537726e-01,-9.300089008031492410e-02,-1.593662601432568882e-01,-2.752781427786949453e-01,6.788983048471594062e-01
-3.769696965675581324e-01,-4.257714891640643762e-01,-3.673767713487361419e-01,-4.169144529380404696e-01,-1.132973847243158527e+00
-8.711543978749413109e-01,-1.037790143422988587e+00,-8.921399223898859310e-01,-7.869322029727964241e-01,-1.348605136356813228e+00
-6.609838927212265958e-01,-4.723128316932599380e-01,-6.882484312082772782e-01,-6.342038926202492322e-01,-3.907182876869120802e-01
1.074342845777687572e+00,4.026644078556194106e-01,1.335838008521872622e+00,9.644661865076240570e-01,1.895827362221254031e+00
-6.240620472212500269e-01,-1.950000456995224951e+00,-6.520010549982137027e-01,-6.034875843929212724e-01,-5.437239878830710804e-01
-3.315274251829711250e-01,-2.326249176679024699e-01,-3.208318450789948151e-01,-3.688491187674994287e-01,-1.626150359968448811e+00
-3.372077091060449172e-01,-7.259631484773766408e-01,-3.620220453177036002e-01,-4.189053247675894598e-01,1.729120125705629341e-01
-5.076162267982459175e-01,-1.009865337905471172e+00,-5.634421244849896482e-01,-5.284032753927861981e-01,-6.789383275913036808e-01
-9.052361014133818440e-01,-1.628129038741087109e-01,-8.888447063707892726e-01,-8.102538444046565314e-01,2.874883741128022585e-01
5.716377185856945653e-01,-1.030808942043609289e+00,5.079149837238255971e-01,4.127102794611778869e-01,-1.003632845239702531e-01
-3.627689867598750117e-01,4.841117572817122960e-01,-3.846766554489939316e-01,-3.992810167334633342e-01,-1.483819476065046716e+00
1.097063981469980742e+00,3.188899913030672217e-01,1.063982686946394418e+00,9.579247504962488113e-01,5.152177883582463869e-01
-5.274972205290027194e-01,-3.187264013469139901e-01,-5.584993004563449936e-01,-5.369355832337107115e-01,-6.768033643327524551e-01
-7.859501390288411438e-01,-4.001737507730068755e-01,-8.023452858695010459e-01,-7.254995865181405046e-01,-5.536871497563083944e-01
-8.768346817980151586e-01,-5.723767181310315255e-01,-8.670139002442736054e-01,-8.011527160410037984e-01,8.069961003602226235e-01
-1.343470006078492096e+00,5.562508382019654141e-01,-1.327108436910650946e+00,-1.098077028905173780e+00,-1.186347928706934507e+00
2.450213930089756853e-01,6.563147246397361689e-01,2.290573281077672996e-01,1.103821716310891821e-01,-7.977846156506444020e-01
2.847833804704894556e-01,2.448156412013771988e+00,1.952813639120257738e-01,1.837600190630390984e-01,-9.365572274564626376e-01
-6.354226150673965012e-01,4.375704147525167342e-01,-6.417035049385365619e-01,-6.288000976543303144e-01,9.747664410175904681e-02
-1.341197892509263134e+00,5.609049724548849092e-01,-1.333286966946457097e+00,-1.091251182632434258e+00,5.721501419196082239e-01
3.898686330473465356e-01,4.166268106143778405e-01,4.502487033896336865e-01,4.215269975634665101e-01,1.113007500752538625e+00
-4.053711161829253729e-01,-1.656789999061291763e+00,-4.567595058667343055e-01,-4.547410176994721165e-01,-6.056379223810509638e-01
-8.427529782595746255e-01,4.934200257875512308e-01,-8.657781942371123307e-01,-7.809595874841492869e-01,3.871199928451841132e-01
-7.263071578365705161e-01,-5.809488318341846091e-02,-7.319100434613087236e-01,-6.973429706430900321e-01,-7.757233286456176602e-01
1.598171341628749631e-01,-1.235590849172070183e+00,2.574785662724762836e-01,3.443913358169638315e-03,4.796350673823956412e-01
-7.149465899904240418e-01,-7.608691553742740199e-01,-6.800103911605359652e-01,-7.016091245635521778e-01,8.852780865070934979e-01
-1.327174878754034115e-01,-3.715127904528041369e-02,-1.033475878186129460e-01,-2.263595778240617695e-01,-4.120679202724231160e-01
-1.245485108405476327e+00,-3.947834617173973104e-02,-1.237313800390265728e+00,-1.038635284280067017e+00,7.927630119698819700e-01
-1.163689019913220157e+00,4.631681531435742349e-01,-1.185414148089492636e+00,-9.885790782799770415e-01,-1.081023074618415958e+00
-1.035882631644069019e+00,-1.002884136526091652e+00,-1.008296287063044971e+00,-9.137791795412061324e-01,1.280777841409906359e-01
-9.449980888748951147e-01,6.260628519957591731e-01,-9.547490267527231067e-01,-8.389792808024354454e-01,-5.942514516687782411e-01
-8.512734041441845090e-01,-6.212451277866863908e-01,-8.855494903516927252e-01,-7.786843053932360759e-01,-1.056826824354837768e+00
-3.996908322598516361e-01,-3.769030795084086782e-01,-4.526404858428630940e-01,-4.368231712335307604e-01,-1.238298701331676188e+00
2.194601153551455630e-01,7.540515439510475648e-01,4.172965431986662144e-01,8.563847889240820688e-02,2.213045130977198960e-01
-4.905753750290256510e-01,-3.745760123819493193e-01,-4.324572877258959780e-01,-5.321006087905202353e-01,6.433155838713087160e-01
1.719055071046514893e+00,5.825847313957088075e-02,1.723025890765735646e+00,1.692556455599841803e+00,1.205522575289750264e+00
1.332795764277526107e+00,6.237357848692990370e-01,1.307004868354776361e+00,1.294382089690035320e+00,3.871199928451841132e-01
2.080995475089985614e-01,-5.467789797399732477e-01,1.203151994775760736e-01,5.350011935825967069e-02,-5.067179580681858697e-01
-4.183294510622941054e-02,7.687501015124960368e-02,-3.497185542235591027e-02,-1.575322945739379421e-01,6.860148490423297885e-01
-3.570887028368017746e-01,5.825847313957088075e-02,-3.830290474394453248e-01,-4.143547605857632044e-01,-3.558472211305790389e-01
-2.479209333700966439e-02,-7.701774238801128991e-01,-9.016672374222582664e-02,-1.242562939943325367e-01,-8.383489175631142487e-01
-7.875479060620653449e-02,7.222087589833013632e-02,-1.354759440048052543e-01,-1.771566026080640399e-01,-6.775150187522691603e-01
-3.047237726008291195e-02,-8.446435719268261533e-01,-9.799286178758040422e-02,-1.376235762784475958e-01,-1.188482891965485733e+00
-8.967156755287715164e-01,-4.862752344520192005e-01,-8.336498380509194117e-01,-8.059876904841942746e-01,-5.131228478438394358e-01
8.925737602393396530e-01,1.426573943497926100e+00,8.415556056573672006e-01,7.790306960981997486e-01,-9.287290288417755502e-01
-9.863578433696340575e-02,-8.143916992828491574e-01,-1.482449060788050832e-01,-1.962120901194620570e-01,-5.828649809565065176e-01
-1.010321353990238924e+00,-2.256437162885228387e-01,-1.035893721222979957e+00,-8.930172304616235124e-01,-1.063231714130490557e+00
1.108424549316128216e+00,-5.677225838781112532e-01,1.051625626874781894e+00,9.530897760530582241e-01,-4.903499064192949342e-01
-6.070211954520297049e-01,1.303239385795557093e+00,-5.914514606473119107e-01,-6.074693280520192529e-01,4.725185231872253144e-01
1.028900574393100564e+00,2.033938463503930372e+00,1.043387586827039915e+00,9.291993140984698973e-01,2.568872340735706694e-01
1.910586957397788221e-01,-3.792301466348688144e-01,1.610934977138975543e-01,5.662863223326503048e-02,-3.252460810913474498e-01
1.143748627782879557e-01,1.171713061037531027e-02,9.395347132480241781e-02,1.368268276727901446e-02,-8.881647269293057034e-01
1.980348131507890574e+00,2.863110515326300898e-01,1.900143751792182645e+00,2.073666205827799480e+00,3.413940076474464291e-02
-6.411028989904702380e-01,5.236718984315282821e-01,-6.235798168335048297e-01,-6.339194823588850669e-01,-2.151351321572005926e+00
1.551486695315850595e+00,1.328837124186614593e+00,1.471765669309611502e+00,1.524754401394994741e+00,4.867516115775660235e-01
-6.041810534904931140e-01,2.080479806033125989e+00,-6.260512288478273790e-01,-6.040564049156496029e-01,-8.532936603729717184e-01
1.143748627782879557e-01,-1.235590849172070183e+00,7.788929323170597219e-02,-3.040090774416385339e-02,9.635600726539653715e-01
-4.280922518752188766e-01,-4.979105700843182714e-01,-4.674689579287982233e-01,-4.607136331881192537e-01,-7.493921151234874678e-01
-2.122414627984303970e-01,2.659919520521612402e+00,-2.318610125633839836e-01,-2.778378351309722105e-01,-2.782768894032239815e-01
-7.092663060673501940e-01,2.327148921437863116e+00,-7.043126093013737377e-01,-6.819848165294258857e-01,-1.985715944173186420e-01
-2.605238761445540230e-01,1.387013802348109337e+00,-3.241270610980920286e-01,-3.327290155742528843e-01,-6.013679958639486234e-01
-3.201668573368246506e-01,1.359088996830591700e+00,-3.855004594537679297e-01,-3.830696318357068031e-01,-9.016861609001286526e-01
-1.241792923855478570e+00,2.073498604653746469e+00,-1.247611350449942869e+00,-1.035222361143697256e+00,-1.175673112414179489e+00
8.386110629701423180e-01,1.829156556375468590e+00,7.921273653709165474e-01,7.850033115868468858e-01,1.864334465413859110e-01
3.775317851199075481e+00,1.624374649247007474e+00,3.910225523441172246e+00,5.250528825265327271e+00,8.568119097264130790e-01
7.745301727831133132e-02,1.791923482352111963e+00,1.157307084738483718e-02,-2.499711277824511607e-02,-1.879499333316506426e+00
-7.177867319519606326e-01,-2.163354477826839040e-01,-7.450909075376958013e-01,-6.888106628021655187e-01,-8.027661965872635585e-01
-2.718844439907009969e-01,-2.489143875531210359e-01,-3.167128250551241586e-01,-3.344354771424378203e-01,-1.544310101723992190e+00
-2.520034502599441395e-01,1.955554336006982696e-01,-2.100302064368682609e-01,-3.185085025060455099e-01,-9.621767865590751256e-01
-2.804048698753108804e-01,3.375065283147451467e-01,-2.466894846493191129e-01,-3.355731181878943703e-01,-6.839199085279228374e-01
-1.266502158920848276e+00,-2.768391930706378679e-01,-1.273149274597942249e+00,-1.048305233166447969e+00,-9.429621172321153155e-01
9.862984449700508138e-01,9.402169140678299231e-01,1.113410927232844960e+00,9.260708012234641906e-01,-2.469640949444756317e-01
-7.121064480288873400e-01,-2.582226560589599984e-01,-6.421154069409238385e-01,-6.999026629953672973e-01,1.504417431486895884e+00
-1.266786173117001812e+00,-1.860835751387069081e-01,-1.255437488495297460e+00,-1.040341745848251787e+00,-4.910615608388116948e-01
-5.928204856443466397e-01,2.059536201894987872e+00,-6.227560128287307206e-01,-5.830100455747027066e-01,-6.291225182251122261e-01
2.251403992782188279e-01,-1.014519472158390778e+00,1.845719118499618838e-01,9.104227385832694419e-02,-1.094544508589239795e+00
-5.274972205290027194e-01,2.485389486037128393e+00,-5.992775986926665022e-01,-5.389264550632598683e-01,-1.378494621976527945e+00
-9.222769531826016109e-01,-8.539518404326655876e-01,-8.880209023660152745e-01,-8.418233834160769868e-01,3.088380066983122951e-01
-3.684492706829482489e-01,-8.283541020416076428e-01,-3.739672033869294032e-01,-4.208961965971386165e-01,-4.241660454042125994e-01
2.065017804757733264e-02,2.886381186590902259e-01,1.816350288557810194e-02,-1.037787551761141097e-01,-5.017363771315667131e-01
-6.455408079852291425e-02,-6.212451277866863908e-01,-1.235307859355800481e-01,-1.578167048353021351e-01,-1.998345621375848147e+00
-7.490282935288640198e-01,-1.093639754458023416e+00,-7.405599855114378682e-01,-7.109946631885690760e-01,5.863832303099478782e-01
6.028792801625979525e-01,5.127727176019208216e-02,7.344610850367240262e-01,4.576471007567130544e-01,4.440523464065448955e-01
-5.587387821059061066e-01,-2.931286629558564893e-01,-5.634421244849896482e-01,-5.676518914610386712e-01,-3.907182876869120802e-01
-6.455408079852291425e-02,-1.155354065422288697e-02,-1.334164339928699539e-01,-1.478623456875569897e-01,-1.170691531477560554e+00
-1.866801851446002747e-01,-1.216974312160391980e+00,-1.914946163294497794e-01,-3.088385536196645575e-01,7.642968351892015511e-01
-1.213569200292569095e-01,-3.838842808877883095e-01,-1.733709282244174088e-01,-2.383048088013557664e-01,2.234394763562710939e-01
4.551918981626904559e-01,-1.863898973316213015e+00,4.461296833657624750e-01,2.625416614609081267e-01,5.650335977244378416e-01
-4.763746652213425303e-01,-6.701135374423421442e-01,-3.756148113964780100e-01,-5.067880955291110823e-01,-8.684185055314729007e-02
1.456164243551918425e-01,-5.677225838781112532e-01,9.230586331525381105e-02,3.160052923322018148e-02,-7.081161587915008049e-01
1.508884565892800733e+00,-1.092903599655335040e-01,1.488241749405094794e+00,1.456495938667599299e+00,8.923946307022638802e-01
-6.950655962596671289e-01,-7.259631484773766408e-01,-6.787746851533746906e-01,-6.666266624157620724e-01,1.169939854313899463e+00
7.278455264702123895e-01,2.118449034859168356e-01,6.232475443922101954e-01,5.765305900069269684e-01,-1.522248814718965448e+00
-5.331775044520760121e-01,7.331079398129095592e-01,-5.679730465112475812e-01,-5.357979421882541615e-01,-1.027648993154639756e+00
1.057301994008467805e+00,-1.410120883656554192e+00,9.321740461825260837e-01,9.590623915417053613e-01,-1.279574657663662851e+00
1.102744265393054812e+00,2.956193200384690245e-01,1.088696807089619911e+00,1.001439520484963319e+00,2.661387415272912227e-01
-4.735345232598053844e-01,-1.503203568714945870e+00,-5.411994163560872595e-01,-5.050816339609262018e-01,-1.611205617158592229e+00
-2.747245859522376432e-01,2.909651857855495849e-01,-3.257746691076400802e-01,-3.304537334833395068e-01,-1.637536830680721422e+00
2.109396894705352077e-01,2.141719706123769995e-01,1.709791457711880569e-01,7.397765817647809772e-02,-3.489107792840563660e-02
-4.195718259906084935e-01,-2.605497231854193019e-01,-3.822052434346712713e-01,-4.814755822677019292e-01,7.998795561650523522e-01
-4.706943812982687381e-01,-4.606774960609616998e-01,-4.744712919693787612e-01,-4.971181466427300188e-01,-5.038713403901179388e-01
1.239071079546814946e+00,-4.118090864053059463e-01,1.208148387781875055e+00,1.174929779917093242e+00,3.444207276741630408e-01
1.835500891469519003e+00,4.538598846377344675e-01,1.887786691720570786e+00,1.891643638554745044e+00,8.639284539215834613e-01
2.592221028166588059e-01,-5.933203222691696421e-01,2.784855683942179527e-01,9.815253039243063138e-02,1.757586302486308649e-01
-8.727521649081640409e-02,1.210156700737165192e+00,1.486828686648146956e-02,-1.677710639830473083e-01,1.411902356949684245e+00
-4.508133875675123803e-01,-6.910571415804802609e-01,-4.415191317784118441e-01,-5.079257365745676323e-01,1.383436180169003826e+00
2.545536381853690244e+00,1.257434198069045106e-01,2.476806555134105636e+00,2.921208784692959082e+00,-2.092464107100736881e-01
-1.380107837382315239e+00,-1.493895300209106880e+00,-1.255437488495297460e+00,-1.155243491439367443e+00,4.770911217069991217e+00
-1.264230045351618648e+00,-1.431064487794692308e+00,-1.147107261867493344e+00,-1.087553849234700332e+00,2.073740967100507593e+00
-5.416979303366858955e-01,1.746118294625602363e-01,-5.148376882033135482e-01,-5.739089172110498627e-01,9.422104400684553349e-01
-8.711543978749413109e-01,-5.048917714636971255e-01,-8.534211341654998062e-01,-8.202082035524016490e-01,1.639631771195129373e+00
6.170799899702815727e-01,-8.353353034209872741e-01,5.243910638193094442e-01,4.690235112112789428e-01,-1.487557850511272151e-01
3.785080652012000613e-01,1.084495075908336936e+00,4.873198836044712601e-01,2.173204299040083776e-01,1.561349785048257610e+00
-6.780247444904469178e-01,-1.070369083193425608e+00,-6.449987209576332203e-01,-6.509840980407338717e-01,-1.093832854169722202e+00
1.938988377013154407e-01,-1.068042016066965916e+00,1.108414534226728893e-01,7.340883765375000314e-02,-8.283857556898760466e-01
-2.065611788753571598e-01,2.863110515326300898e-01,-1.371235520143538611e-01,-2.792598864377929258e-01,1.013375882020156826e+00
1.285755725859715759e-01,-1.310056997218783437e+00,9.560107933435102456e-02,1.112299041500142832e-02,1.394642548532633863e-01
2.620622447781959519e-01,-5.111368180403883660e-02,2.179359740433160775e-01,1.337038130629490673e-01,-2.996265219887350173e-01
-7.916304229519143254e-01,-1.581587696211892158e-01,-7.912239318050492409e-01,-7.499588689954572729e-01,6.077328628954579148e-01
1.187948524239154535e+00,3.002734542913885196e-01,1.187553287662520773e+00,1.129424138098829689e+00,7.429472026036915144e-01
1.636690954161951428e+00,2.258073062446760981e-01,1.587098229977996100e+00,1.590168761508748752e+00,5.223343325534167692e-01
-3.542485608752646287e-01,-2.489143875531210359e-01,-3.097104910145436207e-01,-4.601448126653908677e-01,1.810428831879212774e+00
-3.911704063752417526e-01,-6.026285907750085213e-01,-3.896194794776385861e-01,-4.581539408358418219e-01,1.148590221728389427e+00
-1.372439454086166410e+00,-1.254207386183748607e+00,-1.318458494860522023e+00,-1.129362157655229959e+00,2.899260093740243960e+00
2.982918243930339663e+00,5.376343011902875446e-01,3.028755238332803579e+00,3.373421100261953853e+00,4.725185231872253144e-01
-8.143515586442078291e-01,1.257434198069045106e-01,-8.513616241535644225e-01,-7.587755870977457295e-01,-8.006312333287123328e-01
-1.185167780677197774e-01,-1.418692997359706498e-01,-1.334164339928699539e-01,-2.385892190627199871e-01,1.992432260926921272e-01
-1.215663617809341401e+00,-8.399894376739066582e-01,-1.193240286134847228e+00,-1.028680925132321899e+00,-1.024982477825214511e-01
-1.578065732101422425e+00,-1.440372756300531742e+00,-1.542121282156710738e+00,-1.233171903053143836e+00,5.152177883582463869e-01
-1.895203271061368933e-01,-1.255798298507520838e-01,-1.865517923008045420e-01,-2.951868610741852916e-01,7.927630119698819700e-01
-5.076162267982459175e-01,-1.633519327796693954e+00,-5.366684943298292154e-01,-5.301097369609711896e-01,-4.504972589263417926e-01
-5.319351295237641220e-02,-1.424083286415313232e+00,-6.833591761571011780e-02,-1.726060384262376179e-01,2.023925157734316471e+00
-5.843000597597362011e-01,-1.361252474000898882e+00,-5.823896165947960446e-01,-5.963773278588175852e-01,9.706766168491356428e-01
-6.751846025289102160e-01,-4.025008178994670116e-01,-6.622986050578909545e-01,-6.598008161430225504e-01,7.785299235795423156e-01
-6.979057382212037197e-01,1.699576952096407412e-01,-6.903079412202132170e-01,-6.788563036544204010e-01,3.728869044548434042e-01
-1.270372039523301466e-01,-6.887300744540209019e-01,-1.733709282244174088e-01,-2.257907573013333280e-01,-2.555039479786794243e-01
1.801419187931078580e+00,3.212170584295274134e-01,1.760097070980572553e+00,1.831917483668274116e+00,-3.416141327402383854e-01
-8.995558174903081072e-01,-3.885384151407077491e-01,-8.723686262753055365e-01,-8.227678959046789142e-01,3.627436402329584780e-02
1.824140323623372639e+00,3.654313338322627835e-01,1.887786691720570786e+00,1.857514407191047434e+00,5.863832303099478782e-01
4.053117177833420737e-02,7.587056782039670599e-01,7.418217521022203720e-02,-7.135598538060135276e-02,5.294508767485870404e-01
-6.922254542981305381e-01,1.198521365104866954e+00,-6.425273089433105600e-01,-7.067285092681069303e-01,1.938526627392274992e+00
-1.817205685262811121e+00,1.442863413383143945e+00,-1.811917093720253558e+00,-1.354046264132906519e+00,-1.094544508589239795e+00
-1.827998224716650633e+00,1.431228077750845706e+00,-1.797088621634318040e+00,-1.377936726087495067e+00,-6.889014894645419940e-01
-7.348275837211808437e-01,-1.128545761354920351e+00,-7.133744533538896038e-01,-7.166828684158520479e-01,2.476357266198490892e-01
9.733401100906820258e-02,1.326510057060154457e+00,1.582101836971882280e-01,4.297144142261951488e-03,-5.686318925661657531e-01
1.740178439705585833e-01,1.426573943497926100e+00,1.124890614322214960e-01,3.899519602868808249e-02,-9.685816763347278036e-01
-2.605238761445540230e-01,2.040919664883309004e+00,-2.919987049118991651e-01,-3.313069642674321136e-01,-6.867665262059907683e-01
-7.307450668313328346e-02,3.281982598089062120e-01,-9.057862574461313099e-02,-1.993406029944677360e-01,-4.129596770405825901e-02
-1.440780557215504132e-01,9.169462428032325585e-01,-1.968493423604817383e-01,-2.323321933127086014e-01,-2.775652349837072208e-01
-1.081324903028656026e+00,-6.840759402011006296e-01,-1.098090923583429968e+00,-9.385228722798871770e-01,-1.437742041145090577e-01
-1.098365754797876459e+00,-6.305533962925261582e-01,-1.075848215454527468e+00,-9.501836929958170641e-01,-5.401657157854853342e-01
-1.262241945978543001e+00,1.171713061037531027e-02,-1.273561176600329636e+00,-1.050011694734632961e+00,-8.148643217190529864e-01
-9.393178049518218220e-01,1.144998821196291816e+00,-9.506300067288524502e-01,-8.341443063592448581e-01,-1.027648993154639756e+00
-9.279572371056753477e-01,5.097094956727697967e-01,-9.662822828195616331e-01,-8.372728192342505649e-01,-1.569218006407087973e+00
-8.512734041441845090e-01,7.331079398129095592e-01,-8.435354861082098310e-01,-7.863633824500682046e-01,-4.983582073826306469e-02
-3.854901224521685155e-01,2.359727861208300137e+00,-4.374001117545412431e-01,-4.180520939834971306e-01,-9.678700219152109874e-01
-1.361646914632326899e+00,6.167545834899201829e-01,-1.357589185087295425e+00,-1.111728721450652824e+00,-2.818351615008096167e-01
-3.542485608752646287e-01,2.241047437758851402e+00,-3.900313814800258627e-01,-3.998498372561917757e-01,-1.076753148101314395e+00
-1.089845328913266576e+00,1.936201644192618865e+00,-1.083262451497494672e+00,-9.484772314276322946e-01,-4.312825895993819270e-01
-1.126767174413243033e+00,6.989380877186998631e-02,-1.121981239721880907e+00,-9.760650267799545476e-01,2.803718299176318762e-01
-1.336085636978496805e+00,1.999032456607032993e+00,-1.347291635027618284e+00,-1.090966772371070093e+00,-1.076753148101314395e+00
1.314157145475081945e-01,7.889575508479440558e-01,1.821004998356392512e-01,6.288015971811113450e-03,-8.276741012703592304e-01
-7.433480096057907272e-01,1.079840941655417330e+00,-7.187291793849222010e-01,-7.149764068476670564e-01,-2.668904186909522025e-01
-2.195195137547253580e-02,1.829156556375468590e+00,-2.426240336029199945e-02,-1.549726022216606769e-01,2.084947335464136797e-01
-8.313924104134281512e-01,2.345765458449541541e+00,-8.773114503039507461e-01,-7.647482025863928667e-01,-1.556408226855781729e+00
3.103446581243195501e-01,2.636648849257015037e+00,4.708438035089880791e-01,1.763653522675712182e-01,6.006163187002885318e-01
1.929225576200230163e+00,1.349780728324752710e+00,2.101975732961856025e+00,1.968434409123064999e+00,9.635600726539653715e-01
2.110994661738577083e+00,7.214726041806104329e-01,2.060785532723147018e+00,2.343855954123739593e+00,1.041842058800837245e+00
1.704854361238831384e+00,2.085133940286045373e+00,1.615931370145091694e+00,1.723841584349897982e+00,1.024582250383781895e-01
7.022842488163822949e-01,2.045573799136228832e+00,6.726757846786608486e-01,5.779526413137476837e-01,-8.404838808216654744e-01
1.838341033431056148e+00,2.336457189943701884e+00,1.982524152269600215e+00,1.735217994804463926e+00,1.525767064072406809e+00
-1.808401245182047479e+00,1.221792036369464318e+00,-1.814388505734575885e+00,-1.347789238382895327e+00,-3.112084787919974449e+00
