-4.706943812982687381e-01,-1.604858367476485470e-01,-4.481095638166051054e-01,-4.919987619381754884e-01,2.341142926490261400e-01
1.366877467815966529e+00,4.701493545229530335e-01,1.302885848330905150e+00,1.351264141962864818e+00,-4.462273324092393967e-01
3.785080652012000613e-01,4.429607038081245785e-02,4.008204631031830334e-01,2.673766359040984364e-01,9.137442632877749160e-01
-4.905753750290256510e-01,-3.745760123819493193e-01,-4.324572877258959780e-01,-5.321006087905202353e-01,6.433155838713087160e-01
-7.348275837211808437e-01,-1.128545761354920351e+00,-7.133744533538896038e-01,-7.166828684158520479e-01,2.476357266198490892e-01
1.838341033431056148e+00,2.336457189943701884e+00,1.982524152269600215e+00,1.735217994804463926e+00,1.525767064072406809e+00
2.238801050007728666e+00,6.074463149840804155e-01,2.274974573964432256e+00,2.352388261964664107e+00,7.073644816278408243e-01
9.777780190854403752e-01,-9.865946666408730303e-01,9.486501262780098198e-01,8.538305948369707687e-01,1.501390711460184046e-01
-2.236020306445773986e-01,-7.981022293976306470e-01,-2.256824825275779989e-01,-3.836384523584352446e-01,8.141126445553930058e-01
-6.455408079852291425e-02,-6.212451277866863908e-01,-1.235307859355800481e-01,-1.578167048353021351e-01,-1.998345621375848147e+00
-2.605238761445540230e-01,1.387013802348109337e+00,-3.241270610980920286e-01,-3.327290155742528843e-01,-6.013679958639486234e-01
7.534068041240425950e-01,-1.139444942184529852e-01,7.138659849173696337e-01,6.581563350184370664e-01,-5.487055688196892378e-01
2.393411090859024482e-01,1.094539499216867495e-01,1.454412216231883992e-01,1.004278124833440089e-01,-8.646801310852444411e-01
6.057194221241350984e-01,6.027921807311609204e-01,6.397236244876939315e-01,4.889322295067692892e-01,1.433251989535195392e+00
-5.076162267982459175e-01,-1.633519327796693954e+00,-5.366684943298292154e-01,-5.301097369609711896e-01,-4.504972589263417926e-01
1.412319739200553537e+00,1.629028783499927080e+00,1.529431949643803579e+00,1.356952347190147679e+00,1.789079199293701850e+00
1.938988377013154407e-01,-1.068042016066965916e+00,1.108414534226728893e-01,7.340883765375000314e-02,-8.283857556898760466e-01
-1.126767174413243033e+00,6.989380877186998631e-02,-1.121981239721880907e+00,-9.760650267799545476e-01,2.803718299176318762e-01
-2.029648303985755131e+00,-1.363579541127358796e+00,-1.984504032720443290e+00,-1.454443086394450635e+00,1.468834710511045971e+00
1.824140323623372639e+00,3.654313338322627835e-01,1.887786691720570786e+00,1.857514407191047434e+00,5.863832303099478782e-01
-9.295550041388965512e-02,-8.143916992828491574e-01,-6.339309358706488040e-02,-2.013314748240165875e-01,3.088380066983122951e-01
-5.757796338751264287e-01,-3.652677438761103845e-01,-5.725039685375060694e-01,-5.935332252451761548e-01,4.654019789920559314e-01
2.125195371546261036e+00,6.958748657895529321e-01,2.159642013296048546e+00,2.139080565941553491e+00,1.447485077925535046e+00
-1.163689019913220157e+00,4.631681531435742349e-01,-1.185414148089492636e+00,-9.885790782799770415e-01,-1.081023074618415958e+00
-7.177867319519606326e-01,1.210156700737165192e+00,-7.306743374541474489e-01,-6.760122010407789706e-01,-1.538616866367856328e+00
-1.696393333753805355e-01,-1.943019255615845653e+00,-1.671923981886114519e-01,-2.721496299036892386e-01,2.329936558126632473e+00
-2.406428824137976652e-01,-1.296094594460024618e+00,-2.545156226946737044e-01,-3.216370153810511612e-01,-9.059560874172311040e-01
-1.089845328913266576e+00,1.936201644192618865e+00,-1.083262451497494672e+00,-9.484772314276322946e-01,-4.312825895993819270e-01
-3.883302644137051618e-01,-1.046362257126140227e-01,-4.159812076304122419e-01,-4.501904535176456945e-01,2.844616540860876036e-02
8.726927665085827401e-01,1.217137902116544712e+00,9.156979660870429027e-01,7.807371576663847401e-01,7.642968351892015511e-01
-8.512734041441845090e-01,7.331079398129095592e-01,-8.435354861082098310e-01,-7.863633824500682046e-01,-4.983582073826306469e-02
-5.871402017212729030e-01,-1.524147172853083987e+00,-6.231679148311174421e-01,-5.867073789724365218e-01,-2.313076977151014568e-01
-1.245485108405476327e+00,-3.947834617173973104e-02,-1.237313800390265728e+00,-1.038635284280067017e+00,7.927630119698819700e-01
-1.270372039523301466e-01,-6.887300744540209019e-01,-1.733709282244174088e-01,-2.257907573013333280e-01,-2.555039479786794243e-01
-1.121086890490169852e+00,-4.094820192788458102e-01,-1.105917061628784559e+00,-9.720832831208564562e-01,6.931313932375000597e-01
-7.405078676442541363e-01,-1.255798298507520838e-01,-7.673336156665983010e-01,-6.993338424726389668e-01,-7.972530635797693555e-02
5.375560150472540322e-01,9.192733099296918065e-01,4.420106633418918185e-01,4.064532537111665289e-01,-1.017685831281402553e+00
-6.780247444904469178e-01,-1.226282580666231414e+00,-7.302624354517607275e-01,-6.472867646429999455e-01,-1.297366018151588252e+00
1.170907672469934990e+00,1.606494267038018064e-01,1.138125047376070009e+00,1.095294906735131857e+00,-1.231362259485147687e-01
1.399361404321180780e-01,1.100784545793555447e+00,1.071343354011889543e-01,2.221499060820343943e-02,-4.711352370923351240e-01
-1.033042489682532539e+00,8.179497807621169305e-05,-1.011591503082141630e+00,-9.066689230071024452e-01,2.511939987174347522e-01
2.705826706628058353e-01,1.501040091544638466e+00,2.484167222199603897e-01,1.755121214834788890e-01,4.298192580162051857e-01
-7.149465899904240418e-01,-7.608691553742740199e-01,-6.800103911605359652e-01,-7.016091245635521778e-01,8.852780865070934979e-01
-6.496233248750801215e-01,-8.136555444801582548e-02,-6.779508811486001374e-01,-6.452958928134508998e-01,-5.444356423025877856e-01
-6.354226150673965012e-01,-4.490421604286625734e-01,-6.495296429838911534e-01,-6.236807129497756730e-01,1.860244641245403230e+00
-7.916304229519143254e-01,4.585140188906547953e-01,-8.027571878718877674e-01,-7.348851251431574028e-01,-6.241409372884930695e-01
-1.372439454086166410e+00,-1.254207386183748607e+00,-1.318458494860522023e+00,-1.129362157655229959e+00,2.899260093740243960e+00
-1.336085636978496805e+00,1.999032456607032993e+00,-1.347291635027618284e+00,-1.090966772371070093e+00,-1.076753148101314395e+00
-6.979057382212037197e-01,1.699576952096407412e-01,-6.903079412202132170e-01,-6.788563036544204010e-01,3.728869044548434042e-01
-3.514084189137280378e-01,-8.353353034209872741e-01,-3.249508651028660267e-01,-3.933084012448161970e-01,-1.293807746054003616e+00
8.698526245470467044e-01,6.470064561338971787e-01,8.086034454663997284e-01,7.776086447913790334e-01,6.402888638445949909e-02
1.278833067008328550e+00,1.354434862577672094e+00,1.352314088617355914e+00,1.231811832189922740e+00,7.144810258230102074e-01
-2.889252957599212634e-01,7.563786110775069238e-01,-2.038516764010623039e-01,-3.569038877902054319e-01,2.732552857224615495e-01
-5.319351295237641220e-02,-1.424083286415313232e+00,-6.833591761571011780e-02,-1.726060384262376179e-01,2.023925157734316471e+00
-6.325824731058599104e-01,-1.079677351699264598e+00,-5.708563605279575182e-01,-6.316442002679718559e-01,1.340736914997982865e+00
-2.718844439907009969e-01,-2.489143875531210359e-01,-3.167128250551241586e-01,-3.344354771424378203e-01,-1.544310101723992190e+00
-1.101205896759412939e+00,-7.236360813509173928e-01,-1.048250781294592482e+00,-9.405137441094361117e-01,6.931313932375000597e-01
3.150486619661003740e+00,1.307893520048476699e+00,3.275896439765056289e+00,3.478652896966688335e+00,7.073644816278408243e-01
-1.838400431830636561e-01,3.561230653264238488e-01,-1.470092000716437808e-01,-2.721496299036892386e-01,3.728869044548434042e-01
-8.058311327595979456e-01,-1.454335159059290561e+00,-8.130547379315650192e-01,-7.590599973591100058e-01,1.408875636922968799e-01
-3.599288447983384209e-01,-3.001098643352360651e-01,-3.616101433153168787e-01,-4.226026581653233860e-01,2.120530056439983435e-01
1.579888114931217835e+00,4.561869517641946037e-01,1.566503129858641596e+00,1.558883632758692350e+00,9.422104400684553349e-01
2.110994661738577083e+00,7.214726041806104329e-01,2.060785532723147018e+00,2.343855954123739593e+00,1.041842058800837245e+00
7.745301727831133132e-02,1.791923482352111963e+00,1.157307084738483718e-02,-2.499711277824511607e-02,-1.879499333316506426e+00
-5.189767946443923918e-01,-6.274901743633792828e-02,-5.803301065828606609e-01,-5.417705576769012987e-01,-9.415388083930817942e-01
-4.280922518752188766e-01,1.089149210161256320e+00,-4.374001117545412431e-01,-4.507592740403740805e-01,-1.233317120395057032e+00
4.693926079703735765e-01,8.424800947565193043e-01,5.655812640580182293e-01,3.632228939838162973e-01,1.362086547583493790e+00
1.719055071046514893e+00,1.089149210161256320e+00,2.130808873128951841e+00,1.678335942531634428e+00,2.294353837150781672e+00
-6.581437507596900049e-01,-4.420609590492829422e-01,-6.878365292058905567e-01,-6.427362004611737456e-01,3.088380066983122951e-01
-3.258471412598978878e-01,1.404419773683546202e-02,-3.068271769978342944e-01,-4.007030680402840495e-01,-4.058431328454151915e-02
-1.014759262985000382e-01,6.982019329160122911e-01,-5.515505353932358829e-02,-1.876797822785376268e-01,1.682331036366149446e+00
4.693926079703735765e-01,-3.257076027262936213e-01,4.790818435567293920e-01,3.586723298019898198e-01,5.264241567218774093e-02
-1.911180941393591029e-02,-4.909293687049386956e-01,-9.140242974938714293e-02,-1.302289094829797156e-01,-1.132262192823641822e+00
6.625222613548685802e-01,1.909012993477788023e-01,7.138659849173696337e-01,5.062812554499823703e-01,1.387526004337456542e-01
-1.817205685262811121e+00,1.442863413383143945e+00,-1.811917093720253558e+00,-1.354046264132906519e+00,-1.094544508589239795e+00
-1.866801851446002747e-01,-1.216974312160391980e+00,-1.914946163294497794e-01,-3.088385536196645575e-01,7.642968351892015511e-01
-2.763223529854628990e-02,4.561869517641946037e-01,-8.975482173983853618e-02,-1.464402943807362467e-01,-4.028164128187015636e-01
-4.751322902930266157e-02,-5.211812413489156359e-01,-2.220289334835609182e-02,-1.492843969943777049e-01,9.422104400684553349e-01
-9.591987986825787349e-01,-1.005211203652551344e+00,-9.765798328792388849e-01,-8.520621528251861587e-01,-1.311599106541929016e+00
-8.115114166826712383e-01,-1.472951696070968541e+00,-7.747478517095661710e-01,-7.638949718023004820e-01,1.945643171587445375e+00
5.773180025087678580e-01,5.236718984315282821e-01,5.861763641773726219e-01,4.405824850748641941e-01,3.159545508934826219e-01
-8.171917006057445310e-01,-1.049425479055287491e+00,-8.480664081344677641e-01,-7.533717921318270339e-01,-9.465203893297009508e-01
1.001741529706048350e-01,5.050553614198503016e-01,9.395347132480241781e-02,-1.902449728959795111e-02,-1.366576599193387309e-01
1.934905860123303567e+00,9.937394579764050606e-01,1.933095911983150117e+00,2.016784153554969983e+00,3.088380066983122951e-01
1.080023129700760975e+00,1.207829633610705944e+00,9.568881663257516879e-01,9.784022893144672661e-01,-5.558221130148595091e-01
3.387460777396862910e-01,-4.699857645668006345e-01,4.626057634612462111e-01,1.661265828584618243e-01,2.643064502714119524e+00
-4.735345232598053844e-01,1.105438680046475053e+00,-3.294817871291240152e-01,-5.090633776200244043e-01,1.582699417633767647e+00
9.862984449700508138e-01,9.402169140678299231e-01,1.113410927232844960e+00,9.260708012234641906e-01,-2.469640949444756317e-01
-5.899803436828094938e-01,7.982658193537830460e-01,-5.444946323751838069e-01,-5.889826610633497328e-01,-1.922198598487527388e+00
-3.599288447983384209e-01,-1.389177279518416297e+00,-3.768505174036393401e-01,-4.268688120857856427e-01,1.212639119484920647e+00
-6.041810534904931140e-01,-8.469706390532859563e-01,-6.186369928048595090e-01,-6.017811228247363919e-01,6.189392312590830114e-02
-1.895203271061368933e-01,-1.255798298507520838e-01,-1.865517923008045420e-01,-2.951868610741852916e-01,7.927630119698819700e-01
2.592221028166588059e-01,-5.933203222691696421e-01,2.784855683942179527e-01,9.815253039243063138e-02,1.757586302486308649e-01
-8.313924104134281512e-01,2.345765458449541541e+00,-8.773114503039507461e-01,-7.647482025863928667e-01,-1.556408226855781729e+00
-8.257121264903544144e-01,1.327246211862841141e-01,-8.249998960007908222e-01,-7.610508691886589405e-01,6.433155838713087160e-01
-1.235544611540098314e+00,-5.351436441076748984e-01,-1.213835386254201731e+00,-1.037213232973246191e+00,5.223343325534167692e-01
1.704854361238831384e+00,2.085133940286045373e+00,1.615931370145091694e+00,1.723841584349897982e+00,1.024582250383781895e-01
-9.011535845235303654e-02,1.037953733379141319e+00,-1.684816731732413295e-02,-1.623672690171285571e-01,2.557665972372077601e+00
-8.455931202211112163e-01,-1.445026890553451127e+00,-8.690734102562088781e-01,-7.764090233023230869e-01,8.395521013093608376e-02
8.925737602393396530e-01,1.426573943497926100e+00,8.415556056573672006e-01,7.790306960981997486e-01,-9.287290288417755502e-01
4.466714722780800728e-01,2.374426418769743641e-01,3.802253629838286408e-01,3.177172521655526882e-01,-2.777453373323529248e-02
-1.246621165190091363e+00,-1.703331341590487380e+00,-1.265735038554974601e+00,-1.042048207416436778e+00,-2.747186173056392899e-01
1.114104833239201398e+00,-7.306172827302970241e-01,1.162839167519295724e+00,9.985954178713217777e-01,7.215975700181804786e-01
1.097063981469980742e+00,3.188899913030672217e-01,1.063982686946394418e+00,9.579247504962488113e-01,5.152177883582463869e-01
-9.393178049518218220e-01,1.144998821196291816e+00,-9.506300067288524502e-01,-8.341443063592448581e-01,-1.027648993154639756e+00
-6.751846025289102160e-01,-4.025008178994670116e-01,-6.622986050578909545e-01,-6.598008161430225504e-01,7.785299235795423156e-01
-5.076162267982459175e-01,6.819124630307936696e-01,-4.991854121126044208e-01,-5.414861474155371335e-01,3.444207276741630408e-01
2.545536381853690244e+00,1.257434198069045106e-01,2.476806555134105636e+00,2.921208784692959082e+00,-2.092464107100736881e-01
8.881358512445783338e-02,-9.563427939968960345e-01,8.242021525796390524e-02,-4.206172846009396948e-02,2.376725647466108038e-01
1.456164243551918425e-01,-5.677225838781112532e-01,9.230586331525381105e-02,3.160052923322018148e-02,-7.081161587915008049e-01
5.517567248549376524e-01,8.385621153062840227e-02,4.996769436760837846e-01,4.630508957226321387e-01,-3.330742797060345373e-01
-7.405078676442541363e-01,-1.014519472158390778e+00,-7.455028095400825228e-01,-7.070129195294709845e-01,3.515372718693333676e-01
2.633046197065108673e-02,1.992051255227654361e+00,2.393013091899735822e-02,-8.813619080108599235e-02,-1.005587706149613014e+00
1.875262878931032828e+00,2.753002205580004524e+00,1.801287271219281338e+00,2.173209797305251101e+00,-1.188662994314133442e-01
-1.447987230263042324e+00,-4.560233618080422047e-01,-1.366651029139811291e+00,-1.150124106734812912e+00,7.287141142133508609e-01
1.977507989546353429e+00,1.694186663040801344e+00,2.089618672890242834e+00,1.866046715031971726e+00,1.262454928851110880e+00
-1.407089186016913906e+00,-1.263515654689588041e+00,-1.349763047041940611e+00,-1.120545439552941502e+00,-1.362838224747153770e+00
-9.876002182979455313e-01,1.380032600968729817e+00,-9.868773829389160257e-01,-8.756682045184104313e-01,1.492473143778579557e-02
-1.123927032451706554e+00,-1.026154807790689460e+00,-1.129395475764848777e+00,-9.754962062572263282e-01,1.212639119484920647e+00
1.172150047398245742e-01,1.919912174307400354e+00,1.961051679168003825e-01,1.112299041500142832e-02,1.248221840460771226e+00
8.029315923984794989e-02,1.024727485423071321e-01,1.672720277497041219e-01,-1.106100997140195032e-02,-6.255642461275275901e-01
-7.660691452980842309e-01,-9.074743843412402811e-01,-7.788668717334367164e-01,-7.254995865181405046e-01,2.114951886479568468e-03
-5.331775044520760121e-01,-3.140722670939944949e-01,-5.642659284897642014e-01,-5.534313783928312969e-01,-6.988646513377793079e-01
1.636690954161951428e+00,2.258073062446760981e-01,1.587098229977996100e+00,1.590168761508748752e+00,5.223343325534167692e-01
-5.019359428751726249e-01,5.841756437194830509e-01,-5.020687261293137471e-01,-5.369355832337107115e-01,-6.148894298347715726e-01
1.980348131507890574e+00,2.863110515326300898e-01,1.900143751792182645e+00,2.073666205827799480e+00,3.413940076474464291e-02
2.109396894705352077e-01,-6.096097921543873754e-01,2.747784503727340177e-01,7.852822235830451969e-02,1.411902356949684245e+00
-1.266786173117001812e+00,-1.860835751387069081e-01,-1.255437488495297460e+00,-1.040341745848251787e+00,-4.910615608388116948e-01
-2.065611788753571598e-01,-5.444519126135138887e-01,-2.672845847686735055e-01,-2.914895276764514764e-01,-1.209120870131479064e+00
1.460602152546676580e+00,1.670915991776203091e+00,1.480003709357353481e+00,1.442275425599391925e+00,-1.672587999585703200e-01
1.097063981469980742e+00,-2.073335014697593515e+00,1.269933688139938344e+00,9.843749048031144033e-01,1.568466329243427992e+00
3.103446581243195501e-01,2.636648849257015037e+00,4.708438035089880791e-01,1.763653522675712182e-01,6.006163187002885318e-01
3.769102981679758185e-02,-2.605497231854193019e-01,-3.085283539848526421e-02,-6.197044675558429500e-02,-2.177682535094135119e+00
-6.893853123365938362e-01,-4.180541329819988799e-02,-7.265553174302767925e-01,-6.717460471203167138e-01,-5.849999442150576323e-01
3.245453679320026708e-01,-1.484587031703267446e+00,2.554190562605409553e-01,2.008246347448879587e-01,-1.034765537349810138e+00
3.444263616627595836e-01,-1.170432969631196363e+00,4.337726232941499505e-01,1.408140695970527823e-01,7.785299235795423156e-01
-1.753196172984537726e-01,-9.300089008031492410e-02,-1.593662601432568882e-01,-2.752781427786949453e-01,6.788983048471594062e-01
-1.035882631644069019e+00,1.327246211862841141e-01,-1.040012741246850725e+00,-9.021183588252762453e-01,7.571802909940312798e-01
1.456164243551918425e-01,-9.423803912381372161e-01,1.565625756876396213e-01,-8.501317619124686836e-03,1.198406031094579882e+00
9.165372708599445195e-02,2.164990377388363307e-01,1.038391193820923236e-01,-3.466706166462606847e-02,1.679304316339437775e-01
-8.768346817980151586e-01,-5.723767181310315255e-01,-8.670139002442736054e-01,-8.011527160410037984e-01,8.069961003602226235e-01
1.613969818469657369e+00,6.656229931455751592e-01,1.566503129858641596e+00,1.720997481736256551e+00,1.387526004337456542e-01
-1.098365754797876459e+00,-1.645154663428992636e+00,-1.079967235478398013e+00,-9.479084109049038531e-01,2.561755796540529095e-01
-3.514084189137280378e-01,-1.435718622047612136e+00,-4.151574036256381883e-01,-3.952992730743653538e-01,-1.907965510097186845e+00
-2.065611788753571598e-01,2.863110515326300898e-01,-1.371235520143538611e-01,-2.792598864377929258e-01,1.013375882020156826e+00
-3.315274251829711250e-01,-2.326249176679024699e-01,-3.208318450789948151e-01,-3.688491187674994287e-01,-1.626150359968448811e+00
1.028900574393100564e+00,2.033938463503930372e+00,1.043387586827039915e+00,9.291993140984698973e-01,2.568872340735706694e-01
1.832660749507982079e+00,6.632959260191158002e-01,1.760097070980572553e+00,1.806320560145500798e+00,-3.885833244283618537e-01
3.273855098935393171e-01,7.261267384335299280e-01,2.863117064395725442e-01,1.584475058016300564e-01,-4.120679202724231160e-01
-9.863578433696340575e-02,-8.143916992828491574e-01,-1.482449060788050832e-01,-1.962120901194620570e-01,-5.828649809565065176e-01
2.762629545858790725e-01,6.353711205015981633e-01,2.179359740433160775e-01,1.647045315516411090e-01,-4.127795746919398212e-01
-5.076162267982459175e-01,-1.009865337905471172e+00,-5.634421244849896482e-01,-5.284032753927861981e-01,-6.789383275913036808e-01
-1.684571055659048078e+00,-5.700496510045713894e-01,-1.658277646829869445e+00,-1.288347493757788564e+00,-7.372939899916989281e-01
-1.923604690676740392e-01,-2.302978505414423060e-01,-2.211515605013200658e-01,-2.838104506196193477e-01,4.155861696258645321e-01
-7.973107068749876181e-01,1.812867086490249857e+00,-8.324141320437580260e-01,-7.371604072340706137e-01,-1.959204628302411599e+00
2.312644741007682025e+00,8.851034578354870230e-02,2.505639695301202785e+00,2.429179032532983840e+00,2.579015604957587637e+00
1.497523998046653260e+00,9.797770552176466863e-01,1.529431949643803579e+00,1.422366707303901689e+00,4.511688906017152778e-01
-1.808401245182047479e+00,1.221792036369464318e+00,-1.814388505734575885e+00,-1.347789238382895327e+00,-3.112084787919974449e+00
2.080995475089985614e-01,-5.467789797399732477e-01,1.203151994775760736e-01,5.350011935825967069e-02,-5.067179580681858697e-01
-8.512734041441845090e-01,-6.212451277866863908e-01,-8.855494903516927252e-01,-7.786843053932360759e-01,-1.056826824354837768e+00
-1.251733420720857026e+00,-2.489143875531210359e-01,-1.286742040676716270e+00,-1.043185848461893217e+00,-1.911523782194771481e+00
-1.284111039082375560e+00,-5.700496510045713894e-01,-1.249258958459491309e+00,-1.064801028325568666e+00,-8.219808659142233687e-01
-1.149488310105536648e+00,-9.726322638821146560e-01,-1.161935733953428640e+00,-9.595692316208339623e-01,-2.626204921738498066e-01
-4.451331036444386435e-01,-5.111368180403883660e-02,-4.139216976184769137e-01,-4.809067617449736542e-01,-6.234292828689763644e-01
2.847833804704894556e-01,2.448156412013771988e+00,1.952813639120257738e-01,1.837600190630390984e-01,-9.365572274564626376e-01
-1.035882631644069019e+00,-1.002884136526091652e+00,-1.008296287063044971e+00,-9.137791795412061324e-01,1.280777841409906359e-01
-3.826499804906318691e-01,-6.514970004306642748e-01,-4.365763077497666345e-01,-4.334102480971610549e-01,1.387526004337456542e-01
1.740178439705585833e-01,1.426573943497926100e+00,1.124890614322214960e-01,3.899519602868808249e-02,-9.685816763347278036e-01
-1.199474808628582245e+00,-2.861474615764776908e-01,-1.127335965752913394e+00,-1.002515181086820251e+00,4.481421705750065348e-02
-8.727521649081640409e-02,1.210156700737165192e+00,1.486828686648146956e-02,-1.677710639830473083e-01,1.411902356949684245e+00
-3.514084189137280378e-01,-1.205338976528093298e+00,-2.891153908951892282e-01,-4.058224527448385799e-01,-6.234292828689763644e-01
-1.099963521831099078e-01,-3.210534684733741262e-01,-1.585424561384822795e-01,-1.987717824717393222e-01,-1.204139289194859908e+00
-2.150816047599675152e-01,-6.747676716952616394e-01,-2.417466606206744584e-01,-2.883610148014458252e-01,-1.794100802974464282e+00
1.598171341628749631e-01,-1.235590849172070183e+00,2.574785662724762836e-01,3.443913358169638315e-03,4.796350673823956412e-01
-3.457281349906547452e-01,-6.887300744540209019e-01,-3.887956754728645881e-01,-3.938772217675445830e-01,-1.206274252453411133e+00
-1.440780557215504132e-01,9.169462428032325585e-01,-1.968493423604817383e-01,-2.323321933127086014e-01,-2.775652349837072208e-01
9.152948959316337119e-01,8.773861016534157953e-01,7.838893253231746794e-01,7.912603373368582993e-01,-6.931714159816433352e-01
2.478615349705123316e-01,-8.795495788237230883e-01,2.257621120886706689e-01,8.421642758558747777e-02,-9.002628520610942431e-01
-6.609838927212265958e-01,-4.723128316932599380e-01,-6.882484312082772782e-01,-6.342038926202492322e-01,-3.907182876869120802e-01
1.143748627782879557e-01,-1.235590849172070183e+00,7.788929323170597219e-02,-3.040090774416385339e-02,9.635600726539653715e-01
-1.185167780677197774e-01,-1.418692997359706498e-01,-1.334164339928699539e-01,-2.385892190627199871e-01,1.992432260926921272e-01
-7.859501390288411438e-01,-4.001737507730068755e-01,-8.023452858695010459e-01,-7.254995865181405046e-01,-5.536871497563083944e-01
-1.534043531697603546e+00,-8.050834307770098341e-01,-1.488162119844002040e+00,-1.205868517962185749e+00,1.326503826607643211e+00
5.631172927010841267e-01,-2.884745287029369942e-01,5.408671439147925142e-01,4.496836134385170380e-01,6.047061428687482143e-02
1.239071079546814946e+00,-4.118090864053059463e-01,1.208148387781875055e+00,1.174929779917093242e+00,3.444207276741630408e-01
-1.185167780677197774e-01,3.584501324528832078e-01,-7.286683964196806473e-02,-2.189649110285938616e-01,1.604049050219278794e+00
9.733401100906820258e-02,1.326510057060154457e+00,1.582101836971882280e-01,4.297144142261951488e-03,-5.686318925661657531e-01
-1.667991914138439169e-01,-1.147162298366598554e+00,-1.857279882960305162e-01,-2.519565013468350601e-01,1.017465706188614427e-01
3.785080652012000613e-01,-1.721947878602165805e+00,4.337726232941499505e-01,2.332474045404007157e-01,2.087974055490848357e+00
-3.627689867598750117e-01,4.841117572817122960e-01,-3.846766554489939316e-01,-3.992810167334633342e-01,-1.483819476065046716e+00
1.443561300777456813e+00,-1.674670381270281783e-01,1.381147228784452174e+00,1.413834399462977176e+00,6.361990396761393329e-01
-4.706943812982687381e-01,-4.606774960609616998e-01,-4.744712919693787612e-01,-4.971181466427300188e-01,-5.038713403901179388e-01
-4.735345232598053844e-01,1.397058225656637453e-01,-4.752950959741528147e-01,-5.221462496427750066e-01,-8.433304984997334053e-01
-9.279572371056753477e-01,5.097094956727697967e-01,-9.662822828195616331e-01,-8.372728192342505649e-01,-1.569218006407087973e+00
-7.831099970673044419e-01,-9.300089008031492410e-02,-8.155261499458875685e-01,-7.363071764499781180e-01,-6.568770405862759398e-01
1.329955622315988961e+00,1.606494267038018064e-01,1.191672307686391985e+00,1.271629268780903432e+00,-5.074296124877025749e-01
-1.809999012215270375e-01,7.005290000424724273e-01,-2.083825984273202370e-01,-2.670302451991347081e-01,-6.291225182251122261e-01
-1.295187592732368609e+00,-7.864668937653315206e-01,-1.308160944800844883e+00,-1.067360720677845931e+00,-8.340789910460119083e-01
8.556519147393630842e-01,-6.724406045688022804e-01,9.898403265167186049e-01,7.332406440185722518e-01,1.582699417633767647e+00
-8.711543978749413109e-01,-1.037790143422988587e+00,-8.921399223898859310e-01,-7.869322029727964241e-01,-1.348605136356813228e+00
